# Blender 5.1.2
# www.blender.org
mtllib car.mtl
g WheelFront_Mesh
v -0.023327 0.012658 0.039265
v -0.023253 0.008260 0.039267
v -0.023327 0.012068 0.041464
v -0.024468 0.013333 0.039265
v -0.024468 0.012653 0.041801
v -0.024468 0.013693 0.039265
v -0.024468 0.012965 0.041981
v -0.024488 0.015490 0.039266
v -0.024488 0.014522 0.042881
v -0.018983 0.015914 0.039267
v -0.018983 0.014889 0.043094
v -0.023327 0.010459 0.043073
v -0.024468 0.010796 0.043658
v -0.024468 0.010976 0.043970
v -0.024083 0.012087 0.045895
v -0.018983 0.012087 0.045895
v -0.023327 0.008260 0.043663
v -0.024468 0.008260 0.044338
v -0.024468 0.008260 0.044698
v -0.024083 0.008260 0.046921
v -0.018983 0.008260 0.046921
v -0.023327 0.006061 0.043073
v -0.024468 0.005723 0.043658
v -0.024468 0.005543 0.043970
v -0.024083 0.004433 0.045895
v -0.018983 0.004433 0.045895
v -0.023327 0.004451 0.041464
v -0.024468 0.003867 0.041801
v -0.024468 0.003554 0.041981
v -0.024083 0.001631 0.043094
v -0.018983 0.001631 0.043094
v -0.023327 0.003862 0.039265
v -0.024468 0.003187 0.039265
v -0.024468 0.002826 0.039265
v -0.024083 0.000606 0.039267
v -0.018983 0.000606 0.039267
v -0.023327 0.004451 0.037066
v -0.024468 0.003867 0.036728
v -0.024468 0.003554 0.036548
v -0.024083 0.001631 0.035439
v -0.018983 0.001631 0.035439
v -0.023327 0.006061 0.035456
v -0.024468 0.005723 0.034872
v -0.024468 0.005543 0.034559
v -0.024083 0.004433 0.032638
v -0.018983 0.004433 0.032638
v -0.023327 0.008260 0.034867
v -0.024468 0.008260 0.034192
v -0.024468 0.008260 0.033831
v -0.024083 0.008260 0.031612
v -0.018983 0.008260 0.031612
v -0.023327 0.010459 0.035456
v -0.024468 0.010796 0.034872
v -0.024468 0.010976 0.034559
v -0.024083 0.012087 0.032638
v -0.018983 0.012087 0.032638
v -0.023327 0.012069 0.037066
v -0.024468 0.012653 0.036728
v -0.024468 0.012965 0.036548
v -0.024488 0.014522 0.035651
v -0.018983 0.014889 0.035439
v -0.018959 0.008260 0.039267
v -0.024083 0.015914 0.039267
v -0.024083 0.014889 0.043094
v -0.024488 0.011875 0.045528
v -0.024488 0.008260 0.046497
v -0.024488 0.004645 0.045528
v -0.024488 0.001999 0.042881
v -0.024488 0.001030 0.039266
v -0.024488 0.001999 0.035651
v -0.024488 0.004645 0.033005
v -0.024488 0.008260 0.032036
v -0.024488 0.011875 0.033005
v -0.024083 0.014889 0.035439
v -0.024488 0.015276 0.041146
v -0.024083 0.015687 0.041257
v -0.018983 0.015687 0.041257
v -0.024488 0.013396 0.044402
v -0.024083 0.013697 0.044704
v -0.018983 0.013697 0.044704
v -0.024488 0.010140 0.046282
v -0.024083 0.010250 0.046694
v -0.018983 0.010250 0.046694
v -0.024488 0.006380 0.046282
v -0.024083 0.006270 0.046694
v -0.018983 0.006270 0.046694
v -0.024488 0.003124 0.044402
v -0.024083 0.002823 0.044704
v -0.018983 0.002823 0.044704
v -0.024488 0.001245 0.041146
v -0.024083 0.000833 0.041257
v -0.018983 0.000833 0.041257
v -0.024488 0.001245 0.037386
v -0.024083 0.000833 0.037276
v -0.018983 0.000833 0.037276
v -0.024488 0.003125 0.034131
v -0.024083 0.002823 0.033829
v -0.018983 0.002823 0.033829
v -0.024488 0.006380 0.032251
v -0.024083 0.006270 0.031839
v -0.018983 0.006270 0.031839
v -0.024488 0.010140 0.032251
v -0.024083 0.010250 0.031839
v -0.018983 0.010250 0.031839
v -0.024488 0.013396 0.034130
v -0.024083 0.013697 0.033829
v -0.018983 0.013697 0.033829
v -0.024488 0.015276 0.037386
v -0.024083 0.015687 0.037276
v -0.018983 0.015687 0.037276
v -0.024468 0.013130 0.040570
v -0.024468 0.013476 0.040662
v -0.024468 0.011825 0.042830
v -0.024468 0.012079 0.043083
v -0.024468 0.009565 0.044135
v -0.024468 0.009658 0.044481
v -0.024468 0.006955 0.044135
v -0.024468 0.006862 0.044481
v -0.024468 0.004694 0.042830
v -0.024468 0.004441 0.043083
v -0.024468 0.003389 0.040570
v -0.024468 0.003043 0.040662
v -0.024468 0.003389 0.037960
v -0.024468 0.003043 0.037867
v -0.024468 0.004694 0.035699
v -0.024468 0.004441 0.035446
v -0.024468 0.006955 0.034394
v -0.024468 0.006862 0.034048
v -0.024468 0.009565 0.034394
v -0.024468 0.009658 0.034048
v -0.024468 0.011825 0.035699
v -0.024468 0.012079 0.035446
v -0.024468 0.013130 0.037960
v -0.024468 0.013476 0.037867
v -0.024468 0.013476 0.040662
v -0.024468 0.013476 0.040662
v -0.024468 0.012965 0.041981
v -0.024468 0.012965 0.041981
v -0.024468 0.012965 0.041981
v -0.024468 0.012965 0.041981
v -0.024468 0.012079 0.043083
v -0.024468 0.012079 0.043083
v -0.024468 0.010976 0.043970
v -0.024468 0.010976 0.043970
v -0.024468 0.010976 0.043970
v -0.024468 0.010976 0.043970
v -0.024468 0.009658 0.044481
v -0.024468 0.009658 0.044481
v -0.024468 0.008260 0.044698
v -0.024468 0.008260 0.044698
v -0.024488 0.008260 0.046497
v -0.024468 0.008260 0.044698
v -0.024468 0.008260 0.044698
v -0.024468 0.006862 0.044481
v -0.024468 0.006862 0.044481
v -0.024468 0.005543 0.043970
v -0.024468 0.005543 0.043970
v -0.024468 0.005543 0.043970
v -0.024468 0.005543 0.043970
v -0.024468 0.004441 0.043083
v -0.024468 0.004441 0.043083
v -0.024468 0.003554 0.041981
v -0.024468 0.003554 0.041981
v -0.024468 0.003554 0.041981
v -0.024468 0.003554 0.041981
v -0.024468 0.003043 0.040662
v -0.024468 0.003043 0.040662
v -0.024468 0.002826 0.039265
v -0.024468 0.002826 0.039265
v -0.024468 0.002826 0.039265
v -0.024468 0.002826 0.039265
v -0.024468 0.003043 0.037867
v -0.024468 0.003043 0.037867
v -0.024468 0.003554 0.036548
v -0.024468 0.003554 0.036548
v -0.024468 0.003554 0.036548
v -0.024468 0.003554 0.036548
v -0.024468 0.004441 0.035446
v -0.024468 0.004441 0.035446
v -0.024468 0.005543 0.034559
v -0.024468 0.005543 0.034559
v -0.024468 0.005543 0.034559
v -0.024468 0.005543 0.034559
v -0.024468 0.006862 0.034048
v -0.024468 0.006862 0.034048
v -0.024468 0.008260 0.033831
v -0.024468 0.008260 0.033831
v -0.024468 0.008260 0.033831
v -0.024468 0.008260 0.033831
v -0.024468 0.009658 0.034048
v -0.024468 0.009658 0.034048
v -0.024468 0.010976 0.034559
v -0.024468 0.010976 0.034559
v -0.024468 0.010976 0.034559
v -0.024468 0.010976 0.034559
v -0.024468 0.012079 0.035446
v -0.024468 0.012079 0.035446
v -0.024468 0.012965 0.036548
v -0.024468 0.012965 0.036548
v -0.024468 0.013693 0.039265
v -0.024468 0.012965 0.036548
v -0.024468 0.012965 0.036548
v -0.024468 0.013476 0.037867
v -0.024468 0.013476 0.037867
v -0.018983 0.015687 0.041257
v -0.018983 0.014889 0.043094
v -0.018983 0.015914 0.039267
v -0.018983 0.015687 0.041257
v -0.018983 0.013697 0.044704
v -0.018983 0.012087 0.045895
v -0.018983 0.014889 0.043094
v -0.018983 0.013697 0.044704
v -0.018983 0.010250 0.046694
v -0.018983 0.008260 0.046921
v -0.018983 0.012087 0.045895
v -0.018983 0.010250 0.046694
v -0.018983 0.006270 0.046694
v -0.018983 0.004433 0.045895
v -0.018983 0.008260 0.046921
v -0.018983 0.006270 0.046694
v -0.018983 0.002823 0.044704
v -0.018983 0.001631 0.043094
v -0.018983 0.004433 0.045895
v -0.018983 0.002823 0.044704
v -0.018983 0.000833 0.041257
v -0.018983 0.000606 0.039267
v -0.018983 0.001631 0.043094
v -0.018983 0.000833 0.041257
v -0.018983 0.000833 0.037276
v -0.018983 0.001631 0.035439
v -0.018983 0.000606 0.039267
v -0.018983 0.000833 0.037276
v -0.018983 0.002823 0.033829
v -0.018983 0.004433 0.032638
v -0.018983 0.001631 0.035439
v -0.018983 0.002823 0.033829
v -0.018983 0.006270 0.031839
v -0.018983 0.008260 0.031612
v -0.018983 0.004433 0.032638
v -0.018983 0.006270 0.031839
v -0.018983 0.010250 0.031839
v -0.018983 0.012087 0.032638
v -0.018983 0.008260 0.031612
v -0.018983 0.010250 0.031839
v -0.018983 0.013697 0.033829
v -0.018983 0.014889 0.035439
v -0.018983 0.012087 0.032638
v -0.018983 0.013697 0.033829
v -0.018983 0.015687 0.037276
v -0.018983 0.015914 0.039267
v -0.018983 0.014889 0.035439
v -0.018983 0.015687 0.037276
v -0.024083 0.006270 0.046694
v -0.024488 0.006380 0.046282
v -0.024083 0.006270 0.046694
v -0.018983 0.008260 0.046921
v -0.024083 0.008260 0.046921
v -0.024083 0.008260 0.046921
v -0.024083 0.006270 0.046694
v -0.024083 0.006270 0.046694
v -0.024488 0.006380 0.046282
v -0.024468 0.013693 0.039265
vn -0.9470 -0.3199 0.0301
vn -1.0000 -0.0000 -0.0000
vn -0.9470 -0.2921 -0.1339
vn -0.7066 -0.5653 -0.4257
vn -0.7107 -0.6795 -0.1821
vn -0.7065 -0.7024 -0.0861
vn -0.9948 0.0981 0.0263
vn -0.9565 0.2917 -0.0001
vn -0.9999 -0.0108 -0.0000
vn -0.9999 -0.0105 -0.0016
vn -0.9948 0.0980 0.0262
vn -0.9999 -0.0099 -0.0038
vn -0.9999 -0.0101 -0.0044
vn -0.9565 0.2526 0.1457
vn -0.0000 0.8844 0.4667
vn -0.0000 0.9776 0.2105
vn -0.0977 0.9487 0.3007
vn -0.0526 0.8463 0.5302
vn -0.9470 -0.1861 -0.2620
vn -0.7066 -0.2767 -0.6513
vn -0.7107 -0.4974 -0.4974
vn -0.9948 0.0718 0.0718
vn -0.9999 -0.0089 -0.0066
vn -0.9948 0.0717 0.0717
vn -0.9999 -0.0083 -0.0067
vn -0.9999 -0.0067 -0.0083
vn -0.9999 -0.0066 -0.0089
vn -0.9566 0.1458 0.2524
vn -0.0000 0.5326 0.8464
vn -0.0000 0.7414 0.6711
vn -0.0977 0.6713 0.7347
vn -0.0526 0.4678 0.8823
vn -0.9470 -0.0301 -0.3200
vn -0.7065 0.0861 -0.7024
vn -0.7107 -0.1821 -0.6795
vn -0.9948 0.0263 0.0980
vn -0.9999 -0.0044 -0.0101
vn -0.9948 0.0262 0.0979
vn -0.9999 -0.0038 -0.0099
vn -0.9999 -0.0016 -0.0105
vn -0.9999 -0.0013 -0.0110
vn -0.9068 -0.0006 0.4215
vn -0.0000 0.1134 0.9936
vn -0.0000 0.3065 0.9519
vn -0.0977 0.2140 0.9719
vn -0.1414 0.0970 0.9852
vn -0.9470 0.1339 -0.2921
vn -0.7066 0.4257 -0.5653
vn -0.7107 0.1821 -0.6795
vn -0.9999 0.0026 -0.0105
vn -0.9999 0.0012 -0.0110
vn -0.9999 0.0027 -0.0104
vn -0.9999 0.0016 -0.0105
vn -0.9999 0.0028 -0.0104
vn -0.9999 0.0038 -0.0099
vn -0.9999 0.0044 -0.0101
vn -0.9566 -0.1457 0.2524
vn -0.0000 -0.4667 0.8844
vn -0.0000 -0.2106 0.9776
vn -0.0000 -0.3065 0.9519
vn -0.0526 -0.5302 0.8462
vn -0.9470 0.2620 -0.1860
vn -0.7066 0.6513 -0.2767
vn -0.7107 0.4975 -0.4975
vn -0.9948 -0.0718 0.0718
vn -0.9565 -0.1458 0.2525
vn -0.9999 0.0066 -0.0089
vn -0.9948 -0.0718 0.0717
vn -0.9999 0.0067 -0.0083
vn -0.9948 -0.0717 0.0717
vn -0.9999 0.0083 -0.0067
vn -0.9999 0.0089 -0.0066
vn -0.9565 -0.2527 0.1457
vn -0.0000 -0.8464 0.5325
vn -0.0000 -0.6711 0.7413
vn -0.0977 -0.7348 0.6713
vn -0.0526 -0.8823 0.4678
vn -0.9470 0.3198 -0.0301
vn -0.7066 0.7024 0.0861
vn -0.7107 0.6795 -0.1821
vn -0.9948 -0.0981 0.0263
vn -0.9999 0.0101 -0.0044
vn -0.9948 -0.0980 0.0263
vn -0.9999 0.0099 -0.0038
vn -0.9999 0.0105 -0.0016
vn -0.9999 0.0110 -0.0013
vn -0.9565 -0.2918 -0.0001
vn -0.0000 -0.9993 0.0380
vn -0.0000 -0.9519 0.3065
vn -0.0977 -0.9719 0.2140
vn -0.0526 -0.9980 -0.0360
vn -0.9470 0.2920 0.1338
vn -0.7066 0.5653 0.4258
vn -0.7107 0.6795 0.1821
vn -0.9948 -0.0982 -0.0263
vn -0.9999 0.0110 0.0013
vn -0.9948 -0.0981 -0.0263
vn -0.9999 0.0105 0.0016
vn -0.9999 0.0099 0.0039
vn -0.9999 0.0101 0.0044
vn -0.9565 -0.2527 -0.1460
vn -0.0000 -0.8844 -0.4667
vn -0.0000 -0.9776 -0.2105
vn -0.0977 -0.9487 -0.3006
vn -0.0526 -0.8462 -0.5302
vn -0.9470 0.1859 0.2619
vn -0.7066 0.2767 0.6513
vn -0.7107 0.4974 0.4974
vn -0.9948 -0.0719 -0.0719
vn -0.9999 0.0089 0.0066
vn -0.9948 -0.0718 -0.0718
vn -0.9999 0.0083 0.0067
vn -0.9999 0.0067 0.0083
vn -0.9999 0.0066 0.0089
vn -0.9564 -0.1459 -0.2528
vn -0.0000 -0.5326 -0.8464
vn -0.0000 -0.7414 -0.6711
vn -0.0977 -0.6713 -0.7347
vn -0.0526 -0.4677 -0.8823
vn -0.9470 0.0301 0.3198
vn -0.7066 -0.0861 0.7024
vn -0.7107 0.1821 0.6795
vn -0.9948 -0.0263 -0.0982
vn -0.9999 0.0044 0.0101
vn -0.9948 -0.0263 -0.0981
vn -0.9999 0.0039 0.0099
vn -0.9999 0.0016 0.0105
vn -0.9999 0.0013 0.0110
vn -0.9564 -0.0000 -0.2919
vn -0.0000 -0.0380 -0.9993
vn -0.0000 -0.3065 -0.9519
vn -0.0977 -0.2140 -0.9719
vn -0.0526 0.0360 -0.9980
vn -0.9470 -0.1339 0.2920
vn -0.7066 -0.4257 0.5653
vn -0.7107 -0.1821 0.6795
vn -0.9948 0.0263 -0.0982
vn -0.9999 -0.0013 0.0110
vn -0.9948 0.0263 -0.0981
vn -0.9999 -0.0016 0.0105
vn -0.9999 -0.0039 0.0099
vn -0.9999 -0.0044 0.0101
vn -0.9565 0.1459 -0.2528
vn -0.0000 0.4667 -0.8844
vn -0.0000 0.2105 -0.9776
vn -0.0977 0.3006 -0.9487
vn -0.0526 0.5302 -0.8463
vn -0.9470 -0.2620 0.1860
vn -0.7066 -0.6513 0.2767
vn -0.7107 -0.4975 0.4975
vn -0.9948 0.0718 -0.0719
vn -0.9999 -0.0066 0.0089
vn -0.9948 0.0718 -0.0718
vn -0.9999 -0.0067 0.0083
vn -0.9999 -0.0083 0.0067
vn -0.9999 -0.0089 0.0066
vn -0.9565 0.2526 -0.1460
vn -0.0000 0.8464 -0.5326
vn -0.0000 0.6711 -0.7414
vn -0.0977 0.7347 -0.6713
vn -0.0526 0.8823 -0.4678
vn -0.7107 -0.6795 0.1821
vn -0.9948 0.0980 -0.0268
vn -0.9999 -0.0101 0.0044
vn -0.9948 0.0980 -0.0263
vn -0.9999 -0.0099 0.0039
vn -0.9999 -0.0105 0.0016
vn -0.0000 0.9993 -0.0380
vn -0.0000 0.9519 -0.3065
vn -0.0977 0.9719 -0.2140
vn -0.0526 0.9980 0.0360
vn 1.0000 0.0029 0.0013
vn 1.0000 -0.0000 -0.0000
vn 1.0000 -0.0001 -0.0000
vn 1.0000 0.0032 0.0004
vn 1.0000 0.0019 0.0026
vn 1.0000 0.0026 0.0019
vn 1.0000 0.0004 0.0032
vn 1.0000 0.0013 0.0029
vn 1.0000 -0.0013 0.0029
vn 1.0000 -0.0004 0.0032
vn 1.0000 -0.0026 0.0019
vn 1.0000 -0.0019 0.0026
vn 1.0000 -0.0032 0.0004
vn 1.0000 -0.0029 0.0013
vn 1.0000 -0.0029 -0.0013
vn 1.0000 -0.0032 -0.0004
vn 1.0000 -0.0019 -0.0026
vn 1.0000 -0.0001 -0.0001
vn 1.0000 -0.0026 -0.0019
vn 1.0000 -0.0004 -0.0032
vn 1.0000 -0.0013 -0.0029
vn 1.0000 0.0013 -0.0029
vn 1.0000 0.0004 -0.0032
vn 1.0000 0.0026 -0.0019
vn 1.0000 0.0001 -0.0001
vn 1.0000 0.0019 -0.0026
vn 1.0000 0.0032 -0.0004
vn 1.0000 0.0029 -0.0013
vn -0.7209 -0.0786 0.6885
vn -0.9068 -0.0006 0.4216
vn -0.7210 -0.0786 0.6885
vn -0.0000 -0.2104 0.9776
vn -0.0000 -0.1134 0.9936
vn -0.7210 -0.2762 0.6355
vn -0.9566 -0.1458 0.2525
vt 0.578507 0.600961
vt 0.578467 0.547188
vt 0.551615 0.593756
vt 0.546658 0.603067
vt 0.562792 0.607390
vt 0.578925 0.611712
vt 0.544364 0.607040
vt 0.561644 0.611670
vt 0.465448 0.750764
vt 0.465449 0.762505
vt 0.484741 0.762515
vt 0.484740 0.750767
vt 0.484738 0.739020
vt 0.465447 0.739023
vt 0.403087 0.739026
vt 0.403087 0.750711
vt 0.457570 0.750760
vt 0.457570 0.739024
vt 0.531932 0.574071
vt 0.523039 0.579447
vt 0.534849 0.591257
vt 0.519065 0.581741
vt 0.531714 0.594391
vt 0.465446 0.726252
vt 0.484738 0.726248
vt 0.484737 0.713476
vt 0.465445 0.713482
vt 0.403087 0.713449
vt 0.403087 0.726237
vt 0.457570 0.726252
vt 0.457570 0.713481
vt 0.524725 0.547182
vt 0.514392 0.547182
vt 0.518715 0.563314
vt 0.509806 0.547182
vt 0.514435 0.564461
vt 0.465445 0.701304
vt 0.484737 0.701299
vt 0.484737 0.689122
vt 0.465445 0.689126
vt 0.403087 0.689121
vt 0.403087 0.701285
vt 0.457570 0.701304
vt 0.457570 0.689127
vt 0.531932 0.520292
vt 0.523039 0.514916
vt 0.518715 0.531049
vt 0.519065 0.512622
vt 0.514435 0.529902
vt 0.465446 0.973838
vt 0.465446 0.986198
vt 0.484739 0.986198
vt 0.484739 0.973839
vt 0.484739 0.961481
vt 0.465447 0.961477
vt 0.403087 0.961567
vt 0.403087 0.973883
vt 0.457570 0.973840
vt 0.457570 0.961482
vt 0.551615 0.500607
vt 0.546658 0.491296
vt 0.534849 0.503106
vt 0.544364 0.487323
vt 0.531714 0.499973
vt 0.465448 0.948856
vt 0.484739 0.948863
vt 0.484739 0.936244
vt 0.465449 0.936235
vt 0.403087 0.936181
vt 0.403087 0.948874
vt 0.457570 0.948856
vt 0.457570 0.936229
vt 0.578507 0.493402
vt 0.578925 0.482651
vt 0.562791 0.486973
vt 0.578925 0.478063
vt 0.561644 0.482693
vt 0.465450 0.924566
vt 0.484739 0.924580
vt 0.484738 0.912916
vt 0.465450 0.912897
vt 0.403087 0.912873
vt 0.403087 0.924527
vt 0.457570 0.924560
vt 0.457570 0.912891
vt 0.605396 0.500607
vt 0.611188 0.491296
vt 0.595056 0.486973
vt 0.613483 0.487323
vt 0.596204 0.482693
vt 0.465451 0.901096
vt 0.484739 0.901103
vt 0.484739 0.889291
vt 0.465452 0.889295
vt 0.403087 0.889323
vt 0.403087 0.901098
vt 0.457570 0.901094
vt 0.457570 0.889297
vt 0.625079 0.520292
vt 0.634808 0.514916
vt 0.622998 0.503106
vt 0.638782 0.512622
vt 0.626132 0.499973
vt 0.465453 0.876578
vt 0.484741 0.876566
vt 0.484742 0.863841
vt 0.465454 0.863862
vt 0.403087 0.863864
vt 0.403087 0.876594
vt 0.457570 0.876582
vt 0.457570 0.863867
vt 0.632285 0.547182
vt 0.643455 0.547182
vt 0.639131 0.531049
vt 0.648044 0.547182
vt 0.643413 0.529902
vt 0.465454 0.851725
vt 0.484742 0.851717
vt 0.484742 0.839593
vt 0.465454 0.839589
vt 0.403087 0.839536
vt 0.403087 0.851700
vt 0.457570 0.851726
vt 0.457570 0.839585
vt 0.625079 0.574071
vt 0.634808 0.579447
vt 0.639132 0.563314
vt 0.638782 0.581741
vt 0.643413 0.564461
vt 0.465453 0.825410
vt 0.484741 0.825414
vt 0.484741 0.811235
vt 0.465453 0.811231
vt 0.403087 0.811277
vt 0.403087 0.825406
vt 0.457570 0.825409
vt 0.457570 0.811233
vt 0.605396 0.593756
vt 0.611189 0.603067
vt 0.622998 0.591257
vt 0.613483 0.607040
vt 0.626132 0.594390
vt 0.465452 0.798433
vt 0.484740 0.798436
vt 0.484739 0.785638
vt 0.465451 0.785635
vt 0.403087 0.785767
vt 0.403087 0.798522
vt 0.457570 0.798437
vt 0.457570 0.785642
vt 0.595057 0.607390
vt 0.578925 0.616300
vt 0.596204 0.611670
vt 0.465450 0.774070
vt 0.484740 0.774077
vt 0.403087 0.762396
vt 0.403087 0.774081
vt 0.457570 0.774069
vt 0.457570 0.762496
vt 0.595896 0.733138
vt 0.609457 0.727826
vt 0.580956 0.679385
vt 0.581490 0.735320
vt 0.620843 0.718735
vt 0.629931 0.707352
vt 0.635246 0.693788
vt 0.637425 0.679385
vt 0.635246 0.664982
vt 0.629931 0.651418
vt 0.620568 0.640035
vt 0.608923 0.630945
vt 0.595346 0.625632
vt 0.580956 0.623451
vt 0.566814 0.625632
vt 0.553522 0.630945
vt 0.542142 0.640035
vt 0.533049 0.651418
vt 0.527740 0.664982
vt 0.525556 0.679385
vt 0.527740 0.693789
vt 0.533049 0.707353
vt 0.542142 0.718735
vt 0.553522 0.727826
vt 0.567089 0.733138
vt 0.457570 0.825304
vt 0.465446 0.825302
vt 0.403087 0.986198
vt 0.457570 0.986198
s 1
usemtl 24_-_Default.001
f 1/1/1 2/2/2 3/3/3
f 3/3/3 5/4/4 111/5/5
f 3/3/3 111/5/5 4/6/6
f 3/3/3 4/6/6 1/1/1
f 5/4/4 7/7/2 112/8/2
f 112/8/2 111/5/5 5/4/4
f 75/9/7 8/10/8 6/11/9
f 75/9/7 6/11/9 135/12/10
f 75/9/11 136/12/12 137/13/12
f 75/9/7 138/13/13 9/14/14
f 11/15/15 77/16/16 76/17/17
f 76/17/17 64/18/18 11/15/15
f 3/3/3 2/2/2 12/19/19
f 12/19/19 13/20/20 113/21/21
f 12/19/19 113/21/21 5/4/4
f 12/19/19 5/4/4 3/3/3
f 13/20/20 14/22/2 114/23/2
f 114/23/2 113/21/21 13/20/20
f 78/24/22 9/14/14 139/13/23
f 78/24/24 140/13/25 141/25/25
f 78/24/24 142/25/26 143/26/26
f 78/24/22 144/26/27 65/27/28
f 16/28/29 80/29/30 79/30/31
f 79/30/31 15/31/32 16/28/29
f 12/19/19 2/2/2 17/32/33
f 17/32/33 18/33/34 115/34/35
f 17/32/33 115/34/35 13/20/20
f 17/32/33 13/20/20 12/19/19
f 18/33/34 19/35/2 116/36/2
f 116/36/2 115/34/35 18/33/34
f 81/37/36 65/27/28 145/26/37
f 81/37/38 146/26/39 147/38/39
f 81/37/38 148/38/40 149/39/40
f 81/37/36 150/39/41 66/40/42
f 21/41/43 83/42/44 82/43/45
f 82/43/45 20/44/46 21/41/43
f 17/32/33 2/2/2 22/45/47
f 22/45/47 23/46/48 117/47/49
f 22/45/47 117/47/49 18/33/34
f 22/45/47 18/33/34 17/32/33
f 23/46/48 24/48/2 118/49/2
f 118/49/2 117/47/49 23/46/48
f 84/50/50 151/51/51 152/52/51
f 84/50/52 153/52/53 154/53/53
f 84/50/54 155/53/55 156/54/55
f 84/50/54 157/54/56 67/55/57
f 26/56/58 86/57/59 85/58/60
f 85/58/60 25/59/61 26/56/58
f 22/45/47 2/2/2 27/60/62
f 27/60/62 28/61/63 119/62/64
f 27/60/62 119/62/64 23/46/48
f 27/60/62 23/46/48 22/45/47
f 28/61/63 29/63/2 120/64/2
f 120/64/2 119/62/64 28/61/63
f 87/65/65 67/55/66 158/54/67
f 87/65/68 159/54/69 160/66/69
f 87/65/70 161/66/71 162/67/71
f 87/65/65 163/67/72 68/68/73
f 31/69/74 89/70/75 88/71/76
f 88/71/76 30/72/77 31/69/74
f 27/60/62 2/2/2 32/73/78
f 32/73/78 33/74/79 121/75/80
f 32/73/78 121/75/80 28/61/63
f 32/73/78 28/61/63 27/60/62
f 33/74/79 34/76/2 122/77/2
f 122/77/2 121/75/80 33/74/79
f 90/78/81 68/68/73 164/67/82
f 90/78/83 165/67/84 166/79/84
f 90/78/83 167/79/85 168/80/85
f 90/78/81 169/80/86 69/81/87
f 36/82/88 92/83/89 91/84/90
f 91/84/90 35/85/91 36/82/88
f 32/73/78 2/2/2 37/86/92
f 37/86/92 38/87/93 123/88/94
f 37/86/92 123/88/94 33/74/79
f 37/86/92 33/74/79 32/73/78
f 38/87/93 39/89/2 124/90/2
f 124/90/2 123/88/94 38/87/93
f 93/91/95 69/81/87 170/80/96
f 93/91/97 171/80/98 172/92/98
f 93/91/97 173/92/99 174/93/99
f 93/91/95 175/93/100 70/94/101
f 41/95/102 95/96/103 94/97/104
f 94/97/104 40/98/105 41/95/102
f 37/86/92 2/2/2 42/99/106
f 42/99/106 43/100/107 125/101/108
f 42/99/106 125/101/108 38/87/93
f 42/99/106 38/87/93 37/86/92
f 43/100/107 44/102/2 126/103/2
f 126/103/2 125/101/108 43/100/107
f 96/104/109 70/94/101 176/93/110
f 96/104/111 177/93/112 178/105/112
f 96/104/111 179/105/113 180/106/113
f 96/104/109 181/106/114 71/107/115
f 46/108/116 98/109/117 97/110/118
f 97/110/118 45/111/119 46/108/116
f 42/99/106 2/2/2 47/112/120
f 47/112/120 48/113/121 127/114/122
f 47/112/120 127/114/122 43/100/107
f 47/112/120 43/100/107 42/99/106
f 48/113/121 49/115/2 128/116/2
f 128/116/2 127/114/122 48/113/121
f 99/117/123 71/107/115 182/106/124
f 99/117/125 183/106/126 184/118/126
f 99/117/125 185/118/127 186/119/127
f 99/117/123 187/119/128 72/120/129
f 51/121/130 101/122/131 100/123/132
f 100/123/132 50/124/133 51/121/130
f 47/112/120 2/2/2 52/125/134
f 52/125/134 53/126/135 129/127/136
f 52/125/134 129/127/136 48/113/121
f 52/125/134 48/113/121 47/112/120
f 53/126/135 54/128/2 130/129/2
f 130/129/2 129/127/136 53/126/135
f 102/130/137 72/120/129 188/119/138
f 102/130/139 189/119/140 190/131/140
f 102/130/139 191/131/141 192/132/141
f 102/130/137 193/132/142 73/133/143
f 56/134/144 104/135/145 103/136/146
f 103/136/146 55/137/147 56/134/144
f 52/125/134 2/2/2 57/138/148
f 57/138/148 58/139/149 131/140/150
f 57/138/148 131/140/150 53/126/135
f 57/138/148 53/126/135 52/125/134
f 58/139/149 59/141/2 132/142/2
f 132/142/2 131/140/150 58/139/149
f 105/143/151 73/133/143 194/132/152
f 105/143/153 195/132/154 196/144/154
f 105/143/153 197/144/155 198/145/155
f 105/143/151 199/145/156 60/146/157
f 61/147/158 107/148/159 106/149/160
f 106/149/160 74/150/161 61/147/158
f 57/138/148 2/2/2 1/1/1
f 1/1/1 4/6/6 133/151/162
f 1/1/1 133/151/162 58/139/149
f 1/1/1 58/139/149 57/138/148
f 4/6/6 200/152/2 134/153/2
f 134/153/2 133/151/162 4/6/6
f 108/154/163 60/146/157 201/145/164
f 108/154/165 202/145/166 203/155/166
f 108/154/163 204/155/167 6/11/9
f 108/154/163 6/11/9 8/10/8
f 10/156/168 110/157/169 109/158/170
f 109/158/170 63/159/171 10/156/168
f 205/160/172 206/161/172 62/162/173
f 62/162/174 207/163/175 208/160/175
f 209/164/176 210/165/176 62/162/173
f 62/162/173 211/161/177 212/164/177
f 213/166/178 214/167/178 62/162/173
f 62/162/173 215/165/179 216/166/179
f 217/168/180 218/169/180 62/162/173
f 62/162/173 219/167/181 220/168/181
f 221/170/182 222/171/182 62/162/173
f 62/162/173 223/169/183 224/170/183
f 225/172/184 226/173/184 62/162/173
f 62/162/173 227/171/185 228/172/185
f 229/174/186 230/175/186 62/162/173
f 62/162/173 231/173/187 232/174/187
f 233/176/188 234/177/188 62/162/173
f 62/162/189 235/175/190 236/176/190
f 237/178/191 238/179/191 62/162/173
f 62/162/173 239/177/192 240/178/192
f 241/180/193 242/181/193 62/162/173
f 62/162/173 243/179/194 244/180/194
f 245/182/195 246/183/195 62/162/196
f 62/162/196 247/181/197 248/182/197
f 249/184/198 250/163/198 62/162/173
f 62/162/173 251/183/199 252/184/199
f 76/17/17 63/159/171 8/10/8
f 8/10/8 75/9/7 76/17/17
f 79/30/31 64/18/18 9/14/14
f 9/14/14 78/24/22 79/30/31
f 82/43/45 15/31/32 65/27/28
f 65/27/28 81/37/36 82/43/45
f 253/185/200 20/44/46 66/40/42
f 66/40/201 254/186/202 255/185/202
f 88/71/76 25/59/61 67/55/66
f 67/55/66 87/65/65 88/71/76
f 91/84/90 30/72/77 68/68/73
f 68/68/73 90/78/81 91/84/90
f 94/97/104 35/85/91 69/81/87
f 69/81/87 93/91/95 94/97/104
f 97/110/118 40/98/105 70/94/101
f 70/94/101 96/104/109 97/110/118
f 100/123/132 45/111/119 71/107/115
f 71/107/115 99/117/123 100/123/132
f 103/136/146 50/124/133 72/120/129
f 72/120/129 102/130/137 103/136/146
f 106/149/160 55/137/147 73/133/143
f 73/133/143 105/143/151 106/149/160
f 109/158/170 74/150/161 60/146/157
f 60/146/157 108/154/163 109/158/170
f 77/16/16 10/156/168 63/159/171
f 63/159/171 76/17/17 77/16/16
f 80/29/30 11/15/15 64/18/18
f 64/18/18 79/30/31 80/29/30
f 83/42/44 16/28/29 15/31/32
f 15/31/32 82/43/45 83/42/44
f 86/57/203 256/187/204 257/188/204
f 258/188/204 85/58/60 86/57/59
f 89/70/75 26/56/58 25/59/61
f 25/59/61 88/71/76 89/70/75
f 92/83/89 31/69/74 30/72/77
f 30/72/77 91/84/90 92/83/89
f 95/96/103 36/82/88 35/85/91
f 35/85/91 94/97/104 95/96/103
f 98/109/117 41/95/102 40/98/105
f 40/98/105 97/110/118 98/109/117
f 101/122/131 46/108/116 45/111/119
f 45/111/119 100/123/132 101/122/131
f 104/135/145 51/121/130 50/124/133
f 50/124/133 103/136/146 104/135/145
f 107/148/159 56/134/144 55/137/147
f 55/137/147 106/149/160 107/148/159
f 110/157/169 61/147/158 74/150/161
f 74/150/161 109/158/170 110/157/169
f 9/14/14 64/18/18 76/17/17
f 76/17/17 75/9/7 9/14/14
f 65/27/28 15/31/32 79/30/31
f 79/30/31 78/24/22 65/27/28
f 66/40/42 20/44/46 82/43/45
f 82/43/45 81/37/36 66/40/42
f 67/55/66 25/59/61 259/185/205
f 260/185/205 261/186/205 67/55/206
f 68/68/73 30/72/77 88/71/76
f 88/71/76 87/65/65 68/68/73
f 69/81/87 35/85/91 91/84/90
f 91/84/90 90/78/81 69/81/87
f 70/94/101 40/98/105 94/97/104
f 94/97/104 93/91/95 70/94/101
f 71/107/115 45/111/119 97/110/118
f 97/110/118 96/104/109 71/107/115
f 72/120/129 50/124/133 100/123/132
f 100/123/132 99/117/123 72/120/129
f 73/133/143 55/137/147 103/136/146
f 103/136/146 102/130/137 73/133/143
f 60/146/157 74/150/161 106/149/160
f 106/149/160 105/143/151 60/146/157
f 8/10/8 63/159/171 109/158/170
f 109/158/170 108/154/163 8/10/8
f 112/8/2 262/152/2 4/6/6
f 4/6/6 111/5/5 112/8/2
f 114/23/2 7/7/2 5/4/4
f 5/4/4 113/21/21 114/23/2
f 116/36/2 14/22/2 13/20/20
f 13/20/20 115/34/35 116/36/2
f 118/49/2 19/35/2 18/33/34
f 18/33/34 117/47/49 118/49/2
f 120/64/2 24/48/2 23/46/48
f 23/46/48 119/62/64 120/64/2
f 122/77/2 29/63/2 28/61/63
f 28/61/63 121/75/80 122/77/2
f 124/90/2 34/76/2 33/74/79
f 33/74/79 123/88/94 124/90/2
f 126/103/2 39/89/2 38/87/93
f 38/87/93 125/101/108 126/103/2
f 128/116/2 44/102/2 43/100/107
f 43/100/107 127/114/122 128/116/2
f 130/129/2 49/115/2 48/113/121
f 48/113/121 129/127/136 130/129/2
f 132/142/2 54/128/2 53/126/135
f 53/126/135 131/140/150 132/142/2
f 134/153/2 59/141/2 58/139/149
f 58/139/149 133/151/162 134/153/2
g WheelBackR_Mesh.001
v -0.024741 0.012658 -0.021511
v -0.024666 0.008260 -0.021509
v -0.024741 0.012068 -0.019312
v -0.025882 0.013333 -0.021511
v -0.025882 0.012653 -0.018975
v -0.025882 0.013693 -0.021511
v -0.025882 0.012965 -0.018794
v -0.025901 0.015490 -0.021510
v -0.025901 0.014522 -0.017894
v -0.018983 0.015914 -0.021509
v -0.018983 0.014889 -0.017682
v -0.024741 0.010459 -0.017702
v -0.025882 0.010796 -0.017118
v -0.025882 0.010976 -0.016806
v -0.025496 0.012087 -0.014880
v -0.018983 0.012087 -0.014880
v -0.024741 0.008260 -0.017113
v -0.025882 0.008260 -0.016438
v -0.025882 0.008260 -0.016078
v -0.025496 0.008260 -0.013855
v -0.018983 0.008260 -0.013855
v -0.024741 0.006061 -0.017702
v -0.025882 0.005723 -0.017118
v -0.025882 0.005543 -0.016806
v -0.025496 0.004433 -0.014880
v -0.018983 0.004433 -0.014880
v -0.024741 0.004451 -0.019312
v -0.025882 0.003867 -0.018975
v -0.025882 0.003554 -0.018794
v -0.025496 0.001631 -0.017682
v -0.018983 0.001631 -0.017682
v -0.024741 0.003862 -0.021511
v -0.025882 0.003187 -0.021511
v -0.025882 0.002826 -0.021511
v -0.025496 0.000606 -0.021509
v -0.018983 0.000606 -0.021509
v -0.024741 0.004451 -0.023710
v -0.025882 0.003867 -0.024047
v -0.025882 0.003554 -0.024228
v -0.025496 0.001631 -0.025336
v -0.018983 0.001631 -0.025336
v -0.024741 0.006061 -0.025320
v -0.025882 0.005723 -0.025904
v -0.025882 0.005543 -0.026217
v -0.025496 0.004433 -0.028138
v -0.018983 0.004433 -0.028138
v -0.024741 0.008260 -0.025909
v -0.025882 0.008260 -0.026584
v -0.025882 0.008260 -0.026945
v -0.025496 0.008260 -0.029163
v -0.018983 0.008260 -0.029164
v -0.024741 0.010459 -0.025320
v -0.025882 0.010796 -0.025904
v -0.025882 0.010976 -0.026217
v -0.025496 0.012087 -0.028138
v -0.018983 0.012087 -0.028138
v -0.024741 0.012069 -0.023710
v -0.025882 0.012653 -0.024047
v -0.025882 0.012965 -0.024228
v -0.025901 0.014522 -0.025125
v -0.018983 0.014889 -0.025336
v -0.018959 0.008260 -0.021509
v -0.025496 0.015914 -0.021509
v -0.025496 0.014889 -0.017682
v -0.025901 0.011875 -0.015248
v -0.025901 0.008260 -0.014279
v -0.025901 0.004645 -0.015248
v -0.025901 0.001999 -0.017895
v -0.025901 0.001030 -0.021510
v -0.025901 0.001999 -0.025125
v -0.025901 0.004645 -0.027771
v -0.025901 0.008260 -0.028739
v -0.025901 0.011875 -0.027771
v -0.025496 0.014889 -0.025336
v -0.025901 0.015276 -0.019630
v -0.025496 0.015687 -0.019519
v -0.018983 0.015687 -0.019519
v -0.025901 0.013396 -0.016374
v -0.025496 0.013697 -0.016072
v -0.018983 0.013697 -0.016072
v -0.025901 0.010140 -0.014494
v -0.025496 0.010250 -0.014082
v -0.018983 0.010250 -0.014082
v -0.025901 0.006380 -0.014494
v -0.025496 0.006270 -0.014082
v -0.018983 0.006270 -0.014082
v -0.025901 0.003124 -0.016374
v -0.025496 0.002823 -0.016072
v -0.018983 0.002823 -0.016072
v -0.025901 0.001245 -0.019630
v -0.025496 0.000833 -0.019519
v -0.018983 0.000833 -0.019519
v -0.025901 0.001245 -0.023389
v -0.025496 0.000833 -0.023499
v -0.018983 0.000833 -0.023499
v -0.025901 0.003125 -0.026645
v -0.025496 0.002823 -0.026946
v -0.018983 0.002823 -0.026946
v -0.025901 0.006380 -0.028525
v -0.025496 0.006270 -0.028936
v -0.018983 0.006270 -0.028936
v -0.025901 0.010140 -0.028525
v -0.025496 0.010250 -0.028936
v -0.018983 0.010250 -0.028936
v -0.025901 0.013396 -0.026645
v -0.025496 0.013697 -0.026946
v -0.018983 0.013697 -0.026946
v -0.025901 0.015276 -0.023389
v -0.025496 0.015687 -0.023499
v -0.018983 0.015687 -0.023499
v -0.025882 0.013130 -0.020206
v -0.025882 0.013476 -0.020113
v -0.025882 0.011825 -0.017946
v -0.025882 0.012079 -0.017692
v -0.025882 0.009565 -0.016641
v -0.025882 0.009658 -0.016295
v -0.025882 0.006955 -0.016641
v -0.025882 0.006862 -0.016295
v -0.025882 0.004694 -0.017946
v -0.025882 0.004441 -0.017692
v -0.025882 0.003389 -0.020206
v -0.025882 0.003043 -0.020113
v -0.025882 0.003389 -0.022816
v -0.025882 0.003043 -0.022909
v -0.025882 0.004694 -0.025076
v -0.025882 0.004441 -0.025330
v -0.025882 0.006955 -0.026381
v -0.025882 0.006862 -0.026728
v -0.025882 0.009565 -0.026381
v -0.025882 0.009658 -0.026728
v -0.025882 0.011825 -0.025076
v -0.025882 0.012079 -0.025330
v -0.025882 0.013130 -0.022816
v -0.025882 0.013476 -0.022909
v -0.025882 0.013476 -0.020113
v -0.025882 0.013476 -0.020113
v -0.025882 0.012965 -0.018794
v -0.025882 0.012965 -0.018794
v -0.025882 0.012965 -0.018794
v -0.025882 0.012965 -0.018794
v -0.025882 0.012079 -0.017692
v -0.025882 0.012079 -0.017692
v -0.025882 0.010976 -0.016806
v -0.025882 0.010976 -0.016806
v -0.025882 0.010976 -0.016806
v -0.025882 0.010976 -0.016806
v -0.025882 0.009658 -0.016295
v -0.025882 0.009658 -0.016295
v -0.025882 0.008260 -0.016078
v -0.025882 0.008260 -0.016078
v -0.025901 0.008260 -0.014279
v -0.025882 0.008260 -0.016078
v -0.025882 0.008260 -0.016078
v -0.025882 0.006862 -0.016295
v -0.025882 0.006862 -0.016295
v -0.025882 0.005543 -0.016806
v -0.025882 0.005543 -0.016806
v -0.025882 0.005543 -0.016806
v -0.025882 0.005543 -0.016806
v -0.025882 0.004441 -0.017692
v -0.025882 0.004441 -0.017692
v -0.025882 0.003554 -0.018794
v -0.025882 0.003554 -0.018794
v -0.025882 0.003554 -0.018794
v -0.025882 0.003554 -0.018794
v -0.025882 0.003043 -0.020113
v -0.025882 0.003043 -0.020113
v -0.025882 0.002826 -0.021511
v -0.025882 0.002826 -0.021511
v -0.025882 0.002826 -0.021511
v -0.025882 0.002826 -0.021511
v -0.025882 0.003043 -0.022909
v -0.025882 0.003043 -0.022909
v -0.025882 0.003554 -0.024228
v -0.025882 0.003554 -0.024228
v -0.025882 0.003554 -0.024228
v -0.025882 0.003554 -0.024228
v -0.025882 0.004441 -0.025330
v -0.025882 0.004441 -0.025330
v -0.025882 0.005543 -0.026217
v -0.025882 0.005543 -0.026217
v -0.025882 0.005543 -0.026217
v -0.025882 0.005543 -0.026217
v -0.025882 0.006862 -0.026728
v -0.025882 0.006862 -0.026728
v -0.025882 0.008260 -0.026945
v -0.025882 0.008260 -0.026945
v -0.025882 0.008260 -0.026945
v -0.025882 0.008260 -0.026945
v -0.025882 0.009658 -0.026728
v -0.025882 0.009658 -0.026728
v -0.025882 0.010976 -0.026217
v -0.025882 0.010976 -0.026217
v -0.025882 0.010976 -0.026217
v -0.025882 0.010976 -0.026217
v -0.025882 0.012079 -0.025330
v -0.025882 0.012079 -0.025330
v -0.025882 0.012965 -0.024228
v -0.025882 0.012965 -0.024228
v -0.025882 0.013693 -0.021511
v -0.025882 0.012965 -0.024228
v -0.025882 0.012965 -0.024228
v -0.025882 0.013476 -0.022909
v -0.025882 0.013476 -0.022909
v -0.018983 0.015687 -0.019519
v -0.018983 0.014889 -0.017682
v -0.018983 0.015914 -0.021509
v -0.018983 0.015687 -0.019519
v -0.018983 0.013697 -0.016072
v -0.018983 0.012087 -0.014880
v -0.018983 0.014889 -0.017682
v -0.018983 0.013697 -0.016072
v -0.018983 0.010250 -0.014082
v -0.018983 0.008260 -0.013855
v -0.018983 0.012087 -0.014880
v -0.018983 0.010250 -0.014082
v -0.018983 0.006270 -0.014082
v -0.018983 0.004433 -0.014880
v -0.018983 0.008260 -0.013855
v -0.018983 0.006270 -0.014082
v -0.018983 0.002823 -0.016072
v -0.018983 0.001631 -0.017682
v -0.018983 0.004433 -0.014880
v -0.018983 0.002823 -0.016072
v -0.018983 0.000833 -0.019519
v -0.018983 0.000606 -0.021509
v -0.018983 0.001631 -0.017682
v -0.018983 0.000833 -0.019519
v -0.018983 0.000833 -0.023499
v -0.018983 0.001631 -0.025336
v -0.018983 0.000606 -0.021509
v -0.018983 0.000833 -0.023499
v -0.018983 0.002823 -0.026946
v -0.018983 0.004433 -0.028138
v -0.018983 0.001631 -0.025336
v -0.018983 0.002823 -0.026946
v -0.018983 0.006270 -0.028936
v -0.018983 0.008260 -0.029164
v -0.018983 0.004433 -0.028138
v -0.018983 0.006270 -0.028936
v -0.018983 0.010250 -0.028936
v -0.018983 0.012087 -0.028138
v -0.018983 0.008260 -0.029164
v -0.018983 0.010250 -0.028936
v -0.018983 0.013697 -0.026946
v -0.018983 0.014889 -0.025336
v -0.018983 0.012087 -0.028138
v -0.018983 0.013697 -0.026946
v -0.018983 0.015687 -0.023499
v -0.018983 0.015914 -0.021509
v -0.018983 0.014889 -0.025336
v -0.018983 0.015687 -0.023499
v -0.025496 0.006270 -0.014082
v -0.025901 0.006380 -0.014494
v -0.025496 0.006270 -0.014082
v -0.018983 0.008260 -0.013855
v -0.025496 0.008260 -0.013855
v -0.025496 0.008260 -0.013855
v -0.025496 0.006270 -0.014082
v -0.025496 0.006270 -0.014082
v -0.025901 0.006380 -0.014494
v -0.025882 0.013693 -0.021511
vn -0.9470 -0.3199 0.0301
vn -1.0000 -0.0000 -0.0000
vn -0.9470 -0.2921 -0.1339
vn -0.7066 -0.5653 -0.4257
vn -0.7107 -0.6795 -0.1821
vn -0.7065 -0.7024 -0.0861
vn -0.9948 0.0981 0.0263
vn -0.9565 0.2917 -0.0001
vn -0.9999 -0.0108 -0.0000
vn -0.9999 -0.0105 -0.0016
vn -0.9948 0.0980 0.0262
vn -0.9999 -0.0099 -0.0038
vn -0.9999 -0.0101 -0.0044
vn -0.9565 0.2526 0.1457
vn -0.0000 0.8844 0.4667
vn -0.0000 0.9776 0.2105
vn -0.0782 0.9501 0.3020
vn -0.0417 0.8465 0.5308
vn -0.9470 -0.1861 -0.2620
vn -0.7066 -0.2767 -0.6513
vn -0.7107 -0.4974 -0.4974
vn -0.9948 0.0718 0.0718
vn -0.9999 -0.0089 -0.0066
vn -0.9948 0.0717 0.0717
vn -0.9999 -0.0083 -0.0067
vn -0.9999 -0.0067 -0.0083
vn -0.9999 -0.0066 -0.0089
vn -0.9566 0.1458 0.2524
vn -0.0000 0.5326 0.8464
vn -0.0000 0.7414 0.6711
vn -0.0782 0.6718 0.7366
vn -0.0417 0.4677 0.8829
vn -0.9470 -0.0301 -0.3200
vn -0.7065 0.0861 -0.7024
vn -0.7107 -0.1821 -0.6795
vn -0.9948 0.0263 0.0980
vn -0.9999 -0.0044 -0.0101
vn -0.9948 0.0262 0.0979
vn -0.9999 -0.0038 -0.0099
vn -0.9999 -0.0016 -0.0105
vn -0.9999 -0.0013 -0.0110
vn -0.9068 -0.0006 0.4215
vn -0.0000 0.1134 0.9936
vn -0.0000 0.3065 0.9519
vn -0.0782 0.2135 0.9738
vn -0.1145 0.1003 0.9884
vn -0.9470 0.1339 -0.2921
vn -0.7066 0.4257 -0.5653
vn -0.7107 0.1821 -0.6795
vn -0.9999 0.0026 -0.0105
vn -0.9999 0.0012 -0.0110
vn -0.9999 0.0027 -0.0104
vn -0.9999 0.0016 -0.0105
vn -0.9999 0.0028 -0.0104
vn -0.9999 0.0038 -0.0099
vn -0.9999 0.0029 -0.0104
vn -0.9999 0.0044 -0.0101
vn -0.9566 -0.1457 0.2524
vn -0.0000 -0.4667 0.8844
vn -0.0000 -0.2105 0.9776
vn -0.0000 -0.3065 0.9519
vn -0.0416 -0.5308 0.8465
vn -0.9470 0.2620 -0.1860
vn -0.7066 0.6513 -0.2767
vn -0.7107 0.4975 -0.4975
vn -0.9948 -0.0718 0.0718
vn -0.9565 -0.1458 0.2525
vn -0.9999 0.0066 -0.0089
vn -0.9948 -0.0718 0.0717
vn -0.9999 0.0067 -0.0083
vn -0.9948 -0.0717 0.0717
vn -0.9999 0.0083 -0.0067
vn -0.9999 0.0089 -0.0066
vn -0.9565 -0.2527 0.1457
vn -0.0000 -0.8464 0.5325
vn -0.0000 -0.6711 0.7414
vn -0.0782 -0.7366 0.6718
vn -0.0417 -0.8829 0.4677
vn -0.9470 0.3198 -0.0301
vn -0.7066 0.7024 0.0861
vn -0.7107 0.6795 -0.1821
vn -0.9948 -0.0981 0.0263
vn -0.9999 0.0101 -0.0044
vn -0.9948 -0.0980 0.0263
vn -0.9999 0.0099 -0.0038
vn -0.9999 0.0105 -0.0016
vn -0.9999 0.0110 -0.0013
vn -0.9565 -0.2918 -0.0001
vn -0.0000 -0.9993 0.0380
vn -0.0000 -0.9519 0.3065
vn -0.0782 -0.9738 0.2134
vn -0.0416 -0.9985 -0.0364
vn -0.9470 0.2920 0.1338
vn -0.7066 0.5653 0.4258
vn -0.7107 0.6795 0.1821
vn -0.9948 -0.0982 -0.0263
vn -0.9999 0.0110 0.0013
vn -0.9948 -0.0981 -0.0263
vn -0.9999 0.0105 0.0016
vn -0.9999 0.0099 0.0039
vn -0.9999 0.0101 0.0044
vn -0.9565 -0.2527 -0.1460
vn -0.0000 -0.8844 -0.4667
vn -0.0000 -0.9776 -0.2105
vn -0.0782 -0.9501 -0.3020
vn -0.0417 -0.8465 -0.5308
vn -0.9470 0.1859 0.2619
vn -0.7066 0.2767 0.6513
vn -0.7107 0.4974 0.4974
vn -0.9948 -0.0719 -0.0719
vn -0.9999 0.0089 0.0066
vn -0.9948 -0.0718 -0.0718
vn -0.9999 0.0083 0.0067
vn -0.9999 0.0067 0.0083
vn -0.9999 0.0066 0.0089
vn -0.9564 -0.1459 -0.2528
vn -0.0000 -0.5325 -0.8464
vn -0.0000 -0.7414 -0.6711
vn -0.0782 -0.6718 -0.7366
vn -0.0417 -0.4677 -0.8829
vn -0.9470 0.0301 0.3198
vn -0.7066 -0.0861 0.7024
vn -0.7107 0.1821 0.6795
vn -0.9948 -0.0263 -0.0982
vn -0.9999 0.0044 0.0101
vn -0.9948 -0.0263 -0.0981
vn -0.9999 0.0039 0.0099
vn -0.9999 0.0016 0.0105
vn -0.9999 0.0013 0.0110
vn -0.9564 -0.0000 -0.2919
vn -0.0000 -0.0380 -0.9993
vn -0.0000 -0.3065 -0.9519
vn -0.0782 -0.2135 -0.9738
vn -0.0417 0.0364 -0.9985
vn -0.9470 -0.1339 0.2920
vn -0.7066 -0.4257 0.5653
vn -0.7107 -0.1821 0.6795
vn -0.9948 0.0263 -0.0982
vn -0.9999 -0.0013 0.0110
vn -0.9948 0.0263 -0.0981
vn -0.9999 -0.0016 0.0105
vn -0.9999 -0.0039 0.0099
vn -0.9999 -0.0044 0.0101
vn -0.9565 0.1459 -0.2528
vn -0.0000 0.4667 -0.8844
vn -0.0000 0.2105 -0.9776
vn -0.0782 0.3020 -0.9501
vn -0.0417 0.5308 -0.8465
vn -0.9470 -0.2620 0.1860
vn -0.7066 -0.6513 0.2767
vn -0.7107 -0.4975 0.4975
vn -0.9948 0.0718 -0.0719
vn -0.9999 -0.0066 0.0089
vn -0.9948 0.0718 -0.0718
vn -0.9999 -0.0067 0.0083
vn -0.9999 -0.0083 0.0067
vn -0.9999 -0.0089 0.0066
vn -0.9565 0.2526 -0.1460
vn -0.0000 0.8464 -0.5325
vn -0.0000 0.6711 -0.7414
vn -0.0782 0.7366 -0.6718
vn -0.0417 0.8829 -0.4677
vn -0.7107 -0.6795 0.1821
vn -0.9948 0.0980 -0.0268
vn -0.9999 -0.0101 0.0044
vn -0.9948 0.0980 -0.0263
vn -0.9999 -0.0099 0.0039
vn -0.9999 -0.0105 0.0016
vn -0.0000 0.9993 -0.0380
vn -0.0000 0.9519 -0.3065
vn -0.0782 0.9738 -0.2135
vn -0.0417 0.9985 0.0365
vn 1.0000 0.0029 0.0013
vn 1.0000 -0.0000 -0.0000
vn 1.0000 0.0032 0.0004
vn 1.0000 0.0019 0.0026
vn 1.0000 0.0001 0.0001
vn 1.0000 0.0026 0.0019
vn 1.0000 0.0004 0.0032
vn 1.0000 0.0013 0.0029
vn 1.0000 -0.0013 0.0029
vn 1.0000 -0.0004 0.0032
vn 1.0000 -0.0026 0.0019
vn 1.0000 -0.0019 0.0026
vn 1.0000 -0.0032 0.0004
vn 1.0000 -0.0029 0.0013
vn 1.0000 -0.0029 -0.0013
vn 1.0000 -0.0032 -0.0004
vn 1.0000 -0.0019 -0.0026
vn 1.0000 -0.0001 -0.0001
vn 1.0000 -0.0026 -0.0019
vn 1.0000 -0.0004 -0.0032
vn 1.0000 -0.0013 -0.0029
vn 1.0000 0.0013 -0.0029
vn 1.0000 0.0004 -0.0032
vn 1.0000 0.0026 -0.0019
vn 1.0000 0.0019 -0.0026
vn 1.0000 0.0032 -0.0004
vn 1.0000 0.0029 -0.0013
vn -0.7209 -0.0786 0.6885
vn -0.9068 -0.0006 0.4216
vn -0.7210 -0.0786 0.6885
vn -0.0000 -0.2104 0.9776
vn -0.0000 -0.1134 0.9936
vn -0.7210 -0.2762 0.6355
vn -0.9566 -0.1458 0.2525
vt 0.578507 0.600961
vt 0.578467 0.547188
vt 0.551615 0.593756
vt 0.546658 0.603067
vt 0.562792 0.607390
vt 0.578925 0.611712
vt 0.544364 0.607040
vt 0.561644 0.611670
vt 0.465448 0.750764
vt 0.465449 0.762505
vt 0.484741 0.762515
vt 0.484740 0.750767
vt 0.484738 0.739020
vt 0.465447 0.739023
vt 0.403087 0.739026
vt 0.403087 0.750711
vt 0.457570 0.750760
vt 0.457570 0.739024
vt 0.531932 0.574071
vt 0.523039 0.579447
vt 0.534849 0.591257
vt 0.519065 0.581741
vt 0.531714 0.594391
vt 0.465446 0.726252
vt 0.484738 0.726248
vt 0.484737 0.713476
vt 0.465445 0.713482
vt 0.403087 0.713449
vt 0.403087 0.726237
vt 0.457570 0.726252
vt 0.457570 0.713481
vt 0.524725 0.547182
vt 0.514392 0.547182
vt 0.518715 0.563314
vt 0.509806 0.547182
vt 0.514435 0.564461
vt 0.465445 0.701304
vt 0.484737 0.701299
vt 0.484737 0.689122
vt 0.465445 0.689126
vt 0.403087 0.689121
vt 0.403087 0.701285
vt 0.457570 0.701304
vt 0.457570 0.689127
vt 0.531932 0.520292
vt 0.523039 0.514916
vt 0.518715 0.531049
vt 0.519065 0.512622
vt 0.514435 0.529902
vt 0.465446 0.973838
vt 0.465446 0.986198
vt 0.484739 0.986198
vt 0.484739 0.973839
vt 0.484739 0.961481
vt 0.465447 0.961477
vt 0.403087 0.961567
vt 0.403087 0.973883
vt 0.457570 0.973840
vt 0.457570 0.961482
vt 0.551615 0.500607
vt 0.546658 0.491296
vt 0.534849 0.503106
vt 0.544364 0.487323
vt 0.531714 0.499973
vt 0.465448 0.948856
vt 0.484739 0.948863
vt 0.484739 0.936244
vt 0.465449 0.936235
vt 0.403087 0.936181
vt 0.403087 0.948874
vt 0.457570 0.948856
vt 0.457570 0.936229
vt 0.578507 0.493402
vt 0.578925 0.482651
vt 0.562791 0.486973
vt 0.578925 0.478063
vt 0.561644 0.482693
vt 0.465450 0.924566
vt 0.484739 0.924580
vt 0.484738 0.912916
vt 0.465450 0.912897
vt 0.403087 0.912873
vt 0.403087 0.924527
vt 0.457570 0.924560
vt 0.457570 0.912891
vt 0.605396 0.500607
vt 0.611188 0.491296
vt 0.595056 0.486973
vt 0.613483 0.487323
vt 0.596204 0.482693
vt 0.465451 0.901096
vt 0.484739 0.901103
vt 0.484739 0.889291
vt 0.465452 0.889295
vt 0.403087 0.889323
vt 0.403087 0.901098
vt 0.457570 0.901094
vt 0.457570 0.889297
vt 0.625079 0.520292
vt 0.634808 0.514916
vt 0.622998 0.503106
vt 0.638782 0.512622
vt 0.626132 0.499973
vt 0.465453 0.876578
vt 0.484741 0.876566
vt 0.484742 0.863841
vt 0.465454 0.863862
vt 0.403087 0.863864
vt 0.403087 0.876594
vt 0.457570 0.876582
vt 0.457570 0.863867
vt 0.632285 0.547182
vt 0.643455 0.547182
vt 0.639131 0.531049
vt 0.648044 0.547182
vt 0.643413 0.529902
vt 0.465454 0.851725
vt 0.484742 0.851717
vt 0.484742 0.839593
vt 0.465454 0.839589
vt 0.403087 0.839536
vt 0.403087 0.851700
vt 0.457570 0.851726
vt 0.457570 0.839585
vt 0.625079 0.574071
vt 0.634808 0.579447
vt 0.639132 0.563314
vt 0.638782 0.581741
vt 0.643413 0.564461
vt 0.465453 0.825410
vt 0.484741 0.825414
vt 0.484741 0.811235
vt 0.465453 0.811231
vt 0.403087 0.811277
vt 0.403087 0.825406
vt 0.457570 0.825409
vt 0.457570 0.811233
vt 0.605396 0.593756
vt 0.611189 0.603067
vt 0.622998 0.591257
vt 0.613483 0.607040
vt 0.626132 0.594390
vt 0.465452 0.798433
vt 0.484740 0.798436
vt 0.484739 0.785638
vt 0.465451 0.785635
vt 0.403087 0.785767
vt 0.403087 0.798522
vt 0.457570 0.798437
vt 0.457570 0.785642
vt 0.595057 0.607390
vt 0.578925 0.616300
vt 0.596204 0.611670
vt 0.465450 0.774070
vt 0.484740 0.774077
vt 0.403087 0.762396
vt 0.403087 0.774081
vt 0.457570 0.774069
vt 0.457570 0.762496
vt 0.595896 0.733138
vt 0.609457 0.727826
vt 0.580956 0.679385
vt 0.581490 0.735320
vt 0.620843 0.718735
vt 0.629931 0.707352
vt 0.635246 0.693788
vt 0.637425 0.679385
vt 0.635246 0.664982
vt 0.629931 0.651418
vt 0.620568 0.640035
vt 0.608923 0.630945
vt 0.595346 0.625632
vt 0.580956 0.623451
vt 0.566814 0.625632
vt 0.553522 0.630945
vt 0.542142 0.640035
vt 0.533049 0.651418
vt 0.527740 0.664982
vt 0.525556 0.679385
vt 0.527740 0.693789
vt 0.533049 0.707353
vt 0.542142 0.718735
vt 0.553522 0.727826
vt 0.567089 0.733138
vt 0.457570 0.825304
vt 0.465446 0.825302
vt 0.403087 0.986198
vt 0.457570 0.986198
s 1
usemtl 24_-_Default.001
f 263/189/207 264/190/208 265/191/209
f 265/191/209 267/192/210 373/193/211
f 265/191/209 373/193/211 266/194/212
f 265/191/209 266/194/212 263/189/207
f 267/192/210 269/195/208 374/196/208
f 374/196/208 373/193/211 267/192/210
f 337/197/213 270/198/214 268/199/215
f 337/197/213 268/199/215 397/200/216
f 337/197/217 398/200/218 399/201/218
f 337/197/213 400/201/219 271/202/220
f 273/203/221 339/204/222 338/205/223
f 338/205/223 326/206/224 273/203/221
f 265/191/209 264/190/208 274/207/225
f 274/207/225 275/208/226 375/209/227
f 274/207/225 375/209/227 267/192/210
f 274/207/225 267/192/210 265/191/209
f 275/208/226 276/210/208 376/211/208
f 376/211/208 375/209/227 275/208/226
f 340/212/228 271/202/220 401/201/229
f 340/212/230 402/201/231 403/213/231
f 340/212/230 404/213/232 405/214/232
f 340/212/228 406/214/233 327/215/234
f 278/216/235 342/217/236 341/218/237
f 341/218/237 277/219/238 278/216/235
f 274/207/225 264/190/208 279/220/239
f 279/220/239 280/221/240 377/222/241
f 279/220/239 377/222/241 275/208/226
f 279/220/239 275/208/226 274/207/225
f 280/221/240 281/223/208 378/224/208
f 378/224/208 377/222/241 280/221/240
f 343/225/242 327/215/234 407/214/243
f 343/225/244 408/214/245 409/226/245
f 343/225/244 410/226/246 411/227/246
f 343/225/242 412/227/247 328/228/248
f 283/229/249 345/230/250 344/231/251
f 344/231/251 282/232/252 283/229/249
f 279/220/239 264/190/208 284/233/253
f 284/233/253 285/234/254 379/235/255
f 284/233/253 379/235/255 280/221/240
f 284/233/253 280/221/240 279/220/239
f 285/234/254 286/236/208 380/237/208
f 380/237/208 379/235/255 285/234/254
f 346/238/256 413/239/257 414/240/257
f 346/238/258 415/240/259 416/241/259
f 346/238/260 417/241/261 418/242/261
f 346/238/262 419/242/263 329/243/264
f 288/244/265 348/245/266 347/246/267
f 347/246/267 287/247/268 288/244/265
f 284/233/253 264/190/208 289/248/269
f 289/248/269 290/249/270 381/250/271
f 289/248/269 381/250/271 285/234/254
f 289/248/269 285/234/254 284/233/253
f 290/249/270 291/251/208 382/252/208
f 382/252/208 381/250/271 290/249/270
f 349/253/272 329/243/273 420/242/274
f 349/253/275 421/242/276 422/254/276
f 349/253/277 423/254/278 424/255/278
f 349/253/272 425/255/279 330/256/280
f 293/257/281 351/258/282 350/259/283
f 350/259/283 292/260/284 293/257/281
f 289/248/269 264/190/208 294/261/285
f 294/261/285 295/262/286 383/263/287
f 294/261/285 383/263/287 290/249/270
f 294/261/285 290/249/270 289/248/269
f 295/262/286 296/264/208 384/265/208
f 384/265/208 383/263/287 295/262/286
f 352/266/288 330/256/280 426/255/289
f 352/266/290 427/255/291 428/267/291
f 352/266/290 429/267/292 430/268/292
f 352/266/288 431/268/293 331/269/294
f 298/270/295 354/271/296 353/272/297
f 353/272/297 297/273/298 298/270/295
f 294/261/285 264/190/208 299/274/299
f 299/274/299 300/275/300 385/276/301
f 299/274/299 385/276/301 295/262/286
f 299/274/299 295/262/286 294/261/285
f 300/275/300 301/277/208 386/278/208
f 386/278/208 385/276/301 300/275/300
f 355/279/302 331/269/294 432/268/303
f 355/279/304 433/268/305 434/280/305
f 355/279/304 435/280/306 436/281/306
f 355/279/302 437/281/307 332/282/308
f 303/283/309 357/284/310 356/285/311
f 356/285/311 302/286/312 303/283/309
f 299/274/299 264/190/208 304/287/313
f 304/287/313 305/288/314 387/289/315
f 304/287/313 387/289/315 300/275/300
f 304/287/313 300/275/300 299/274/299
f 305/288/314 306/290/208 388/291/208
f 388/291/208 387/289/315 305/288/314
f 358/292/316 332/282/308 438/281/317
f 358/292/318 439/281/319 440/293/319
f 358/292/318 441/293/320 442/294/320
f 358/292/316 443/294/321 333/295/322
f 308/296/323 360/297/324 359/298/325
f 359/298/325 307/299/326 308/296/323
f 304/287/313 264/190/208 309/300/327
f 309/300/327 310/301/328 389/302/329
f 309/300/327 389/302/329 305/288/314
f 309/300/327 305/288/314 304/287/313
f 310/301/328 311/303/208 390/304/208
f 390/304/208 389/302/329 310/301/328
f 361/305/330 333/295/322 444/294/331
f 361/305/332 445/294/333 446/306/333
f 361/305/332 447/306/334 448/307/334
f 361/305/330 449/307/335 334/308/336
f 313/309/337 363/310/338 362/311/339
f 362/311/339 312/312/340 313/309/337
f 309/300/327 264/190/208 314/313/341
f 314/313/341 315/314/342 391/315/343
f 314/313/341 391/315/343 310/301/328
f 314/313/341 310/301/328 309/300/327
f 315/314/342 316/316/208 392/317/208
f 392/317/208 391/315/343 315/314/342
f 364/318/344 334/308/336 450/307/345
f 364/318/346 451/307/347 452/319/347
f 364/318/346 453/319/348 454/320/348
f 364/318/344 455/320/349 335/321/350
f 318/322/351 366/323/352 365/324/353
f 365/324/353 317/325/354 318/322/351
f 314/313/341 264/190/208 319/326/355
f 319/326/355 320/327/356 393/328/357
f 319/326/355 393/328/357 315/314/342
f 319/326/355 315/314/342 314/313/341
f 320/327/356 321/329/208 394/330/208
f 394/330/208 393/328/357 320/327/356
f 367/331/358 335/321/350 456/320/359
f 367/331/360 457/320/361 458/332/361
f 367/331/360 459/332/362 460/333/362
f 367/331/358 461/333/363 322/334/364
f 323/335/365 369/336/366 368/337/367
f 368/337/367 336/338/368 323/335/365
f 319/326/355 264/190/208 263/189/207
f 263/189/207 266/194/212 395/339/369
f 263/189/207 395/339/369 320/327/356
f 263/189/207 320/327/356 319/326/355
f 266/194/212 462/340/208 396/341/208
f 396/341/208 395/339/369 266/194/212
f 370/342/370 322/334/364 463/333/371
f 370/342/372 464/333/373 465/343/373
f 370/342/370 466/343/374 268/199/215
f 370/342/370 268/199/215 270/198/214
f 272/344/375 372/345/376 371/346/377
f 371/346/377 325/347/378 272/344/375
f 467/348/379 468/349/379 324/350/380
f 324/350/380 469/351/381 470/348/381
f 471/352/382 472/353/382 324/350/383
f 324/350/380 473/349/384 474/352/384
f 475/354/385 476/355/385 324/350/380
f 324/350/380 477/353/386 478/354/386
f 479/356/387 480/357/387 324/350/380
f 324/350/380 481/355/388 482/356/388
f 483/358/389 484/359/389 324/350/380
f 324/350/380 485/357/390 486/358/390
f 487/360/391 488/361/391 324/350/380
f 324/350/380 489/359/392 490/360/392
f 491/362/393 492/363/393 324/350/380
f 324/350/380 493/361/394 494/362/394
f 495/364/395 496/365/395 324/350/380
f 324/350/396 497/363/397 498/364/397
f 499/366/398 500/367/398 324/350/380
f 324/350/380 501/365/399 502/366/399
f 503/368/400 504/369/400 324/350/380
f 324/350/380 505/367/401 506/368/401
f 507/370/402 508/371/402 324/350/380
f 324/350/380 509/369/403 510/370/403
f 511/372/404 512/351/404 324/350/380
f 324/350/380 513/371/405 514/372/405
f 338/205/223 325/347/378 270/198/214
f 270/198/214 337/197/213 338/205/223
f 341/218/237 326/206/224 271/202/220
f 271/202/220 340/212/228 341/218/237
f 344/231/251 277/219/238 327/215/234
f 327/215/234 343/225/242 344/231/251
f 515/373/406 282/232/252 328/228/248
f 328/228/407 516/374/408 517/373/408
f 350/259/283 287/247/268 329/243/273
f 329/243/273 349/253/272 350/259/283
f 353/272/297 292/260/284 330/256/280
f 330/256/280 352/266/288 353/272/297
f 356/285/311 297/273/298 331/269/294
f 331/269/294 355/279/302 356/285/311
f 359/298/325 302/286/312 332/282/308
f 332/282/308 358/292/316 359/298/325
f 362/311/339 307/299/326 333/295/322
f 333/295/322 361/305/330 362/311/339
f 365/324/353 312/312/340 334/308/336
f 334/308/336 364/318/344 365/324/353
f 368/337/367 317/325/354 335/321/350
f 335/321/350 367/331/358 368/337/367
f 371/346/377 336/338/368 322/334/364
f 322/334/364 370/342/370 371/346/377
f 339/204/222 272/344/375 325/347/378
f 325/347/378 338/205/223 339/204/222
f 342/217/236 273/203/221 326/206/224
f 326/206/224 341/218/237 342/217/236
f 345/230/250 278/216/235 277/219/238
f 277/219/238 344/231/251 345/230/250
f 348/245/409 518/375/410 519/376/410
f 520/376/410 347/246/267 348/245/266
f 351/258/282 288/244/265 287/247/268
f 287/247/268 350/259/283 351/258/282
f 354/271/296 293/257/281 292/260/284
f 292/260/284 353/272/297 354/271/296
f 357/284/310 298/270/295 297/273/298
f 297/273/298 356/285/311 357/284/310
f 360/297/324 303/283/309 302/286/312
f 302/286/312 359/298/325 360/297/324
f 363/310/338 308/296/323 307/299/326
f 307/299/326 362/311/339 363/310/338
f 366/323/352 313/309/337 312/312/340
f 312/312/340 365/324/353 366/323/352
f 369/336/366 318/322/351 317/325/354
f 317/325/354 368/337/367 369/336/366
f 372/345/376 323/335/365 336/338/368
f 336/338/368 371/346/377 372/345/376
f 271/202/220 326/206/224 338/205/223
f 338/205/223 337/197/213 271/202/220
f 327/215/234 277/219/238 341/218/237
f 341/218/237 340/212/228 327/215/234
f 328/228/248 282/232/252 344/231/251
f 344/231/251 343/225/242 328/228/248
f 329/243/273 287/247/268 521/373/411
f 522/373/411 523/374/411 329/243/412
f 330/256/280 292/260/284 350/259/283
f 350/259/283 349/253/272 330/256/280
f 331/269/294 297/273/298 353/272/297
f 353/272/297 352/266/288 331/269/294
f 332/282/308 302/286/312 356/285/311
f 356/285/311 355/279/302 332/282/308
f 333/295/322 307/299/326 359/298/325
f 359/298/325 358/292/316 333/295/322
f 334/308/336 312/312/340 362/311/339
f 362/311/339 361/305/330 334/308/336
f 335/321/350 317/325/354 365/324/353
f 365/324/353 364/318/344 335/321/350
f 322/334/364 336/338/368 368/337/367
f 368/337/367 367/331/358 322/334/364
f 270/198/214 325/347/378 371/346/377
f 371/346/377 370/342/370 270/198/214
f 374/196/208 524/340/208 266/194/212
f 266/194/212 373/193/211 374/196/208
f 376/211/208 269/195/208 267/192/210
f 267/192/210 375/209/227 376/211/208
f 378/224/208 276/210/208 275/208/226
f 275/208/226 377/222/241 378/224/208
f 380/237/208 281/223/208 280/221/240
f 280/221/240 379/235/255 380/237/208
f 382/252/208 286/236/208 285/234/254
f 285/234/254 381/250/271 382/252/208
f 384/265/208 291/251/208 290/249/270
f 290/249/270 383/263/287 384/265/208
f 386/278/208 296/264/208 295/262/286
f 295/262/286 385/276/301 386/278/208
f 388/291/208 301/277/208 300/275/300
f 300/275/300 387/289/315 388/291/208
f 390/304/208 306/290/208 305/288/314
f 305/288/314 389/302/329 390/304/208
f 392/317/208 311/303/208 310/301/328
f 310/301/328 391/315/343 392/317/208
f 394/330/208 316/316/208 315/314/342
f 315/314/342 393/328/357 394/330/208
f 396/341/208 321/329/208 320/327/356
f 320/327/356 395/339/369 396/341/208
g WheelFron0_Mesh.003
v 0.023306 0.012658 0.039265
v 0.023231 0.008260 0.039267
v 0.023306 0.012068 0.041464
v 0.024447 0.013333 0.039265
v 0.024447 0.012653 0.041801
v 0.024447 0.013693 0.039265
v 0.024447 0.012965 0.041981
v 0.024466 0.015490 0.039266
v 0.024466 0.014522 0.042881
v 0.018961 0.015914 0.039267
v 0.018961 0.014889 0.043094
v 0.023306 0.010459 0.043073
v 0.024447 0.010796 0.043658
v 0.024447 0.010976 0.043970
v 0.024061 0.012087 0.045895
v 0.018961 0.012087 0.045895
v 0.023306 0.008260 0.043663
v 0.024447 0.008260 0.044338
v 0.024447 0.008260 0.044698
v 0.024061 0.008260 0.046921
v 0.018961 0.008260 0.046921
v 0.023306 0.006061 0.043073
v 0.024447 0.005723 0.043658
v 0.024447 0.005543 0.043970
v 0.024061 0.004433 0.045895
v 0.018961 0.004433 0.045895
v 0.023306 0.004451 0.041464
v 0.024447 0.003867 0.041801
v 0.024447 0.003554 0.041981
v 0.024061 0.001631 0.043094
v 0.018961 0.001631 0.043094
v 0.023306 0.003862 0.039265
v 0.024447 0.003187 0.039265
v 0.024447 0.002826 0.039265
v 0.024061 0.000606 0.039267
v 0.018961 0.000606 0.039267
v 0.023306 0.004451 0.037066
v 0.024447 0.003867 0.036728
v 0.024447 0.003554 0.036548
v 0.024061 0.001631 0.035439
v 0.018961 0.001631 0.035439
v 0.023306 0.006061 0.035456
v 0.024447 0.005723 0.034872
v 0.024447 0.005543 0.034559
v 0.024061 0.004433 0.032638
v 0.018961 0.004433 0.032638
v 0.023306 0.008260 0.034867
v 0.024447 0.008260 0.034192
v 0.024447 0.008260 0.033831
v 0.024061 0.008260 0.031612
v 0.018961 0.008260 0.031612
v 0.023306 0.010459 0.035456
v 0.024447 0.010796 0.034872
v 0.024447 0.010976 0.034559
v 0.024061 0.012087 0.032638
v 0.018961 0.012087 0.032638
v 0.023306 0.012069 0.037066
v 0.024447 0.012653 0.036728
v 0.024447 0.012965 0.036548
v 0.024466 0.014522 0.035651
v 0.018961 0.014889 0.035439
v 0.018937 0.008260 0.039267
v 0.024061 0.015914 0.039267
v 0.024061 0.014889 0.043094
v 0.024466 0.011875 0.045528
v 0.024466 0.008260 0.046497
v 0.024466 0.004645 0.045528
v 0.024466 0.001999 0.042881
v 0.024466 0.001030 0.039266
v 0.024466 0.001999 0.035651
v 0.024466 0.004645 0.033005
v 0.024466 0.008260 0.032036
v 0.024466 0.011875 0.033005
v 0.024061 0.014889 0.035439
v 0.024466 0.015276 0.041146
v 0.024061 0.015687 0.041257
v 0.018961 0.015687 0.041257
v 0.024466 0.013396 0.044402
v 0.024061 0.013697 0.044704
v 0.018961 0.013697 0.044704
v 0.024466 0.010140 0.046282
v 0.024061 0.010250 0.046694
v 0.018961 0.010250 0.046694
v 0.024466 0.006380 0.046282
v 0.024061 0.006270 0.046694
v 0.018961 0.006270 0.046694
v 0.024466 0.003124 0.044402
v 0.024061 0.002823 0.044704
v 0.018961 0.002823 0.044704
v 0.024466 0.001245 0.041146
v 0.024061 0.000833 0.041257
v 0.018961 0.000833 0.041257
v 0.024466 0.001245 0.037386
v 0.024061 0.000833 0.037276
v 0.018961 0.000833 0.037276
v 0.024466 0.003125 0.034131
v 0.024061 0.002823 0.033829
v 0.018961 0.002823 0.033829
v 0.024466 0.006380 0.032251
v 0.024061 0.006270 0.031839
v 0.018961 0.006270 0.031839
v 0.024466 0.010140 0.032251
v 0.024061 0.010250 0.031839
v 0.018961 0.010250 0.031839
v 0.024466 0.013396 0.034130
v 0.024061 0.013697 0.033829
v 0.018961 0.013697 0.033829
v 0.024466 0.015276 0.037386
v 0.024061 0.015687 0.037276
v 0.018961 0.015687 0.037276
v 0.024447 0.013130 0.040570
v 0.024447 0.013476 0.040662
v 0.024447 0.011825 0.042830
v 0.024447 0.012079 0.043083
v 0.024447 0.009565 0.044135
v 0.024447 0.009658 0.044481
v 0.024447 0.006955 0.044135
v 0.024447 0.006862 0.044481
v 0.024447 0.004694 0.042830
v 0.024447 0.004441 0.043083
v 0.024447 0.003389 0.040570
v 0.024447 0.003043 0.040662
v 0.024447 0.003389 0.037960
v 0.024447 0.003043 0.037867
v 0.024447 0.004694 0.035699
v 0.024447 0.004441 0.035446
v 0.024447 0.006955 0.034394
v 0.024447 0.006862 0.034048
v 0.024447 0.009565 0.034394
v 0.024447 0.009658 0.034048
v 0.024447 0.011825 0.035699
v 0.024447 0.012079 0.035446
v 0.024447 0.013130 0.037960
v 0.024447 0.013476 0.037867
v 0.024447 0.013476 0.040662
v 0.024447 0.013476 0.040662
v 0.024447 0.012965 0.041981
v 0.024447 0.012965 0.041981
v 0.024447 0.012965 0.041981
v 0.024447 0.012965 0.041981
v 0.024447 0.012079 0.043083
v 0.024447 0.012079 0.043083
v 0.024447 0.010976 0.043970
v 0.024447 0.010976 0.043970
v 0.024447 0.010976 0.043970
v 0.024447 0.010976 0.043970
v 0.024447 0.009658 0.044481
v 0.024447 0.009658 0.044481
v 0.024447 0.008260 0.044698
v 0.024447 0.008260 0.044698
v 0.024466 0.008260 0.046497
v 0.024447 0.008260 0.044698
v 0.024447 0.008260 0.044698
v 0.024447 0.006862 0.044481
v 0.024447 0.006862 0.044481
v 0.024447 0.005543 0.043970
v 0.024447 0.005543 0.043970
v 0.024447 0.005543 0.043970
v 0.024447 0.005543 0.043970
v 0.024447 0.004441 0.043083
v 0.024447 0.004441 0.043083
v 0.024447 0.003554 0.041981
v 0.024447 0.003554 0.041981
v 0.024447 0.003554 0.041981
v 0.024447 0.003554 0.041981
v 0.024447 0.003043 0.040662
v 0.024447 0.003043 0.040662
v 0.024447 0.002826 0.039265
v 0.024447 0.002826 0.039265
v 0.024447 0.002826 0.039265
v 0.024447 0.002826 0.039265
v 0.024447 0.003043 0.037867
v 0.024447 0.003043 0.037867
v 0.024447 0.003554 0.036548
v 0.024447 0.003554 0.036548
v 0.024447 0.003554 0.036548
v 0.024447 0.003554 0.036548
v 0.024447 0.004441 0.035446
v 0.024447 0.004441 0.035446
v 0.024447 0.005543 0.034559
v 0.024447 0.005543 0.034559
v 0.024447 0.005543 0.034559
v 0.024447 0.005543 0.034559
v 0.024447 0.006862 0.034048
v 0.024447 0.006862 0.034048
v 0.024447 0.008260 0.033831
v 0.024447 0.008260 0.033831
v 0.024447 0.008260 0.033831
v 0.024447 0.008260 0.033831
v 0.024447 0.009658 0.034048
v 0.024447 0.009658 0.034048
v 0.024447 0.010976 0.034559
v 0.024447 0.010976 0.034559
v 0.024447 0.010976 0.034559
v 0.024447 0.010976 0.034559
v 0.024447 0.012079 0.035446
v 0.024447 0.012079 0.035446
v 0.024447 0.012965 0.036548
v 0.024447 0.012965 0.036548
v 0.024447 0.013693 0.039265
v 0.024447 0.012965 0.036548
v 0.024447 0.012965 0.036548
v 0.024447 0.013476 0.037867
v 0.024447 0.013476 0.037867
v 0.018961 0.014889 0.043094
v 0.018961 0.015687 0.041257
v 0.018961 0.015914 0.039267
v 0.018961 0.015687 0.041257
v 0.018961 0.012087 0.045895
v 0.018961 0.013697 0.044704
v 0.018961 0.014889 0.043094
v 0.018961 0.013697 0.044704
v 0.018961 0.008260 0.046921
v 0.018961 0.010250 0.046694
v 0.018961 0.012087 0.045895
v 0.018961 0.010250 0.046694
v 0.018961 0.004433 0.045895
v 0.018961 0.006270 0.046694
v 0.018961 0.008260 0.046921
v 0.018961 0.006270 0.046694
v 0.018961 0.001631 0.043094
v 0.018961 0.002823 0.044704
v 0.018961 0.004433 0.045895
v 0.018961 0.002823 0.044704
v 0.018961 0.000606 0.039267
v 0.018961 0.000833 0.041257
v 0.018961 0.001631 0.043094
v 0.018961 0.000833 0.041257
v 0.018961 0.001631 0.035439
v 0.018961 0.000833 0.037276
v 0.018961 0.000606 0.039267
v 0.018961 0.000833 0.037276
v 0.018961 0.004433 0.032638
v 0.018961 0.002823 0.033829
v 0.018961 0.001631 0.035439
v 0.018961 0.002823 0.033829
v 0.018961 0.008260 0.031612
v 0.018961 0.006270 0.031839
v 0.018961 0.004433 0.032638
v 0.018961 0.006270 0.031839
v 0.018961 0.012087 0.032638
v 0.018961 0.010250 0.031839
v 0.018961 0.008260 0.031612
v 0.018961 0.010250 0.031839
v 0.018961 0.014889 0.035439
v 0.018961 0.013697 0.033829
v 0.018961 0.012087 0.032638
v 0.018961 0.013697 0.033829
v 0.018961 0.015914 0.039267
v 0.018961 0.015687 0.037276
v 0.018961 0.014889 0.035439
v 0.018961 0.015687 0.037276
v 0.024061 0.006270 0.046694
v 0.024466 0.006380 0.046282
v 0.024061 0.006270 0.046694
v 0.018961 0.008260 0.046921
v 0.024061 0.008260 0.046921
v 0.024061 0.008260 0.046921
v 0.024061 0.006270 0.046694
v 0.024466 0.006380 0.046282
v 0.024061 0.006270 0.046694
v 0.024447 0.013693 0.039265
vn 1.0000 -0.0000 -0.0000
vn 0.9470 -0.3199 0.0301
vn 0.9470 -0.2921 -0.1339
vn 0.7066 -0.5653 -0.4257
vn 0.7107 -0.6795 -0.1821
vn 0.7065 -0.7024 -0.0861
vn 0.9565 0.2917 -0.0000
vn 0.9948 0.0981 0.0261
vn 0.9999 -0.0108 -0.0000
vn 0.9999 -0.0105 -0.0016
vn 0.9999 -0.0099 -0.0038
vn 0.9948 0.0980 0.0263
vn 0.9999 -0.0101 -0.0044
vn 0.9565 0.2526 0.1457
vn -0.0000 0.9776 0.2105
vn -0.0000 0.8844 0.4667
vn 0.0977 0.9487 0.3007
vn 0.0526 0.8462 0.5302
vn 0.9470 -0.1860 -0.2621
vn 0.7066 -0.2767 -0.6513
vn 0.7107 -0.4974 -0.4974
vn 0.9948 0.0718 0.0718
vn 0.9999 -0.0089 -0.0066
vn 0.9999 -0.0083 -0.0067
vn 0.9948 0.0717 0.0717
vn 0.9999 -0.0067 -0.0083
vn 0.9999 -0.0066 -0.0089
vn 0.9566 0.1458 0.2524
vn -0.0000 0.7414 0.6711
vn -0.0000 0.5326 0.8464
vn 0.0977 0.6713 0.7347
vn 0.0526 0.4678 0.8823
vn 0.9470 -0.0301 -0.3200
vn 0.7065 0.0861 -0.7024
vn 0.7107 -0.1821 -0.6795
vn 0.9948 0.0262 0.0980
vn 0.9999 -0.0044 -0.0101
vn 0.9999 -0.0038 -0.0099
vn 0.9948 0.0262 0.0979
vn 0.9999 -0.0016 -0.0105
vn 0.9999 -0.0013 -0.0110
vn 0.9068 -0.0006 0.4215
vn -0.0000 0.3065 0.9519
vn -0.0000 0.1134 0.9936
vn 0.0977 0.2140 0.9719
vn 0.1414 0.0970 0.9852
vn 0.9470 0.1339 -0.2921
vn 0.7066 0.4257 -0.5653
vn 0.7107 0.1821 -0.6795
vn 0.9999 0.0012 -0.0110
vn 0.9999 0.0026 -0.0105
vn 0.9999 0.0016 -0.0105
vn 0.9999 0.0027 -0.0104
vn 0.9999 0.0038 -0.0099
vn 0.9999 0.0031 -0.0103
vn 0.9999 0.0044 -0.0101
vn 0.9999 0.0028 -0.0104
vn 0.9566 -0.1458 0.2524
vn 0.0001 -0.2106 0.9776
vn -0.0000 -0.4667 0.8844
vn -0.0000 -0.3065 0.9519
vn 0.0526 -0.5302 0.8462
vn 0.9470 0.2620 -0.1860
vn 0.7066 0.6513 -0.2767
vn 0.7107 0.4975 -0.4974
vn 0.9565 -0.1458 0.2525
vn 0.9948 -0.0718 0.0718
vn 0.9999 0.0066 -0.0089
vn 0.9999 0.0067 -0.0083
vn 0.9948 -0.0718 0.0717
vn 0.9999 0.0083 -0.0067
vn 0.9948 -0.0717 0.0717
vn 0.9999 0.0089 -0.0066
vn 0.9565 -0.2527 0.1457
vn -0.0000 -0.6711 0.7413
vn -0.0000 -0.8464 0.5325
vn 0.0977 -0.7347 0.6713
vn 0.0526 -0.8823 0.4678
vn 0.9470 0.3198 -0.0301
vn 0.7066 0.7024 0.0861
vn 0.7107 0.6795 -0.1821
vn 0.9948 -0.0981 0.0263
vn 0.9999 0.0101 -0.0044
vn 0.9999 0.0099 -0.0038
vn 0.9948 -0.0980 0.0263
vn 0.9999 0.0105 -0.0016
vn 0.9999 0.0110 -0.0013
vn 0.9565 -0.2918 -0.0001
vn -0.0000 -0.9519 0.3065
vn -0.0000 -0.9993 0.0380
vn 0.0977 -0.9719 0.2140
vn 0.0526 -0.9980 -0.0361
vn 0.9470 0.2920 0.1339
vn 0.7066 0.5653 0.4257
vn 0.7107 0.6795 0.1821
vn 0.9948 -0.0981 -0.0263
vn 0.9999 0.0110 0.0013
vn 0.9999 0.0105 0.0016
vn 0.9999 0.0099 0.0039
vn 0.9999 0.0101 0.0044
vn 0.9565 -0.2527 -0.1460
vn -0.0000 -0.9776 -0.2105
vn -0.0000 -0.8844 -0.4667
vn 0.0976 -0.9487 -0.3006
vn 0.0526 -0.8462 -0.5302
vn 0.9470 0.1859 0.2619
vn 0.7066 0.2767 0.6513
vn 0.7107 0.4974 0.4974
vn 0.9948 -0.0719 -0.0719
vn 0.9999 0.0089 0.0066
vn 0.9999 0.0083 0.0067
vn 0.9948 -0.0718 -0.0718
vn 0.9999 0.0067 0.0083
vn 0.9999 0.0066 0.0089
vn 0.9564 -0.1459 -0.2528
vn -0.0000 -0.7414 -0.6711
vn -0.0000 -0.5325 -0.8464
vn 0.0977 -0.6713 -0.7347
vn 0.0526 -0.4678 -0.8823
vn 0.9470 0.0301 0.3198
vn 0.7066 -0.0861 0.7024
vn 0.7107 0.1821 0.6795
vn 0.9948 -0.0263 -0.0982
vn 0.9999 0.0044 0.0101
vn 0.9999 0.0039 0.0099
vn 0.9948 -0.0263 -0.0981
vn 0.9999 0.0016 0.0105
vn 0.9999 0.0013 0.0110
vn 0.9564 -0.0000 -0.2919
vn -0.0000 -0.3065 -0.9519
vn -0.0000 -0.0380 -0.9993
vn 0.0977 -0.2140 -0.9719
vn 0.0526 0.0360 -0.9980
vn 0.9470 -0.1338 0.2920
vn 0.7066 -0.4257 0.5652
vn 0.7107 -0.1821 0.6795
vn 0.9948 0.0263 -0.0982
vn 0.9999 -0.0013 0.0110
vn 0.9999 -0.0016 0.0105
vn 0.9948 0.0263 -0.0981
vn 0.9999 -0.0039 0.0099
vn 0.9999 -0.0044 0.0101
vn 0.9565 0.1459 -0.2528
vn -0.0000 0.2105 -0.9776
vn -0.0000 0.4667 -0.8844
vn 0.0977 0.3006 -0.9487
vn 0.0526 0.5302 -0.8463
vn 0.9470 -0.2620 0.1860
vn 0.7066 -0.6513 0.2767
vn 0.7107 -0.4975 0.4975
vn 0.9948 0.0719 -0.0718
vn 0.9999 -0.0066 0.0089
vn 0.9999 -0.0067 0.0083
vn 0.9948 0.0718 -0.0718
vn 0.9999 -0.0083 0.0067
vn 0.9999 -0.0089 0.0066
vn 0.9565 0.2526 -0.1460
vn -0.0000 0.6711 -0.7414
vn -0.0000 0.8464 -0.5325
vn 0.0977 0.7347 -0.6713
vn 0.0526 0.8823 -0.4678
vn 0.7107 -0.6795 0.1821
vn 0.9948 0.0981 -0.0263
vn 0.9999 -0.0101 0.0044
vn 0.9999 -0.0099 0.0039
vn 0.9948 0.0980 -0.0263
vn 0.9999 -0.0105 0.0016
vn -0.0000 0.9519 -0.3065
vn -0.0000 0.9993 -0.0380
vn 0.0977 0.9719 -0.2140
vn 0.0526 0.9980 0.0360
vn -1.0000 0.0029 0.0013
vn -1.0000 -0.0000 -0.0000
vn -1.0000 0.0032 0.0004
vn -1.0000 0.0019 0.0026
vn -1.0000 0.0001 0.0001
vn -1.0000 0.0026 0.0019
vn -1.0000 0.0004 0.0032
vn -1.0000 0.0013 0.0029
vn -1.0000 -0.0013 0.0029
vn -1.0000 -0.0004 0.0032
vn -1.0000 -0.0026 0.0019
vn -1.0000 -0.0019 0.0026
vn -1.0000 -0.0032 0.0004
vn -1.0000 -0.0029 0.0013
vn -1.0000 -0.0029 -0.0013
vn -1.0000 -0.0032 -0.0004
vn -1.0000 -0.0019 -0.0026
vn -1.0000 -0.0026 -0.0019
vn -1.0000 -0.0004 -0.0032
vn -1.0000 -0.0013 -0.0029
vn -1.0000 0.0013 -0.0029
vn -1.0000 0.0004 -0.0032
vn -1.0000 0.0026 -0.0019
vn -1.0000 0.0001 -0.0001
vn -1.0000 0.0019 -0.0026
vn -1.0000 0.0032 -0.0004
vn -1.0000 0.0029 -0.0013
vn 0.7209 -0.0786 0.6885
vn 0.7210 -0.0786 0.6885
vn 0.9068 -0.0006 0.4216
vn -0.0000 -0.1134 0.9936
vn -0.0000 -0.2104 0.9776
vn 0.7210 -0.2762 0.6355
vn 0.7210 -0.2762 0.6356
vn 0.9566 -0.1458 0.2525
vt 0.578467 0.547188
vt 0.578507 0.600961
vt 0.551615 0.593756
vt 0.546658 0.603067
vt 0.562792 0.607390
vt 0.578925 0.611712
vt 0.544364 0.607040
vt 0.561644 0.611670
vt 0.465449 0.762505
vt 0.465448 0.750764
vt 0.484741 0.762515
vt 0.484740 0.750767
vt 0.484738 0.739020
vt 0.465447 0.739023
vt 0.403087 0.750711
vt 0.403087 0.739026
vt 0.457570 0.750760
vt 0.457570 0.739024
vt 0.531932 0.574071
vt 0.523039 0.579447
vt 0.534849 0.591257
vt 0.519065 0.581741
vt 0.531714 0.594391
vt 0.465446 0.726252
vt 0.484738 0.726248
vt 0.484737 0.713476
vt 0.465445 0.713482
vt 0.403087 0.726237
vt 0.403087 0.713449
vt 0.457570 0.726252
vt 0.457570 0.713481
vt 0.524725 0.547182
vt 0.514392 0.547182
vt 0.518715 0.563314
vt 0.509806 0.547182
vt 0.514435 0.564461
vt 0.465445 0.701304
vt 0.484737 0.701299
vt 0.484737 0.689122
vt 0.465445 0.689126
vt 0.403087 0.701285
vt 0.403087 0.689121
vt 0.457570 0.701304
vt 0.457570 0.689127
vt 0.531932 0.520292
vt 0.523039 0.514916
vt 0.518715 0.531049
vt 0.519065 0.512622
vt 0.514435 0.529902
vt 0.465446 0.986198
vt 0.465446 0.973838
vt 0.484739 0.986198
vt 0.484739 0.973839
vt 0.484739 0.961481
vt 0.465447 0.961477
vt 0.403087 0.973883
vt 0.403087 0.961567
vt 0.457570 0.973840
vt 0.457570 0.961482
vt 0.551615 0.500607
vt 0.546658 0.491296
vt 0.534849 0.503106
vt 0.544364 0.487323
vt 0.531714 0.499973
vt 0.465448 0.948856
vt 0.484739 0.948863
vt 0.484739 0.936244
vt 0.465449 0.936235
vt 0.403087 0.948874
vt 0.403087 0.936181
vt 0.457570 0.948856
vt 0.457570 0.936229
vt 0.578507 0.493402
vt 0.578925 0.482651
vt 0.562791 0.486973
vt 0.578925 0.478063
vt 0.561644 0.482693
vt 0.465450 0.924566
vt 0.484739 0.924580
vt 0.484738 0.912916
vt 0.465450 0.912897
vt 0.403087 0.924527
vt 0.403087 0.912873
vt 0.457570 0.924560
vt 0.457570 0.912891
vt 0.605396 0.500607
vt 0.611188 0.491296
vt 0.595056 0.486973
vt 0.613483 0.487323
vt 0.596204 0.482693
vt 0.465451 0.901096
vt 0.484739 0.901103
vt 0.484739 0.889291
vt 0.465452 0.889295
vt 0.403087 0.901098
vt 0.403087 0.889323
vt 0.457570 0.901094
vt 0.457570 0.889297
vt 0.625079 0.520292
vt 0.634808 0.514916
vt 0.622998 0.503106
vt 0.638782 0.512622
vt 0.626132 0.499973
vt 0.465453 0.876578
vt 0.484741 0.876566
vt 0.484742 0.863841
vt 0.465454 0.863862
vt 0.403087 0.876594
vt 0.403087 0.863864
vt 0.457570 0.876582
vt 0.457570 0.863867
vt 0.632285 0.547182
vt 0.643455 0.547182
vt 0.639131 0.531049
vt 0.648044 0.547182
vt 0.643413 0.529902
vt 0.465454 0.851725
vt 0.484742 0.851717
vt 0.484742 0.839593
vt 0.465454 0.839589
vt 0.403087 0.851700
vt 0.403087 0.839536
vt 0.457570 0.851726
vt 0.457570 0.839585
vt 0.625079 0.574071
vt 0.634808 0.579447
vt 0.639132 0.563314
vt 0.638782 0.581741
vt 0.643413 0.564461
vt 0.465453 0.825410
vt 0.484741 0.825414
vt 0.484741 0.811235
vt 0.465453 0.811231
vt 0.403087 0.825406
vt 0.403087 0.811277
vt 0.457570 0.825409
vt 0.457570 0.811233
vt 0.605396 0.593756
vt 0.611189 0.603067
vt 0.622998 0.591257
vt 0.613483 0.607040
vt 0.626132 0.594390
vt 0.465452 0.798433
vt 0.484740 0.798436
vt 0.484739 0.785638
vt 0.465451 0.785635
vt 0.403087 0.798522
vt 0.403087 0.785767
vt 0.457570 0.798437
vt 0.457570 0.785642
vt 0.595057 0.607390
vt 0.578925 0.616300
vt 0.596204 0.611670
vt 0.465450 0.774070
vt 0.484740 0.774077
vt 0.403087 0.774081
vt 0.403087 0.762396
vt 0.457570 0.774069
vt 0.457570 0.762496
vt 0.609457 0.727826
vt 0.595896 0.733138
vt 0.580956 0.679385
vt 0.581490 0.735320
vt 0.629931 0.707352
vt 0.620843 0.718735
vt 0.637425 0.679385
vt 0.635246 0.693788
vt 0.629931 0.651418
vt 0.635246 0.664982
vt 0.608923 0.630945
vt 0.620568 0.640035
vt 0.580956 0.623451
vt 0.595346 0.625632
vt 0.553522 0.630945
vt 0.566814 0.625632
vt 0.533049 0.651418
vt 0.542142 0.640035
vt 0.525556 0.679385
vt 0.527740 0.664982
vt 0.533049 0.707353
vt 0.527740 0.693789
vt 0.553522 0.727826
vt 0.542142 0.718735
vt 0.567089 0.733138
vt 0.457570 0.825304
vt 0.465446 0.825302
vt 0.403087 0.986198
vt 0.457570 0.986198
s 1
usemtl 24_-_Default.001
f 526/377/413 525/378/414 527/379/415
f 529/380/416 527/379/415 635/381/417
f 635/381/417 527/379/415 528/382/418
f 528/382/418 527/379/415 525/378/414
f 531/383/413 529/380/416 636/384/413
f 635/381/417 636/384/413 529/380/416
f 532/385/419 599/386/420 530/387/421
f 530/387/421 599/386/420 659/388/422
f 660/388/423 599/386/424 661/389/423
f 662/389/425 599/386/420 533/390/426
f 601/391/427 535/392/428 600/393/429
f 588/394/430 600/393/429 535/392/428
f 526/377/413 527/379/415 536/395/431
f 537/396/432 536/395/431 637/397/433
f 637/397/433 536/395/431 529/380/416
f 529/380/416 536/395/431 527/379/415
f 538/398/413 537/396/432 638/399/413
f 637/397/433 638/399/413 537/396/432
f 533/390/426 602/400/434 663/389/435
f 664/389/436 602/400/437 665/401/436
f 666/401/438 602/400/437 667/402/438
f 668/402/439 602/400/434 589/403/440
f 604/404/441 540/405/442 603/406/443
f 539/407/444 603/406/443 540/405/442
f 526/377/413 536/395/431 541/408/445
f 542/409/446 541/408/445 639/410/447
f 639/410/447 541/408/445 537/396/432
f 537/396/432 541/408/445 536/395/431
f 543/411/413 542/409/446 640/412/413
f 639/410/447 640/412/413 542/409/446
f 589/403/440 605/413/448 669/402/449
f 670/402/450 605/413/451 671/414/450
f 672/414/452 605/413/451 673/415/452
f 674/415/453 605/413/448 590/416/454
f 607/417/455 545/418/456 606/419/457
f 544/420/458 606/419/457 545/418/456
f 526/377/413 541/408/445 546/421/459
f 547/422/460 546/421/459 641/423/461
f 641/423/461 546/421/459 542/409/446
f 542/409/446 546/421/459 541/408/445
f 548/424/413 547/422/460 642/425/413
f 641/423/461 642/425/413 547/422/460
f 675/426/462 608/427/463 676/428/462
f 677/428/464 608/427/465 678/429/464
f 679/429/466 608/427/467 680/430/466
f 681/430/468 608/427/469 591/431/470
f 610/432/471 550/433/472 609/434/473
f 549/435/474 609/434/473 550/433/472
f 526/377/413 546/421/459 551/436/475
f 552/437/476 551/436/475 643/438/477
f 643/438/477 551/436/475 547/422/460
f 547/422/460 551/436/475 546/421/459
f 553/439/413 552/437/476 644/440/413
f 643/438/477 644/440/413 552/437/476
f 591/431/478 611/441/479 682/430/480
f 683/430/481 611/441/482 684/442/481
f 685/442/483 611/441/484 686/443/483
f 687/443/485 611/441/479 592/444/486
f 613/445/487 555/446/488 612/447/489
f 554/448/490 612/447/489 555/446/488
f 526/377/413 551/436/475 556/449/491
f 557/450/492 556/449/491 645/451/493
f 645/451/493 556/449/491 552/437/476
f 552/437/476 556/449/491 551/436/475
f 558/452/413 557/450/492 646/453/413
f 645/451/493 646/453/413 557/450/492
f 592/444/486 614/454/494 688/443/495
f 689/443/496 614/454/497 690/455/496
f 691/455/498 614/454/497 692/456/498
f 693/456/499 614/454/494 593/457/500
f 616/458/501 560/459/502 615/460/503
f 559/461/504 615/460/503 560/459/502
f 526/377/413 556/449/491 561/462/505
f 562/463/506 561/462/505 647/464/507
f 647/464/507 561/462/505 557/450/492
f 557/450/492 561/462/505 556/449/491
f 563/465/413 562/463/506 648/466/413
f 647/464/507 648/466/413 562/463/506
f 593/457/500 617/467/508 694/456/509
f 695/456/510 617/467/508 696/468/510
f 697/468/511 617/467/508 698/469/511
f 699/469/512 617/467/508 594/470/513
f 619/471/514 565/472/515 618/473/516
f 564/474/517 618/473/516 565/472/515
f 526/377/413 561/462/505 566/475/518
f 567/476/519 566/475/518 649/477/520
f 649/477/520 566/475/518 562/463/506
f 562/463/506 566/475/518 561/462/505
f 568/478/413 567/476/519 650/479/413
f 649/477/520 650/479/413 567/476/519
f 594/470/513 620/480/521 700/469/522
f 701/469/523 620/480/524 702/481/523
f 703/481/525 620/480/524 704/482/525
f 705/482/526 620/480/521 595/483/527
f 622/484/528 570/485/529 621/486/530
f 569/487/531 621/486/530 570/485/529
f 526/377/413 566/475/518 571/488/532
f 572/489/533 571/488/532 651/490/534
f 651/490/534 571/488/532 567/476/519
f 567/476/519 571/488/532 566/475/518
f 573/491/413 572/489/533 652/492/413
f 651/490/534 652/492/413 572/489/533
f 595/483/527 623/493/535 706/482/536
f 707/482/537 623/493/538 708/494/537
f 709/494/539 623/493/538 710/495/539
f 711/495/540 623/493/535 596/496/541
f 625/497/542 575/498/543 624/499/544
f 574/500/545 624/499/544 575/498/543
f 526/377/413 571/488/532 576/501/546
f 577/502/547 576/501/546 653/503/548
f 653/503/548 576/501/546 572/489/533
f 572/489/533 576/501/546 571/488/532
f 578/504/413 577/502/547 654/505/413
f 653/503/548 654/505/413 577/502/547
f 596/496/541 626/506/549 712/495/550
f 713/495/551 626/506/552 714/507/551
f 715/507/553 626/506/552 716/508/553
f 717/508/554 626/506/549 597/509/555
f 628/510/556 580/511/557 627/512/558
f 579/513/559 627/512/558 580/511/557
f 526/377/413 576/501/546 581/514/560
f 582/515/561 581/514/560 655/516/562
f 655/516/562 581/514/560 577/502/547
f 577/502/547 581/514/560 576/501/546
f 583/517/413 582/515/561 656/518/413
f 655/516/562 656/518/413 582/515/561
f 597/509/555 629/519/563 718/508/564
f 719/508/565 629/519/566 720/520/565
f 721/520/567 629/519/566 722/521/567
f 723/521/568 629/519/563 584/522/569
f 631/523/570 585/524/571 630/525/572
f 598/526/573 630/525/572 585/524/571
f 526/377/413 581/514/560 525/378/414
f 528/382/418 525/378/414 657/527/574
f 657/527/574 525/378/414 582/515/561
f 582/515/561 525/378/414 581/514/560
f 724/528/413 528/382/418 658/529/413
f 657/527/574 658/529/413 528/382/418
f 584/522/569 632/530/575 725/521/576
f 726/521/577 632/530/578 727/531/577
f 728/531/579 632/530/575 530/387/421
f 530/387/421 632/530/575 532/385/419
f 634/532/580 534/533/581 633/534/582
f 587/535/583 633/534/582 534/533/581
f 729/536/584 730/537/584 586/538/585
f 731/539/586 586/538/585 732/537/586
f 733/540/587 734/541/587 586/538/588
f 735/536/589 586/538/585 736/541/589
f 737/542/590 738/543/590 586/538/585
f 739/540/591 586/538/585 740/543/591
f 741/544/592 742/545/592 586/538/585
f 743/542/593 586/538/585 744/545/593
f 745/546/594 746/547/594 586/538/585
f 747/544/595 586/538/585 748/547/595
f 749/548/596 750/549/596 586/538/585
f 751/546/597 586/538/585 752/549/597
f 753/550/598 754/551/598 586/538/585
f 755/548/599 586/538/585 756/551/599
f 757/552/600 758/553/600 586/538/585
f 759/550/601 586/538/585 760/553/601
f 761/554/602 762/555/602 586/538/585
f 763/552/603 586/538/585 764/555/603
f 765/556/604 766/557/604 586/538/585
f 767/554/605 586/538/585 768/557/605
f 769/558/606 770/559/606 586/538/607
f 771/556/608 586/538/585 772/559/608
f 773/539/609 774/560/609 586/538/585
f 775/558/610 586/538/585 776/560/610
f 587/535/583 600/393/429 532/385/419
f 599/386/420 532/385/419 600/393/429
f 588/394/430 603/406/443 533/390/426
f 602/400/434 533/390/426 603/406/443
f 539/407/444 606/419/457 589/403/440
f 605/413/448 589/403/440 606/419/457
f 544/420/458 777/561/611 590/416/454
f 778/562/612 590/416/613 779/561/612
f 549/435/474 612/447/489 591/431/478
f 611/441/479 591/431/478 612/447/489
f 554/448/490 615/460/503 592/444/486
f 614/454/494 592/444/486 615/460/503
f 559/461/504 618/473/516 593/457/500
f 617/467/508 593/457/500 618/473/516
f 564/474/517 621/486/530 594/470/513
f 620/480/521 594/470/513 621/486/530
f 569/487/531 624/499/544 595/483/527
f 623/493/535 595/483/527 624/499/544
f 574/500/545 627/512/558 596/496/541
f 626/506/549 596/496/541 627/512/558
f 579/513/559 630/525/572 597/509/555
f 629/519/563 597/509/555 630/525/572
f 598/526/573 633/534/582 584/522/569
f 632/530/575 584/522/569 633/534/582
f 534/533/581 601/391/427 587/535/583
f 600/393/429 587/535/583 601/391/427
f 535/392/428 604/404/441 588/394/430
f 603/406/443 588/394/430 604/404/441
f 540/405/442 607/417/455 539/407/444
f 606/419/457 539/407/444 607/417/455
f 780/563/614 610/432/615 781/564/614
f 609/434/473 782/564/614 610/432/471
f 550/433/472 613/445/487 549/435/474
f 612/447/489 549/435/474 613/445/487
f 555/446/488 616/458/501 554/448/490
f 615/460/503 554/448/490 616/458/501
f 560/459/502 619/471/514 559/461/504
f 618/473/516 559/461/504 619/471/514
f 565/472/515 622/484/528 564/474/517
f 621/486/530 564/474/517 622/484/528
f 570/485/529 625/497/542 569/487/531
f 624/499/544 569/487/531 625/497/542
f 575/498/543 628/510/556 574/500/545
f 627/512/558 574/500/545 628/510/556
f 580/511/557 631/523/570 579/513/559
f 630/525/572 579/513/559 631/523/570
f 585/524/571 634/532/580 598/526/573
f 633/534/582 598/526/573 634/532/580
f 588/394/430 533/390/426 600/393/429
f 599/386/420 600/393/429 533/390/426
f 539/407/444 589/403/440 603/406/443
f 602/400/434 603/406/443 589/403/440
f 544/420/458 590/416/454 606/419/457
f 605/413/448 606/419/457 590/416/454
f 549/435/474 591/431/478 783/561/616
f 784/562/617 785/561/617 591/431/618
f 554/448/490 592/444/486 612/447/489
f 611/441/479 612/447/489 592/444/486
f 559/461/504 593/457/500 615/460/503
f 614/454/494 615/460/503 593/457/500
f 564/474/517 594/470/513 618/473/516
f 617/467/508 618/473/516 594/470/513
f 569/487/531 595/483/527 621/486/530
f 620/480/521 621/486/530 595/483/527
f 574/500/545 596/496/541 624/499/544
f 623/493/535 624/499/544 596/496/541
f 579/513/559 597/509/555 627/512/558
f 626/506/549 627/512/558 597/509/555
f 598/526/573 584/522/569 630/525/572
f 629/519/563 630/525/572 584/522/569
f 587/535/583 532/385/419 633/534/582
f 632/530/575 633/534/582 532/385/419
f 786/528/413 636/384/413 528/382/418
f 635/381/417 528/382/418 636/384/413
f 531/383/413 638/399/413 529/380/416
f 637/397/433 529/380/416 638/399/413
f 538/398/413 640/412/413 537/396/432
f 639/410/447 537/396/432 640/412/413
f 543/411/413 642/425/413 542/409/446
f 641/423/461 542/409/446 642/425/413
f 548/424/413 644/440/413 547/422/460
f 643/438/477 547/422/460 644/440/413
f 553/439/413 646/453/413 552/437/476
f 645/451/493 552/437/476 646/453/413
f 558/452/413 648/466/413 557/450/492
f 647/464/507 557/450/492 648/466/413
f 563/465/413 650/479/413 562/463/506
f 649/477/520 562/463/506 650/479/413
f 568/478/413 652/492/413 567/476/519
f 651/490/534 567/476/519 652/492/413
f 573/491/413 654/505/413 572/489/533
f 653/503/548 572/489/533 654/505/413
f 578/504/413 656/518/413 577/502/547
f 655/516/562 577/502/547 656/518/413
f 583/517/413 658/529/413 582/515/561
f 657/527/574 582/515/561 658/529/413
g WheelBackL_Mesh.002
v 0.024893 0.012658 -0.021511
v 0.024819 0.008260 -0.021509
v 0.024893 0.012068 -0.019312
v 0.026034 0.013333 -0.021511
v 0.026034 0.012653 -0.018975
v 0.026034 0.013693 -0.021511
v 0.026034 0.012965 -0.018794
v 0.026054 0.015490 -0.021510
v 0.026054 0.014522 -0.017894
v 0.019135 0.015914 -0.021509
v 0.019135 0.014889 -0.017682
v 0.024893 0.010459 -0.017702
v 0.026034 0.010796 -0.017118
v 0.026034 0.010976 -0.016806
v 0.025649 0.012087 -0.014880
v 0.019135 0.012087 -0.014880
v 0.024893 0.008260 -0.017113
v 0.026034 0.008260 -0.016438
v 0.026034 0.008260 -0.016078
v 0.025649 0.008260 -0.013855
v 0.019135 0.008260 -0.013855
v 0.024893 0.006061 -0.017702
v 0.026034 0.005723 -0.017118
v 0.026034 0.005543 -0.016806
v 0.025649 0.004433 -0.014880
v 0.019135 0.004433 -0.014880
v 0.024893 0.004451 -0.019312
v 0.026034 0.003867 -0.018975
v 0.026034 0.003554 -0.018794
v 0.025649 0.001631 -0.017682
v 0.019135 0.001631 -0.017682
v 0.024893 0.003862 -0.021511
v 0.026034 0.003187 -0.021511
v 0.026034 0.002826 -0.021511
v 0.025649 0.000606 -0.021509
v 0.019135 0.000606 -0.021509
v 0.024893 0.004451 -0.023710
v 0.026034 0.003867 -0.024047
v 0.026034 0.003554 -0.024228
v 0.025649 0.001631 -0.025336
v 0.019135 0.001631 -0.025336
v 0.024893 0.006061 -0.025320
v 0.026034 0.005723 -0.025904
v 0.026034 0.005543 -0.026217
v 0.025649 0.004433 -0.028138
v 0.019135 0.004433 -0.028138
v 0.024893 0.008260 -0.025909
v 0.026034 0.008260 -0.026584
v 0.026034 0.008260 -0.026945
v 0.025649 0.008260 -0.029163
v 0.019135 0.008260 -0.029164
v 0.024893 0.010459 -0.025320
v 0.026034 0.010796 -0.025904
v 0.026034 0.010976 -0.026217
v 0.025649 0.012087 -0.028138
v 0.019135 0.012087 -0.028138
v 0.024893 0.012069 -0.023710
v 0.026034 0.012653 -0.024047
v 0.026034 0.012965 -0.024228
v 0.026054 0.014522 -0.025125
v 0.019135 0.014889 -0.025336
v 0.019111 0.008260 -0.021509
v 0.025649 0.015914 -0.021509
v 0.025649 0.014889 -0.017682
v 0.026054 0.011875 -0.015248
v 0.026054 0.008260 -0.014279
v 0.026054 0.004645 -0.015248
v 0.026054 0.001999 -0.017895
v 0.026054 0.001030 -0.021510
v 0.026054 0.001999 -0.025125
v 0.026054 0.004645 -0.027771
v 0.026054 0.008260 -0.028739
v 0.026054 0.011875 -0.027771
v 0.025649 0.014889 -0.025336
v 0.026054 0.015276 -0.019630
v 0.025649 0.015687 -0.019519
v 0.019135 0.015687 -0.019519
v 0.026054 0.013396 -0.016374
v 0.025649 0.013697 -0.016072
v 0.019135 0.013697 -0.016072
v 0.026054 0.010140 -0.014494
v 0.025649 0.010250 -0.014082
v 0.019135 0.010250 -0.014082
v 0.026054 0.006380 -0.014494
v 0.025649 0.006270 -0.014082
v 0.019135 0.006270 -0.014082
v 0.026054 0.003124 -0.016374
v 0.025649 0.002823 -0.016072
v 0.019135 0.002823 -0.016072
v 0.026054 0.001245 -0.019630
v 0.025649 0.000833 -0.019519
v 0.019135 0.000833 -0.019519
v 0.026054 0.001245 -0.023389
v 0.025649 0.000833 -0.023499
v 0.019135 0.000833 -0.023499
v 0.026054 0.003125 -0.026645
v 0.025649 0.002823 -0.026946
v 0.019135 0.002823 -0.026946
v 0.026054 0.006380 -0.028525
v 0.025649 0.006270 -0.028936
v 0.019135 0.006270 -0.028936
v 0.026054 0.010140 -0.028525
v 0.025649 0.010250 -0.028936
v 0.019135 0.010250 -0.028936
v 0.026054 0.013396 -0.026645
v 0.025649 0.013697 -0.026946
v 0.019135 0.013697 -0.026946
v 0.026054 0.015276 -0.023389
v 0.025649 0.015687 -0.023499
v 0.019135 0.015687 -0.023499
v 0.026034 0.013130 -0.020206
v 0.026034 0.013476 -0.020113
v 0.026034 0.011825 -0.017946
v 0.026034 0.012079 -0.017692
v 0.026034 0.009565 -0.016641
v 0.026034 0.009658 -0.016295
v 0.026034 0.006955 -0.016641
v 0.026034 0.006862 -0.016295
v 0.026034 0.004694 -0.017946
v 0.026034 0.004441 -0.017692
v 0.026034 0.003389 -0.020206
v 0.026034 0.003043 -0.020113
v 0.026034 0.003389 -0.022816
v 0.026034 0.003043 -0.022909
v 0.026034 0.004694 -0.025076
v 0.026034 0.004441 -0.025330
v 0.026034 0.006955 -0.026381
v 0.026034 0.006862 -0.026728
v 0.026034 0.009565 -0.026381
v 0.026034 0.009658 -0.026728
v 0.026034 0.011825 -0.025076
v 0.026034 0.012079 -0.025330
v 0.026034 0.013130 -0.022816
v 0.026034 0.013476 -0.022909
v 0.026034 0.013476 -0.020113
v 0.026034 0.013476 -0.020113
v 0.026034 0.012965 -0.018794
v 0.026034 0.012965 -0.018794
v 0.026034 0.012965 -0.018794
v 0.026034 0.012965 -0.018794
v 0.026034 0.012079 -0.017692
v 0.026034 0.012079 -0.017692
v 0.026034 0.010976 -0.016806
v 0.026034 0.010976 -0.016806
v 0.026034 0.010976 -0.016806
v 0.026034 0.010976 -0.016806
v 0.026034 0.009658 -0.016295
v 0.026034 0.009658 -0.016295
v 0.026034 0.008260 -0.016078
v 0.026034 0.008260 -0.016078
v 0.026054 0.008260 -0.014279
v 0.026034 0.008260 -0.016078
v 0.026034 0.008260 -0.016078
v 0.026034 0.006862 -0.016295
v 0.026034 0.006862 -0.016295
v 0.026034 0.005543 -0.016806
v 0.026034 0.005543 -0.016806
v 0.026034 0.005543 -0.016806
v 0.026034 0.005543 -0.016806
v 0.026034 0.004441 -0.017692
v 0.026034 0.004441 -0.017692
v 0.026034 0.003554 -0.018794
v 0.026034 0.003554 -0.018794
v 0.026034 0.003554 -0.018794
v 0.026034 0.003554 -0.018794
v 0.026034 0.003043 -0.020113
v 0.026034 0.003043 -0.020113
v 0.026034 0.002826 -0.021511
v 0.026034 0.002826 -0.021511
v 0.026034 0.002826 -0.021511
v 0.026034 0.002826 -0.021511
v 0.026034 0.003043 -0.022909
v 0.026034 0.003043 -0.022909
v 0.026034 0.003554 -0.024228
v 0.026034 0.003554 -0.024228
v 0.026034 0.003554 -0.024228
v 0.026034 0.003554 -0.024228
v 0.026034 0.004441 -0.025330
v 0.026034 0.004441 -0.025330
v 0.026034 0.005543 -0.026217
v 0.026034 0.005543 -0.026217
v 0.026034 0.005543 -0.026217
v 0.026034 0.005543 -0.026217
v 0.026034 0.006862 -0.026728
v 0.026034 0.006862 -0.026728
v 0.026034 0.008260 -0.026945
v 0.026034 0.008260 -0.026945
v 0.026034 0.008260 -0.026945
v 0.026034 0.008260 -0.026945
v 0.026034 0.009658 -0.026728
v 0.026034 0.009658 -0.026728
v 0.026034 0.010976 -0.026217
v 0.026034 0.010976 -0.026217
v 0.026034 0.010976 -0.026217
v 0.026034 0.010976 -0.026217
v 0.026034 0.012079 -0.025330
v 0.026034 0.012079 -0.025330
v 0.026034 0.012965 -0.024228
v 0.026034 0.012965 -0.024228
v 0.026034 0.013693 -0.021511
v 0.026034 0.012965 -0.024228
v 0.026034 0.012965 -0.024228
v 0.026034 0.013476 -0.022909
v 0.026034 0.013476 -0.022909
v 0.019135 0.014889 -0.017682
v 0.019135 0.015687 -0.019519
v 0.019135 0.015914 -0.021509
v 0.019135 0.015687 -0.019519
v 0.019135 0.012087 -0.014880
v 0.019135 0.013697 -0.016072
v 0.019135 0.014889 -0.017682
v 0.019135 0.013697 -0.016072
v 0.019135 0.008260 -0.013855
v 0.019135 0.010250 -0.014082
v 0.019135 0.012087 -0.014880
v 0.019135 0.010250 -0.014082
v 0.019135 0.004433 -0.014880
v 0.019135 0.006270 -0.014082
v 0.019135 0.008260 -0.013855
v 0.019135 0.006270 -0.014082
v 0.019135 0.001631 -0.017682
v 0.019135 0.002823 -0.016072
v 0.019135 0.004433 -0.014880
v 0.019135 0.002823 -0.016072
v 0.019135 0.000606 -0.021509
v 0.019135 0.000833 -0.019519
v 0.019135 0.001631 -0.017682
v 0.019135 0.000833 -0.019519
v 0.019135 0.001631 -0.025336
v 0.019135 0.000833 -0.023499
v 0.019135 0.000606 -0.021509
v 0.019135 0.000833 -0.023499
v 0.019135 0.004433 -0.028138
v 0.019135 0.002823 -0.026946
v 0.019135 0.001631 -0.025336
v 0.019135 0.002823 -0.026946
v 0.019135 0.008260 -0.029164
v 0.019135 0.006270 -0.028936
v 0.019135 0.004433 -0.028138
v 0.019135 0.006270 -0.028936
v 0.019135 0.012087 -0.028138
v 0.019135 0.010250 -0.028936
v 0.019135 0.008260 -0.029164
v 0.019135 0.010250 -0.028936
v 0.019135 0.014889 -0.025336
v 0.019135 0.013697 -0.026946
v 0.019135 0.012087 -0.028138
v 0.019135 0.013697 -0.026946
v 0.019135 0.015914 -0.021509
v 0.019135 0.015687 -0.023499
v 0.019135 0.014889 -0.025336
v 0.019135 0.015687 -0.023499
v 0.025649 0.006270 -0.014082
v 0.026054 0.006380 -0.014494
v 0.025649 0.006270 -0.014082
v 0.019135 0.008260 -0.013855
v 0.025649 0.008260 -0.013855
v 0.025649 0.008260 -0.013855
v 0.025649 0.006270 -0.014082
v 0.026054 0.006380 -0.014494
v 0.025649 0.006270 -0.014082
v 0.026034 0.013693 -0.021511
vn 1.0000 -0.0000 -0.0000
vn 0.9470 -0.3199 0.0301
vn 0.9470 -0.2921 -0.1339
vn 0.7066 -0.5653 -0.4257
vn 0.7107 -0.6795 -0.1821
vn 0.7065 -0.7024 -0.0861
vn 0.9565 0.2917 -0.0000
vn 0.9948 0.0981 0.0261
vn 0.9999 -0.0108 -0.0000
vn 0.9999 -0.0105 -0.0016
vn 0.9999 -0.0099 -0.0038
vn 0.9948 0.0980 0.0263
vn 0.9999 -0.0101 -0.0044
vn 0.9565 0.2526 0.1457
vn -0.0000 0.9776 0.2105
vn -0.0000 0.8844 0.4667
vn 0.0782 0.9501 0.3020
vn 0.0417 0.8465 0.5308
vn 0.9470 -0.1860 -0.2621
vn 0.7066 -0.2767 -0.6513
vn 0.7107 -0.4974 -0.4974
vn 0.9948 0.0718 0.0718
vn 0.9999 -0.0089 -0.0066
vn 0.9999 -0.0083 -0.0067
vn 0.9948 0.0717 0.0717
vn 0.9999 -0.0067 -0.0083
vn 0.9999 -0.0066 -0.0089
vn 0.9566 0.1458 0.2524
vn -0.0000 0.7414 0.6711
vn -0.0000 0.5326 0.8464
vn 0.0782 0.6718 0.7366
vn 0.0417 0.4677 0.8829
vn 0.9470 -0.0301 -0.3200
vn 0.7065 0.0861 -0.7024
vn 0.7107 -0.1821 -0.6795
vn 0.9948 0.0262 0.0980
vn 0.9999 -0.0044 -0.0101
vn 0.9999 -0.0038 -0.0099
vn 0.9948 0.0262 0.0979
vn 0.9999 -0.0016 -0.0105
vn 0.9999 -0.0013 -0.0110
vn 0.9068 -0.0006 0.4215
vn -0.0000 0.3065 0.9519
vn -0.0000 0.1134 0.9936
vn 0.0782 0.2134 0.9738
vn 0.1145 0.1003 0.9884
vn 0.9470 0.1339 -0.2921
vn 0.7066 0.4257 -0.5653
vn 0.7107 0.1821 -0.6795
vn 0.9999 0.0012 -0.0110
vn 0.9999 0.0026 -0.0105
vn 0.9999 0.0016 -0.0105
vn 0.9999 0.0027 -0.0104
vn 0.9999 0.0038 -0.0099
vn 0.9999 0.0029 -0.0104
vn 0.9999 0.0044 -0.0101
vn 0.9999 0.0028 -0.0104
vn 0.9566 -0.1457 0.2524
vn -0.0000 -0.2105 0.9776
vn -0.0000 -0.4667 0.8844
vn -0.0000 -0.3065 0.9519
vn 0.0416 -0.5308 0.8465
vn 0.9470 0.2620 -0.1860
vn 0.7066 0.6513 -0.2767
vn 0.7107 0.4975 -0.4974
vn 0.9565 -0.1458 0.2525
vn 0.9948 -0.0718 0.0718
vn 0.9999 0.0066 -0.0089
vn 0.9999 0.0067 -0.0083
vn 0.9948 -0.0718 0.0717
vn 0.9999 0.0083 -0.0067
vn 0.9948 -0.0717 0.0717
vn 0.9999 0.0089 -0.0066
vn 0.9565 -0.2527 0.1457
vn -0.0000 -0.6711 0.7414
vn -0.0000 -0.8464 0.5325
vn 0.0782 -0.7366 0.6717
vn 0.0417 -0.8829 0.4677
vn 0.9470 0.3198 -0.0301
vn 0.7066 0.7024 0.0861
vn 0.7107 0.6795 -0.1821
vn 0.9948 -0.0981 0.0263
vn 0.9999 0.0101 -0.0044
vn 0.9999 0.0099 -0.0038
vn 0.9948 -0.0980 0.0263
vn 0.9999 0.0105 -0.0016
vn 0.9999 0.0110 -0.0013
vn 0.9565 -0.2918 -0.0001
vn -0.0000 -0.9519 0.3065
vn -0.0000 -0.9993 0.0380
vn 0.0782 -0.9738 0.2135
vn 0.0417 -0.9985 -0.0364
vn 0.9470 0.2920 0.1339
vn 0.7066 0.5653 0.4257
vn 0.7107 0.6795 0.1821
vn 0.9948 -0.0981 -0.0263
vn 0.9999 0.0110 0.0013
vn 0.9999 0.0105 0.0016
vn 0.9999 0.0099 0.0039
vn 0.9999 0.0101 0.0044
vn 0.9565 -0.2527 -0.1460
vn -0.0000 -0.9776 -0.2105
vn -0.0000 -0.8844 -0.4667
vn 0.0782 -0.9501 -0.3021
vn 0.0417 -0.8465 -0.5308
vn 0.9470 0.1859 0.2619
vn 0.7066 0.2767 0.6513
vn 0.7107 0.4974 0.4974
vn 0.9948 -0.0719 -0.0719
vn 0.9999 0.0089 0.0066
vn 0.9999 0.0083 0.0067
vn 0.9948 -0.0718 -0.0718
vn 0.9999 0.0067 0.0083
vn 0.9999 0.0066 0.0089
vn 0.9564 -0.1459 -0.2528
vn -0.0000 -0.7414 -0.6711
vn -0.0000 -0.5325 -0.8464
vn 0.0782 -0.6717 -0.7366
vn 0.0417 -0.4676 -0.8829
vn 0.9470 0.0301 0.3198
vn 0.7066 -0.0861 0.7024
vn 0.7107 0.1821 0.6795
vn 0.9948 -0.0263 -0.0982
vn 0.9999 0.0044 0.0101
vn 0.9999 0.0039 0.0099
vn 0.9948 -0.0263 -0.0981
vn 0.9999 0.0016 0.0105
vn 0.9999 0.0013 0.0110
vn 0.9564 -0.0000 -0.2919
vn -0.0000 -0.3065 -0.9519
vn -0.0000 -0.0380 -0.9993
vn 0.0782 -0.2134 -0.9738
vn 0.0417 0.0365 -0.9985
vn 0.9470 -0.1338 0.2920
vn 0.7066 -0.4257 0.5652
vn 0.7107 -0.1821 0.6795
vn 0.9948 0.0263 -0.0982
vn 0.9999 -0.0013 0.0110
vn 0.9999 -0.0016 0.0105
vn 0.9948 0.0263 -0.0981
vn 0.9999 -0.0039 0.0099
vn 0.9999 -0.0044 0.0101
vn 0.9565 0.1459 -0.2528
vn -0.0000 0.2105 -0.9776
vn -0.0000 0.4667 -0.8844
vn 0.0782 0.3021 -0.9501
vn 0.0417 0.5308 -0.8465
vn 0.9470 -0.2620 0.1860
vn 0.7066 -0.6513 0.2767
vn 0.7107 -0.4975 0.4975
vn 0.9948 0.0719 -0.0718
vn 0.9999 -0.0066 0.0089
vn 0.9999 -0.0067 0.0083
vn 0.9948 0.0718 -0.0718
vn 0.9999 -0.0083 0.0067
vn 0.9999 -0.0089 0.0066
vn 0.9565 0.2526 -0.1460
vn -0.0000 0.6711 -0.7414
vn -0.0000 0.8464 -0.5326
vn 0.0782 0.7366 -0.6718
vn 0.0417 0.8829 -0.4676
vn 0.7107 -0.6795 0.1821
vn 0.9948 0.0981 -0.0263
vn 0.9999 -0.0101 0.0044
vn 0.9999 -0.0099 0.0039
vn 0.9948 0.0980 -0.0263
vn 0.9999 -0.0105 0.0016
vn -0.0000 0.9519 -0.3065
vn -0.0000 0.9993 -0.0380
vn 0.0782 0.9738 -0.2135
vn 0.0417 0.9985 0.0365
vn -1.0000 0.0029 0.0013
vn -1.0000 -0.0000 -0.0000
vn -1.0000 0.0032 0.0004
vn -1.0000 0.0019 0.0026
vn -1.0000 0.0001 0.0001
vn -1.0000 0.0026 0.0019
vn -1.0000 0.0004 0.0032
vn -1.0000 0.0013 0.0029
vn -1.0000 -0.0013 0.0029
vn -1.0000 -0.0004 0.0032
vn -1.0000 -0.0026 0.0019
vn -1.0000 -0.0001 0.0001
vn -1.0000 -0.0019 0.0026
vn -1.0000 -0.0032 0.0004
vn -1.0000 -0.0029 0.0013
vn -1.0000 -0.0029 -0.0013
vn -1.0000 -0.0032 -0.0004
vn -1.0000 -0.0019 -0.0026
vn -1.0000 -0.0026 -0.0019
vn -1.0000 -0.0001 -0.0001
vn -1.0000 -0.0004 -0.0032
vn -1.0000 -0.0013 -0.0029
vn -1.0000 0.0013 -0.0029
vn -1.0000 0.0004 -0.0032
vn -1.0000 0.0026 -0.0019
vn -1.0000 0.0019 -0.0026
vn -1.0000 0.0032 -0.0004
vn -1.0000 0.0029 -0.0013
vn 0.7209 -0.0786 0.6885
vn 0.7210 -0.0786 0.6885
vn 0.9068 -0.0006 0.4216
vn -0.0000 -0.1134 0.9936
vn -0.0000 -0.2104 0.9776
vn 0.7210 -0.2762 0.6355
vn 0.9566 -0.1458 0.2525
vt 0.578467 0.547188
vt 0.578507 0.600961
vt 0.551615 0.593756
vt 0.546658 0.603067
vt 0.562792 0.607390
vt 0.578925 0.611712
vt 0.544364 0.607040
vt 0.561644 0.611670
vt 0.465449 0.762505
vt 0.465448 0.750764
vt 0.484741 0.762515
vt 0.484740 0.750767
vt 0.484738 0.739020
vt 0.465447 0.739023
vt 0.403087 0.750711
vt 0.403087 0.739026
vt 0.457570 0.750760
vt 0.457570 0.739024
vt 0.531932 0.574071
vt 0.523039 0.579447
vt 0.534849 0.591257
vt 0.519065 0.581741
vt 0.531714 0.594391
vt 0.465446 0.726252
vt 0.484738 0.726248
vt 0.484737 0.713476
vt 0.465445 0.713482
vt 0.403087 0.726237
vt 0.403087 0.713449
vt 0.457570 0.726252
vt 0.457570 0.713481
vt 0.524725 0.547182
vt 0.514392 0.547182
vt 0.518715 0.563314
vt 0.509806 0.547182
vt 0.514435 0.564461
vt 0.465445 0.701304
vt 0.484737 0.701299
vt 0.484737 0.689122
vt 0.465445 0.689126
vt 0.403087 0.701285
vt 0.403087 0.689121
vt 0.457570 0.701304
vt 0.457570 0.689127
vt 0.531932 0.520292
vt 0.523039 0.514916
vt 0.518715 0.531049
vt 0.519065 0.512622
vt 0.514435 0.529902
vt 0.465446 0.986198
vt 0.465446 0.973838
vt 0.484739 0.986198
vt 0.484739 0.973839
vt 0.484739 0.961481
vt 0.465447 0.961477
vt 0.403087 0.973883
vt 0.403087 0.961567
vt 0.457570 0.973840
vt 0.457570 0.961482
vt 0.551615 0.500607
vt 0.546658 0.491296
vt 0.534849 0.503106
vt 0.544364 0.487323
vt 0.531714 0.499973
vt 0.465448 0.948856
vt 0.484739 0.948863
vt 0.484739 0.936244
vt 0.465449 0.936235
vt 0.403087 0.948874
vt 0.403087 0.936181
vt 0.457570 0.948856
vt 0.457570 0.936229
vt 0.578507 0.493402
vt 0.578925 0.482651
vt 0.562791 0.486973
vt 0.578925 0.478063
vt 0.561644 0.482693
vt 0.465450 0.924566
vt 0.484739 0.924580
vt 0.484738 0.912916
vt 0.465450 0.912897
vt 0.403087 0.924527
vt 0.403087 0.912873
vt 0.457570 0.924560
vt 0.457570 0.912891
vt 0.605396 0.500607
vt 0.611188 0.491296
vt 0.595056 0.486973
vt 0.613483 0.487323
vt 0.596204 0.482693
vt 0.465451 0.901096
vt 0.484739 0.901103
vt 0.484739 0.889291
vt 0.465452 0.889295
vt 0.403087 0.901098
vt 0.403087 0.889323
vt 0.457570 0.901094
vt 0.457570 0.889297
vt 0.625079 0.520292
vt 0.634808 0.514916
vt 0.622998 0.503106
vt 0.638782 0.512622
vt 0.626132 0.499973
vt 0.465453 0.876578
vt 0.484741 0.876566
vt 0.484742 0.863841
vt 0.465454 0.863862
vt 0.403087 0.876594
vt 0.403087 0.863864
vt 0.457570 0.876582
vt 0.457570 0.863867
vt 0.632285 0.547182
vt 0.643455 0.547182
vt 0.639131 0.531049
vt 0.648044 0.547182
vt 0.643413 0.529902
vt 0.465454 0.851725
vt 0.484742 0.851717
vt 0.484742 0.839593
vt 0.465454 0.839589
vt 0.403087 0.851700
vt 0.403087 0.839536
vt 0.457570 0.851726
vt 0.457570 0.839585
vt 0.625079 0.574071
vt 0.634808 0.579447
vt 0.639132 0.563314
vt 0.638782 0.581741
vt 0.643413 0.564461
vt 0.465453 0.825410
vt 0.484741 0.825414
vt 0.484741 0.811235
vt 0.465453 0.811231
vt 0.403087 0.825406
vt 0.403087 0.811277
vt 0.457570 0.825409
vt 0.457570 0.811233
vt 0.605396 0.593756
vt 0.611189 0.603067
vt 0.622998 0.591257
vt 0.613483 0.607040
vt 0.626132 0.594390
vt 0.465452 0.798433
vt 0.484740 0.798436
vt 0.484739 0.785638
vt 0.465451 0.785635
vt 0.403087 0.798522
vt 0.403087 0.785767
vt 0.457570 0.798437
vt 0.457570 0.785642
vt 0.595057 0.607390
vt 0.578925 0.616300
vt 0.596204 0.611670
vt 0.465450 0.774070
vt 0.484740 0.774077
vt 0.403087 0.774081
vt 0.403087 0.762396
vt 0.457570 0.774069
vt 0.457570 0.762496
vt 0.609457 0.727826
vt 0.595896 0.733138
vt 0.580956 0.679385
vt 0.581490 0.735320
vt 0.629931 0.707352
vt 0.620843 0.718735
vt 0.637425 0.679385
vt 0.635246 0.693788
vt 0.629931 0.651418
vt 0.635246 0.664982
vt 0.608923 0.630945
vt 0.620568 0.640035
vt 0.580956 0.623451
vt 0.595346 0.625632
vt 0.553522 0.630945
vt 0.566814 0.625632
vt 0.533049 0.651418
vt 0.542142 0.640035
vt 0.525556 0.679385
vt 0.527740 0.664982
vt 0.533049 0.707353
vt 0.527740 0.693789
vt 0.553522 0.727826
vt 0.542142 0.718735
vt 0.567089 0.733138
vt 0.457570 0.825304
vt 0.465446 0.825302
vt 0.403087 0.986198
vt 0.457570 0.986198
s 1
usemtl 24_-_Default.001
f 788/565/619 787/566/620 789/567/621
f 791/568/622 789/567/621 897/569/623
f 897/569/623 789/567/621 790/570/624
f 790/570/624 789/567/621 787/566/620
f 793/571/619 791/568/622 898/572/619
f 897/569/623 898/572/619 791/568/622
f 794/573/625 861/574/626 792/575/627
f 792/575/627 861/574/626 921/576/628
f 922/576/629 861/574/630 923/577/629
f 924/577/631 861/574/626 795/578/632
f 863/579/633 797/580/634 862/581/635
f 850/582/636 862/581/635 797/580/634
f 788/565/619 789/567/621 798/583/637
f 799/584/638 798/583/637 899/585/639
f 899/585/639 798/583/637 791/568/622
f 791/568/622 798/583/637 789/567/621
f 800/586/619 799/584/638 900/587/619
f 899/585/639 900/587/619 799/584/638
f 795/578/632 864/588/640 925/577/641
f 926/577/642 864/588/643 927/589/642
f 928/589/644 864/588/643 929/590/644
f 930/590/645 864/588/640 851/591/646
f 866/592/647 802/593/648 865/594/649
f 801/595/650 865/594/649 802/593/648
f 788/565/619 798/583/637 803/596/651
f 804/597/652 803/596/651 901/598/653
f 901/598/653 803/596/651 799/584/638
f 799/584/638 803/596/651 798/583/637
f 805/599/619 804/597/652 902/600/619
f 901/598/653 902/600/619 804/597/652
f 851/591/646 867/601/654 931/590/655
f 932/590/656 867/601/657 933/602/656
f 934/602/658 867/601/657 935/603/658
f 936/603/659 867/601/654 852/604/660
f 869/605/661 807/606/662 868/607/663
f 806/608/664 868/607/663 807/606/662
f 788/565/619 803/596/651 808/609/665
f 809/610/666 808/609/665 903/611/667
f 903/611/667 808/609/665 804/597/652
f 804/597/652 808/609/665 803/596/651
f 810/612/619 809/610/666 904/613/619
f 903/611/667 904/613/619 809/610/666
f 937/614/668 870/615/669 938/616/668
f 939/616/670 870/615/671 940/617/670
f 941/617/672 870/615/673 942/618/672
f 943/618/674 870/615/675 853/619/676
f 872/620/677 812/621/678 871/622/679
f 811/623/680 871/622/679 812/621/678
f 788/565/619 808/609/665 813/624/681
f 814/625/682 813/624/681 905/626/683
f 905/626/683 813/624/681 809/610/666
f 809/610/666 813/624/681 808/609/665
f 815/627/619 814/625/682 906/628/619
f 905/626/683 906/628/619 814/625/682
f 853/619/684 873/629/685 944/618/686
f 945/618/687 873/629/688 946/630/687
f 947/630/689 873/629/690 948/631/689
f 949/631/691 873/629/685 854/632/692
f 875/633/693 817/634/694 874/635/695
f 816/636/696 874/635/695 817/634/694
f 788/565/619 813/624/681 818/637/697
f 819/638/698 818/637/697 907/639/699
f 907/639/699 818/637/697 814/625/682
f 814/625/682 818/637/697 813/624/681
f 820/640/619 819/638/698 908/641/619
f 907/639/699 908/641/619 819/638/698
f 854/632/692 876/642/700 950/631/701
f 951/631/702 876/642/703 952/643/702
f 953/643/704 876/642/703 954/644/704
f 955/644/705 876/642/700 855/645/706
f 878/646/707 822/647/708 877/648/709
f 821/649/710 877/648/709 822/647/708
f 788/565/619 818/637/697 823/650/711
f 824/651/712 823/650/711 909/652/713
f 909/652/713 823/650/711 819/638/698
f 819/638/698 823/650/711 818/637/697
f 825/653/619 824/651/712 910/654/619
f 909/652/713 910/654/619 824/651/712
f 855/645/706 879/655/714 956/644/715
f 957/644/716 879/655/714 958/656/716
f 959/656/717 879/655/714 960/657/717
f 961/657/718 879/655/714 856/658/719
f 881/659/720 827/660/721 880/661/722
f 826/662/723 880/661/722 827/660/721
f 788/565/619 823/650/711 828/663/724
f 829/664/725 828/663/724 911/665/726
f 911/665/726 828/663/724 824/651/712
f 824/651/712 828/663/724 823/650/711
f 830/666/619 829/664/725 912/667/619
f 911/665/726 912/667/619 829/664/725
f 856/658/719 882/668/727 962/657/728
f 963/657/729 882/668/730 964/669/729
f 965/669/731 882/668/730 966/670/731
f 967/670/732 882/668/727 857/671/733
f 884/672/734 832/673/735 883/674/736
f 831/675/737 883/674/736 832/673/735
f 788/565/619 828/663/724 833/676/738
f 834/677/739 833/676/738 913/678/740
f 913/678/740 833/676/738 829/664/725
f 829/664/725 833/676/738 828/663/724
f 835/679/619 834/677/739 914/680/619
f 913/678/740 914/680/619 834/677/739
f 857/671/733 885/681/741 968/670/742
f 969/670/743 885/681/744 970/682/743
f 971/682/745 885/681/744 972/683/745
f 973/683/746 885/681/741 858/684/747
f 887/685/748 837/686/749 886/687/750
f 836/688/751 886/687/750 837/686/749
f 788/565/619 833/676/738 838/689/752
f 839/690/753 838/689/752 915/691/754
f 915/691/754 838/689/752 834/677/739
f 834/677/739 838/689/752 833/676/738
f 840/692/619 839/690/753 916/693/619
f 915/691/754 916/693/619 839/690/753
f 858/684/747 888/694/755 974/683/756
f 975/683/757 888/694/758 976/695/757
f 977/695/759 888/694/758 978/696/759
f 979/696/760 888/694/755 859/697/761
f 890/698/762 842/699/763 889/700/764
f 841/701/765 889/700/764 842/699/763
f 788/565/619 838/689/752 843/702/766
f 844/703/767 843/702/766 917/704/768
f 917/704/768 843/702/766 839/690/753
f 839/690/753 843/702/766 838/689/752
f 845/705/619 844/703/767 918/706/619
f 917/704/768 918/706/619 844/703/767
f 859/697/761 891/707/769 980/696/770
f 981/696/771 891/707/772 982/708/771
f 983/708/773 891/707/772 984/709/773
f 985/709/774 891/707/769 846/710/775
f 893/711/776 847/712/777 892/713/778
f 860/714/779 892/713/778 847/712/777
f 788/565/619 843/702/766 787/566/620
f 790/570/624 787/566/620 919/715/780
f 919/715/780 787/566/620 844/703/767
f 844/703/767 787/566/620 843/702/766
f 986/716/619 790/570/624 920/717/619
f 919/715/780 920/717/619 790/570/624
f 846/710/775 894/718/781 987/709/782
f 988/709/783 894/718/784 989/719/783
f 990/719/785 894/718/781 792/575/627
f 792/575/627 894/718/781 794/573/625
f 896/720/786 796/721/787 895/722/788
f 849/723/789 895/722/788 796/721/787
f 991/724/790 992/725/790 848/726/791
f 993/727/792 848/726/791 994/725/792
f 995/728/793 996/729/793 848/726/794
f 997/724/795 848/726/791 998/729/795
f 999/730/796 1000/731/796 848/726/791
f 1001/728/797 848/726/791 1002/731/797
f 1003/732/798 1004/733/798 848/726/791
f 1005/730/799 848/726/791 1006/733/799
f 1007/734/800 1008/735/800 848/726/801
f 1009/732/802 848/726/791 1010/735/802
f 1011/736/803 1012/737/803 848/726/791
f 1013/734/804 848/726/791 1014/737/804
f 1015/738/805 1016/739/805 848/726/791
f 1017/736/806 848/726/791 1018/739/806
f 1019/740/807 1020/741/807 848/726/791
f 1021/738/808 848/726/809 1022/741/808
f 1023/742/810 1024/743/810 848/726/791
f 1025/740/811 848/726/791 1026/743/811
f 1027/744/812 1028/745/812 848/726/791
f 1029/742/813 848/726/791 1030/745/813
f 1031/746/814 1032/747/814 848/726/791
f 1033/744/815 848/726/791 1034/747/815
f 1035/727/816 1036/748/816 848/726/791
f 1037/746/817 848/726/791 1038/748/817
f 849/723/789 862/581/635 794/573/625
f 861/574/626 794/573/625 862/581/635
f 850/582/636 865/594/649 795/578/632
f 864/588/640 795/578/632 865/594/649
f 801/595/650 868/607/663 851/591/646
f 867/601/654 851/591/646 868/607/663
f 806/608/664 1039/749/818 852/604/660
f 1040/750/819 852/604/820 1041/749/819
f 811/623/680 874/635/695 853/619/684
f 873/629/685 853/619/684 874/635/695
f 816/636/696 877/648/709 854/632/692
f 876/642/700 854/632/692 877/648/709
f 821/649/710 880/661/722 855/645/706
f 879/655/714 855/645/706 880/661/722
f 826/662/723 883/674/736 856/658/719
f 882/668/727 856/658/719 883/674/736
f 831/675/737 886/687/750 857/671/733
f 885/681/741 857/671/733 886/687/750
f 836/688/751 889/700/764 858/684/747
f 888/694/755 858/684/747 889/700/764
f 841/701/765 892/713/778 859/697/761
f 891/707/769 859/697/761 892/713/778
f 860/714/779 895/722/788 846/710/775
f 894/718/781 846/710/775 895/722/788
f 796/721/787 863/579/633 849/723/789
f 862/581/635 849/723/789 863/579/633
f 797/580/634 866/592/647 850/582/636
f 865/594/649 850/582/636 866/592/647
f 802/593/648 869/605/661 801/595/650
f 868/607/663 801/595/650 869/605/661
f 1042/751/821 872/620/822 1043/752/821
f 871/622/679 1044/752/821 872/620/677
f 812/621/678 875/633/693 811/623/680
f 874/635/695 811/623/680 875/633/693
f 817/634/694 878/646/707 816/636/696
f 877/648/709 816/636/696 878/646/707
f 822/647/708 881/659/720 821/649/710
f 880/661/722 821/649/710 881/659/720
f 827/660/721 884/672/734 826/662/723
f 883/674/736 826/662/723 884/672/734
f 832/673/735 887/685/748 831/675/737
f 886/687/750 831/675/737 887/685/748
f 837/686/749 890/698/762 836/688/751
f 889/700/764 836/688/751 890/698/762
f 842/699/763 893/711/776 841/701/765
f 892/713/778 841/701/765 893/711/776
f 847/712/777 896/720/786 860/714/779
f 895/722/788 860/714/779 896/720/786
f 850/582/636 795/578/632 862/581/635
f 861/574/626 862/581/635 795/578/632
f 801/595/650 851/591/646 865/594/649
f 864/588/640 865/594/649 851/591/646
f 806/608/664 852/604/660 868/607/663
f 867/601/654 868/607/663 852/604/660
f 811/623/680 853/619/684 1045/749/823
f 1046/750/823 1047/749/823 853/619/824
f 816/636/696 854/632/692 874/635/695
f 873/629/685 874/635/695 854/632/692
f 821/649/710 855/645/706 877/648/709
f 876/642/700 877/648/709 855/645/706
f 826/662/723 856/658/719 880/661/722
f 879/655/714 880/661/722 856/658/719
f 831/675/737 857/671/733 883/674/736
f 882/668/727 883/674/736 857/671/733
f 836/688/751 858/684/747 886/687/750
f 885/681/741 886/687/750 858/684/747
f 841/701/765 859/697/761 889/700/764
f 888/694/755 889/700/764 859/697/761
f 860/714/779 846/710/775 892/713/778
f 891/707/769 892/713/778 846/710/775
f 849/723/789 794/573/625 895/722/788
f 894/718/781 895/722/788 794/573/625
f 1048/716/619 898/572/619 790/570/624
f 897/569/623 790/570/624 898/572/619
f 793/571/619 900/587/619 791/568/622
f 899/585/639 791/568/622 900/587/619
f 800/586/619 902/600/619 799/584/638
f 901/598/653 799/584/638 902/600/619
f 805/599/619 904/613/619 804/597/652
f 903/611/667 804/597/652 904/613/619
f 810/612/619 906/628/619 809/610/666
f 905/626/683 809/610/666 906/628/619
f 815/627/619 908/641/619 814/625/682
f 907/639/699 814/625/682 908/641/619
f 820/640/619 910/654/619 819/638/698
f 909/652/713 819/638/698 910/654/619
f 825/653/619 912/667/619 824/651/712
f 911/665/726 824/651/712 912/667/619
f 830/666/619 914/680/619 829/664/725
f 913/678/740 829/664/725 914/680/619
f 835/679/619 916/693/619 834/677/739
f 915/691/754 834/677/739 916/693/619
f 840/692/619 918/706/619 839/690/753
f 917/704/768 839/690/753 918/706/619
f 845/705/619 920/717/619 844/703/767
f 919/715/780 844/703/767 920/717/619
g Skin_Mesh.004
v -0.017022 0.012473 -0.035540
v -0.004232 0.011690 -0.042947
v -0.005057 0.007777 -0.042515
v -0.004299 0.015836 0.056953
v -0.004221 0.018945 0.056181
v -0.004374 0.005431 0.058329
v -0.004221 0.020599 0.055171
v -0.004418 0.022108 0.053626
v -0.004231 0.036109 0.015816
v -0.004232 0.038199 -0.002508
v -0.004232 0.036999 -0.019421
v -0.004232 0.035561 -0.024469
v -0.004232 0.034934 -0.026526
v -0.004507 0.023933 0.049491
v -0.004232 0.034837 -0.026785
v -0.021768 0.006754 0.026771
v -0.021768 0.007609 -0.004074
v -0.021768 0.014098 0.026771
v -0.021768 0.014098 -0.004727
v -0.020184 0.020194 0.026561
v -0.020184 0.019272 -0.004194
v -0.019583 0.021583 0.025560
v -0.019869 0.020926 -0.003893
v -0.018816 0.023895 0.023731
v -0.018816 0.023895 -0.002825
v -0.023503 0.005711 -0.009588
v -0.022434 0.005769 0.029025
v -0.021762 0.007594 0.028240
v -0.022435 0.004614 0.029055
v -0.023316 0.004967 -0.009566
v -0.023980 0.004057 0.030598
v -0.023858 0.008972 0.030637
v -0.023980 0.010478 0.030147
v -0.023850 0.012735 0.032333
v -0.023469 0.014725 0.031663
v -0.023980 0.015135 0.034737
v -0.023980 0.017105 0.034421
v -0.023980 0.016149 0.039203
v -0.023980 0.017809 0.039257
v -0.024011 0.015369 0.043409
v -0.023984 0.018297 0.042734
v -0.021965 0.010758 0.029282
v -0.021965 0.015724 0.030932
v -0.021965 0.018178 0.034453
v -0.021284 0.019104 0.039139
v -0.021284 0.019361 0.043530
v -0.020644 0.021770 0.039371
v -0.018953 0.023313 0.040090
v -0.019036 0.022620 0.044794
v -0.022141 0.015800 0.047732
v -0.021675 0.018323 0.046845
v -0.019250 0.018323 0.049281
v -0.019379 0.015800 0.050089
v -0.019029 0.021682 0.048288
v -0.015752 0.035229 -0.002313
v -0.015665 0.034715 0.013989
v -0.015573 0.035959 -0.001792
v -0.015538 0.035220 0.012949
v -0.015521 0.036184 -0.000888
v -0.018603 0.024695 -0.004233
v -0.015756 0.034998 -0.003773
v -0.015566 0.035713 -0.003717
v -0.018794 0.023854 -0.004400
v -0.015693 0.034995 -0.004214
v -0.018730 0.024379 -0.004718
v -0.015135 0.034271 -0.016479
v -0.015771 0.033958 -0.016141
v -0.018702 0.025350 -0.021974
v -0.018824 0.024856 -0.022132
v -0.018237 0.026443 -0.022539
v -0.018461 0.025491 -0.022853
v -0.018223 0.026479 -0.022979
v -0.024242 0.008312 -0.009607
v -0.022208 0.008422 -0.004804
v -0.022699 0.013658 -0.005529
v -0.021406 0.019141 -0.005813
v -0.026485 0.004423 -0.013639
v -0.026485 0.007564 -0.012686
v -0.026485 0.004423 -0.012278
v -0.026485 0.008942 -0.014001
v -0.026485 0.012634 -0.013341
v -0.026485 0.012359 -0.014834
v -0.026821 0.016161 -0.015618
v -0.026615 0.015114 -0.017384
v -0.025884 0.018180 -0.020476
v -0.026485 0.016295 -0.020444
v -0.025806 0.018180 -0.024425
v -0.026485 0.015996 -0.024563
v -0.024837 0.017705 -0.030502
v -0.026485 0.014949 -0.026686
v -0.026469 0.012469 -0.028464
v -0.024837 0.016492 -0.031390
v -0.025681 0.012469 -0.031369
v -0.024716 0.013681 -0.010342
v -0.023083 0.018799 -0.011865
v -0.022596 0.020256 -0.012492
v -0.023306 0.021504 -0.020835
v -0.023306 0.021516 -0.024793
v -0.023306 0.021341 -0.028707
v -0.020486 0.020923 -0.005497
v -0.018736 0.024345 -0.025406
v -0.018191 0.023759 -0.027618
v -0.015014 0.033663 -0.019699
v -0.015014 0.035303 -0.015607
v -0.015477 0.036365 -0.002569
v -0.015444 0.035650 0.013531
v -0.016709 0.023770 -0.029815
v -0.018310 0.023245 -0.027977
v -0.016853 0.023247 -0.030204
v -0.024872 0.016137 -0.032148
v -0.024750 0.012469 -0.032154
v -0.023501 0.016137 -0.033148
v -0.023507 0.012469 -0.033166
v -0.020613 0.016137 -0.034583
v -0.020613 0.012469 -0.034655
v -0.018098 0.016137 -0.035439
v -0.017574 0.012473 -0.035490
v -0.022224 0.020975 -0.028762
v -0.024422 0.017845 -0.030402
v -0.024682 0.017143 -0.030987
v -0.023528 0.016502 -0.031527
v -0.020626 0.016341 -0.033888
v -0.018066 0.016341 -0.034634
v -0.017516 0.016346 -0.034899
v -0.017516 0.016144 -0.035491
v -0.026965 0.012286 -0.028511
v -0.026258 0.012286 -0.031328
v -0.026174 0.012286 -0.032042
v -0.025496 0.012286 -0.033011
v -0.023974 0.012011 -0.034357
v -0.020692 0.012029 -0.035942
v -0.017314 0.012029 -0.036885
v -0.017027 0.012029 -0.036913
v -0.026127 0.009666 -0.031621
v -0.026259 0.009745 -0.030852
v -0.025516 0.009570 -0.032550
v -0.026971 0.009375 -0.029497
v -0.023932 0.009163 -0.033899
v -0.020699 0.008369 -0.035867
v -0.017319 0.008187 -0.036785
v -0.017000 0.008171 -0.036848
v -0.026496 0.005319 -0.029393
v -0.025992 0.005248 -0.030967
v -0.025440 0.005130 -0.031775
v -0.024575 0.004930 -0.032765
v -0.020710 0.004662 -0.034864
v -0.017327 0.005600 -0.035535
v -0.016584 0.006703 -0.035770
v -0.020185 0.016445 -0.031850
v -0.020541 0.011181 -0.035309
v -0.020490 0.010129 -0.035679
v -0.017499 0.010093 -0.036626
v -0.017482 0.011199 -0.036262
v -0.020069 0.015502 0.050371
v -0.022576 0.015502 0.047627
v -0.024433 0.015069 0.043547
v -0.023464 0.014543 0.047744
v -0.024443 0.013059 0.045660
v -0.023795 0.012569 0.048361
v -0.024257 0.011211 0.046669
v -0.023500 0.010939 0.049112
v -0.023572 0.007248 0.047840
v -0.022605 0.006719 0.049899
v -0.022414 0.004179 0.047697
v -0.022246 0.005767 0.049661
v -0.021851 0.003696 0.049927
v -0.021736 0.005414 0.050255
v -0.020141 0.005308 0.052501
v -0.020065 0.003696 0.052556
v -0.018115 0.005202 0.054210
v -0.018125 0.003556 0.054198
v -0.020377 0.012025 0.051444
v -0.020414 0.010886 0.051703
v -0.020187 0.014370 0.050823
v -0.016696 0.012039 0.053806
v -0.016696 0.010892 0.054030
v -0.016779 0.015558 0.053308
v -0.016779 0.014313 0.053546
v -0.011728 0.012040 0.056207
v -0.010564 0.010938 0.056785
v -0.011740 0.014320 0.056180
v -0.011728 0.015560 0.056151
v -0.010564 0.003204 0.056493
v -0.010564 0.005214 0.057530
v -0.016780 0.015807 0.052058
v -0.011732 0.015787 0.054813
v -0.020014 0.006706 0.051103
v -0.010564 0.006721 0.055724
v -0.019993 0.005751 0.051393
v -0.010564 0.005751 0.056128
v -0.019994 0.005422 0.051951
v -0.010564 0.005422 0.056822
v -0.014367 0.032988 -0.023548
v -0.016311 0.033829 -0.020780
v -0.016328 0.034255 -0.020921
v -0.014367 0.033424 -0.023693
v -0.015229 0.034640 -0.019739
v -0.016341 0.035666 -0.015741
v -0.016328 0.036045 -0.015848
v -0.015268 0.035896 -0.015743
v -0.016346 0.036651 -0.002673
v -0.016393 0.037072 -0.002653
v -0.015956 0.035911 0.013465
v -0.015956 0.036305 0.013440
v -0.015278 0.036877 -0.002516
v -0.015227 0.036122 0.013620
v -0.018420 0.024507 0.024325
v -0.018245 0.024743 0.024504
v -0.017949 0.026010 0.024209
v -0.011599 0.020635 0.052537
v -0.011634 0.019429 0.053421
v -0.011634 0.018471 0.054022
v -0.017864 0.022127 0.049059
v -0.017838 0.021069 0.049508
v -0.017623 0.023105 0.045428
v -0.017461 0.023766 0.040635
v -0.017638 0.024720 0.026148
v -0.012293 0.019808 0.052810
v -0.017751 0.025638 0.024652
v -0.018010 0.024744 0.025135
v -0.017381 0.025502 0.024905
v -0.016354 0.025410 0.025283
v -0.017153 0.024744 0.025580
v -0.016923 0.024508 0.025764
v -0.013447 0.024376 0.026910
v -0.013441 0.025185 0.026477
v -0.013377 0.025667 0.026309
v -0.016283 0.025838 0.025132
v -0.017058 0.025900 0.024828
v -0.017294 0.026098 0.024449
v -0.017349 0.026379 0.024182
v -0.014818 0.035071 0.015005
v -0.014029 0.035397 0.015329
v -0.014222 0.035794 0.014572
v -0.012567 0.035785 0.015620
v -0.012627 0.036389 0.014856
v -0.014215 0.037549 -0.002385
v -0.012577 0.038007 -0.002180
v -0.012658 0.034525 -0.021532
v -0.014208 0.036643 -0.015993
v -0.012516 0.036876 -0.017023
v -0.014182 0.035220 -0.019648
v -0.012499 0.035456 -0.019739
v -0.011706 0.034872 -0.021401
v -0.011910 0.022147 0.048364
v -0.012264 0.023099 0.042606
v -0.012958 0.024593 0.028213
v -0.020261 0.014245 0.050498
v -0.011745 0.014323 0.055886
v -0.016787 0.014323 0.053329
v -0.016006 0.023791 -0.030087
v -0.016160 0.023268 -0.030477
v -0.012447 0.034392 -0.021682
v -0.011512 0.034776 -0.021648
v -0.016869 0.012473 -0.033882
v -0.004232 0.012473 -0.041891
v -0.007230 0.004959 -0.041209
v -0.004231 0.036926 0.015356
v -0.004232 0.012599 -0.040172
v -0.013844 0.012106 -0.039747
v -0.013843 0.012473 -0.038274
v -0.013705 0.006695 -0.038002
v -0.013835 0.008221 -0.039344
v -0.013794 0.012536 -0.036618
v -0.004313 0.015567 0.058347
v -0.004319 0.014366 0.058358
v -0.004255 0.012040 0.058384
v -0.004259 0.010979 0.058383
v -0.004313 0.005214 0.059144
v -0.004317 0.003175 0.058106
v -0.004278 0.006721 0.057232
v -0.004327 0.005751 0.057598
v -0.004277 0.026570 0.029122
v -0.004256 0.026952 0.028891
v -0.004846 0.026468 0.030178
v -0.004387 0.025123 0.042587
v -0.004321 0.014363 0.058043
v -0.004335 0.026084 0.029632
v -0.004232 0.037766 -0.010708
v -0.018765 0.024110 0.024133
v -0.017833 0.024420 0.025335
v -0.000003 0.012473 -0.042499
v -0.000003 0.011690 -0.043556
v -0.000003 0.007777 -0.043123
v -0.000003 0.004959 -0.041818
v -0.000003 0.036109 0.015895
v -0.000003 0.036983 0.015436
v -0.000003 0.038199 -0.002508
v -0.000003 0.037766 -0.010708
v -0.000003 0.036999 -0.020030
v -0.000003 0.035561 -0.025077
v -0.000003 0.034934 -0.027134
v -0.000003 0.034837 -0.027393
v -0.000003 0.012599 -0.040781
v -0.000003 0.015567 0.058635
v -0.000003 0.014366 0.058647
v -0.000003 0.012040 0.058673
v -0.000003 0.010979 0.058672
v -0.000003 0.005214 0.059433
v -0.000003 0.003175 0.058395
v -0.000003 0.015836 0.057242
v -0.000003 0.018945 0.056456
v -0.000003 0.006721 0.057521
v -0.000003 0.005751 0.057886
v -0.000003 0.005431 0.058618
v -0.000003 0.022109 0.053983
v -0.000003 0.020599 0.055538
v -0.000003 0.026570 0.029122
v -0.000003 0.026952 0.028891
v -0.000003 0.024181 0.049750
v -0.000003 0.026468 0.030178
v -0.000003 0.025461 0.042587
v -0.000003 0.014363 0.058331
v 0.017015 0.012473 -0.035540
v 0.004225 0.011690 -0.042947
v 0.005050 0.007777 -0.042515
v 0.004293 0.015836 0.056953
v 0.004214 0.018945 0.056181
v 0.004368 0.005431 0.058329
v 0.004214 0.020599 0.055171
v 0.004411 0.022108 0.053626
v 0.004224 0.036109 0.015816
v 0.004225 0.038199 -0.002508
v 0.004225 0.036999 -0.019421
v 0.004225 0.035561 -0.024469
v 0.004225 0.034934 -0.026526
v 0.004500 0.023933 0.049491
v 0.004225 0.034837 -0.026785
v 0.021761 0.006754 0.026771
v 0.021761 0.007609 -0.004074
v 0.021761 0.014098 0.026771
v 0.021761 0.014098 -0.004727
v 0.020177 0.020194 0.026561
v 0.020177 0.019272 -0.004194
v 0.019576 0.021583 0.025560
v 0.019862 0.020926 -0.003893
v 0.018809 0.023895 0.023731
v 0.018809 0.023895 -0.002825
v 0.023496 0.005711 -0.009588
v 0.022427 0.005769 0.029025
v 0.021755 0.007594 0.028240
v 0.022428 0.004614 0.029055
v 0.023309 0.004967 -0.009566
v 0.023973 0.004057 0.030598
v 0.023851 0.008972 0.030637
v 0.023973 0.010478 0.030147
v 0.023843 0.012735 0.032333
v 0.023462 0.014725 0.031663
v 0.023973 0.015135 0.034737
v 0.023973 0.017105 0.034421
v 0.023973 0.016149 0.039203
v 0.023973 0.017809 0.039257
v 0.024004 0.015369 0.043409
v 0.023977 0.018297 0.042734
v 0.021959 0.010758 0.029282
v 0.021959 0.015724 0.030932
v 0.021959 0.018178 0.034453
v 0.021277 0.019104 0.039139
v 0.021277 0.019361 0.043530
v 0.020637 0.021770 0.039371
v 0.018946 0.023313 0.040090
v 0.019029 0.022620 0.044794
v 0.022134 0.015800 0.047732
v 0.021668 0.018323 0.046845
v 0.019243 0.018323 0.049281
v 0.019372 0.015800 0.050089
v 0.019022 0.021682 0.048288
v 0.015745 0.035229 -0.002313
v 0.015658 0.034715 0.013989
v 0.015566 0.035959 -0.001792
v 0.015531 0.035220 0.012949
v 0.015514 0.036184 -0.000888
v 0.018597 0.024695 -0.004233
v 0.015750 0.034998 -0.003773
v 0.015559 0.035713 -0.003717
v 0.018787 0.023854 -0.004400
v 0.015686 0.034995 -0.004214
v 0.018723 0.024379 -0.004718
v 0.015128 0.034271 -0.016479
v 0.015764 0.033958 -0.016141
v 0.018695 0.025350 -0.021974
v 0.018817 0.024856 -0.022132
v 0.018230 0.026443 -0.022539
v 0.018454 0.025491 -0.022853
v 0.018216 0.026479 -0.022979
v 0.024235 0.008312 -0.009607
v 0.022201 0.008422 -0.004804
v 0.022692 0.013658 -0.005529
v 0.021399 0.019141 -0.005813
v 0.026478 0.004423 -0.013639
v 0.026478 0.007564 -0.012686
v 0.026478 0.004423 -0.012278
v 0.026478 0.008942 -0.014001
v 0.026478 0.012634 -0.013341
v 0.026478 0.012359 -0.014834
v 0.026814 0.016161 -0.015618
v 0.026608 0.015114 -0.017384
v 0.025878 0.018180 -0.020476
v 0.026478 0.016295 -0.020444
v 0.025799 0.018180 -0.024425
v 0.026478 0.015996 -0.024563
v 0.024830 0.017705 -0.030502
v 0.026478 0.014949 -0.026686
v 0.026462 0.012469 -0.028464
v 0.024830 0.016492 -0.031390
v 0.025674 0.012469 -0.031369
v 0.024709 0.013681 -0.010342
v 0.023076 0.018799 -0.011865
v 0.022589 0.020256 -0.012492
v 0.023299 0.021504 -0.020835
v 0.023299 0.021516 -0.024793
v 0.023299 0.021341 -0.028707
v 0.020480 0.020923 -0.005497
v 0.018729 0.024345 -0.025406
v 0.018184 0.023759 -0.027618
v 0.015007 0.033663 -0.019699
v 0.015007 0.035303 -0.015607
v 0.015470 0.036365 -0.002569
v 0.015437 0.035650 0.013531
v 0.016703 0.023770 -0.029815
v 0.018303 0.023245 -0.027977
v 0.016846 0.023247 -0.030204
v 0.024865 0.016137 -0.032148
v 0.024743 0.012469 -0.032154
v 0.023494 0.016137 -0.033148
v 0.023500 0.012469 -0.033166
v 0.020606 0.016137 -0.034583
v 0.020606 0.012469 -0.034655
v 0.018092 0.016137 -0.035439
v 0.017567 0.012473 -0.035490
v 0.022218 0.020975 -0.028762
v 0.024415 0.017845 -0.030402
v 0.024675 0.017143 -0.030987
v 0.023521 0.016502 -0.031527
v 0.020619 0.016341 -0.033888
v 0.018059 0.016341 -0.034634
v 0.017509 0.016346 -0.034899
v 0.017509 0.016144 -0.035491
v 0.026958 0.012286 -0.028511
v 0.026251 0.012286 -0.031328
v 0.026167 0.012286 -0.032042
v 0.025490 0.012286 -0.033011
v 0.023967 0.012011 -0.034357
v 0.020685 0.012029 -0.035942
v 0.017307 0.012029 -0.036885
v 0.017020 0.012029 -0.036913
v 0.026120 0.009666 -0.031621
v 0.026252 0.009745 -0.030852
v 0.025510 0.009570 -0.032550
v 0.026965 0.009375 -0.029497
v 0.023925 0.009163 -0.033899
v 0.020692 0.008369 -0.035867
v 0.017312 0.008187 -0.036785
v 0.016993 0.008171 -0.036848
v 0.026489 0.005319 -0.029393
v 0.025985 0.005248 -0.030967
v 0.025433 0.005130 -0.031775
v 0.024569 0.004930 -0.032765
v 0.020703 0.004662 -0.034864
v 0.017320 0.005600 -0.035535
v 0.016577 0.006703 -0.035770
v 0.020178 0.016445 -0.031850
v 0.020534 0.011181 -0.035309
v 0.020483 0.010129 -0.035679
v 0.017492 0.010093 -0.036626
v 0.017475 0.011199 -0.036262
v 0.020062 0.015502 0.050371
v 0.022569 0.015502 0.047627
v 0.024426 0.015069 0.043547
v 0.023457 0.014543 0.047744
v 0.024436 0.013059 0.045660
v 0.023788 0.012569 0.048361
v 0.024250 0.011211 0.046669
v 0.023493 0.010939 0.049112
v 0.023565 0.007248 0.047840
v 0.022598 0.006719 0.049899
v 0.022407 0.004179 0.047697
v 0.022239 0.005767 0.049661
v 0.021844 0.003696 0.049927
v 0.021729 0.005414 0.050255
v 0.020134 0.005308 0.052501
v 0.020059 0.003696 0.052556
v 0.018109 0.005202 0.054210
v 0.018118 0.003556 0.054198
v 0.020370 0.012025 0.051444
v 0.020407 0.010886 0.051703
v 0.020180 0.014370 0.050823
v 0.016690 0.012039 0.053806
v 0.016690 0.010892 0.054030
v 0.016772 0.015558 0.053308
v 0.016772 0.014313 0.053546
v 0.011722 0.012040 0.056207
v 0.010557 0.010938 0.056785
v 0.011733 0.014320 0.056180
v 0.011722 0.015560 0.056151
v 0.010557 0.003204 0.056493
v 0.010557 0.005214 0.057530
v 0.016773 0.015807 0.052058
v 0.011725 0.015787 0.054813
v 0.020007 0.006706 0.051103
v 0.010557 0.006721 0.055724
v 0.019986 0.005751 0.051393
v 0.010557 0.005751 0.056128
v 0.019987 0.005422 0.051951
v 0.010557 0.005422 0.056822
v 0.014360 0.032988 -0.023548
v 0.016304 0.033829 -0.020780
v 0.016321 0.034255 -0.020921
v 0.014360 0.033424 -0.023693
v 0.015222 0.034640 -0.019739
v 0.016334 0.035666 -0.015741
v 0.016321 0.036045 -0.015848
v 0.015261 0.035896 -0.015743
v 0.016339 0.036651 -0.002673
v 0.016386 0.037072 -0.002653
v 0.015950 0.035911 0.013465
v 0.015950 0.036305 0.013440
v 0.015271 0.036877 -0.002516
v 0.015220 0.036122 0.013620
v 0.018414 0.024507 0.024325
v 0.018238 0.024743 0.024504
v 0.017942 0.026010 0.024209
v 0.011592 0.020635 0.052537
v 0.011627 0.019429 0.053421
v 0.011627 0.018471 0.054022
v 0.017857 0.022127 0.049059
v 0.017831 0.021069 0.049508
v 0.017616 0.023105 0.045428
v 0.017455 0.023766 0.040635
v 0.017631 0.024720 0.026148
v 0.012287 0.019808 0.052810
v 0.017744 0.025638 0.024652
v 0.018003 0.024744 0.025135
v 0.017374 0.025502 0.024905
v 0.016347 0.025410 0.025283
v 0.017146 0.024744 0.025580
v 0.016916 0.024508 0.025764
v 0.013440 0.024376 0.026910
v 0.013434 0.025185 0.026477
v 0.013370 0.025667 0.026309
v 0.016276 0.025838 0.025132
v 0.017051 0.025900 0.024828
v 0.017287 0.026098 0.024449
v 0.017342 0.026379 0.024182
v 0.014811 0.035071 0.015005
v 0.014022 0.035397 0.015329
v 0.014215 0.035794 0.014572
v 0.012560 0.035785 0.015620
v 0.012620 0.036389 0.014856
v 0.014208 0.037549 -0.002385
v 0.012570 0.038007 -0.002180
v 0.012651 0.034525 -0.021532
v 0.014201 0.036643 -0.015993
v 0.012509 0.036876 -0.017023
v 0.014175 0.035220 -0.019648
v 0.012492 0.035456 -0.019739
v 0.011700 0.034872 -0.021401
v 0.011903 0.022147 0.048364
v 0.012257 0.023099 0.042606
v 0.012951 0.024593 0.028213
v 0.020254 0.014245 0.050498
v 0.011738 0.014323 0.055886
v 0.016780 0.014323 0.053329
v 0.015999 0.023791 -0.030087
v 0.016154 0.023268 -0.030477
v 0.012440 0.034392 -0.021682
v 0.011505 0.034776 -0.021648
v 0.016862 0.012473 -0.033882
v 0.004225 0.012473 -0.041891
v 0.007224 0.004959 -0.041209
v 0.004224 0.036926 0.015356
v 0.004225 0.012599 -0.040172
v 0.013837 0.012106 -0.039747
v 0.013836 0.012473 -0.038274
v 0.013698 0.006695 -0.038002
v 0.013829 0.008221 -0.039344
v 0.013788 0.012536 -0.036618
v 0.004306 0.015567 0.058347
v 0.004312 0.014366 0.058358
v 0.004248 0.012040 0.058384
v 0.004252 0.010979 0.058383
v 0.004306 0.005214 0.059144
v 0.004310 0.003175 0.058106
v 0.004271 0.006721 0.057232
v 0.004321 0.005751 0.057598
v 0.004270 0.026570 0.029122
v 0.004249 0.026952 0.028891
v 0.004840 0.026468 0.030178
v 0.004380 0.025123 0.042587
v 0.004314 0.014363 0.058043
v 0.004329 0.026084 0.029632
v 0.004225 0.037766 -0.010708
v 0.018759 0.024110 0.024133
v 0.017826 0.024420 0.025335
v -0.000003 0.026084 0.029632
v -0.008926 0.021315 -0.035824
v -0.008888 0.017137 -0.038946
v -0.010754 0.032625 -0.024720
v -0.008717 0.020834 -0.035006
v -0.008717 0.017102 -0.036562
v -0.014050 0.032929 -0.023720
v -0.010746 0.032938 -0.026611
v -0.014083 0.033393 -0.023875
v -0.010779 0.033468 -0.026791
v -0.010779 0.033959 -0.024669
v -0.013155 0.021513 -0.033001
v -0.013613 0.017039 -0.037481
v -0.013678 0.016409 -0.037885
v -0.013740 0.016144 -0.038405
v -0.004266 0.016409 -0.040749
v -0.004266 0.016144 -0.041306
v -0.004265 0.032800 -0.027350
v -0.004264 0.032925 -0.029648
v -0.004264 0.033483 -0.029846
v -0.004264 0.034038 -0.027571
v -0.004266 0.017137 -0.040246
v -0.004266 0.017314 -0.037779
v -0.004266 0.021315 -0.037619
v -0.004266 0.020823 -0.035107
v -0.000003 0.032800 -0.027959
v -0.000003 0.032925 -0.030258
v -0.000003 0.033483 -0.030457
v -0.000003 0.034038 -0.028181
v -0.000003 0.017137 -0.040858
v -0.000003 0.017314 -0.038390
v -0.000003 0.021315 -0.038230
v -0.000003 0.020823 -0.035719
v -0.000003 0.016409 -0.041361
v -0.000003 0.016144 -0.041919
v 0.008919 0.021315 -0.035824
v 0.008881 0.017137 -0.038946
v 0.010747 0.032625 -0.024720
v 0.008711 0.020834 -0.035006
v 0.008711 0.017102 -0.036562
v 0.014043 0.032929 -0.023720
v 0.010739 0.032938 -0.026611
v 0.014076 0.033393 -0.023875
v 0.010772 0.033468 -0.026791
v 0.010772 0.033959 -0.024669
v 0.013149 0.021513 -0.033001
v 0.013606 0.017039 -0.037481
v 0.013671 0.016409 -0.037885
v 0.013733 0.016144 -0.038405
v 0.004259 0.016409 -0.040749
v 0.004259 0.016144 -0.041306
v 0.004258 0.032800 -0.027350
v 0.004257 0.032925 -0.029648
v 0.004257 0.033483 -0.029846
v 0.004258 0.034038 -0.027571
v 0.004259 0.017137 -0.040246
v 0.004259 0.017314 -0.037779
v 0.004259 0.021315 -0.037619
v 0.004259 0.020823 -0.035107
v 0.008381 0.017832 -0.037060
v 0.004202 0.017832 -0.037522
v 0.000024 0.017832 -0.037823
v -0.004155 0.017832 -0.037522
v -0.008334 0.017832 -0.037060
v 0.008381 0.017962 -0.037233
v 0.004202 0.017962 -0.037695
v 0.000024 0.017962 -0.037996
v -0.004155 0.017962 -0.037695
v -0.008334 0.017962 -0.037233
v 0.008381 0.020496 -0.035050
v 0.004202 0.020496 -0.035512
v 0.000024 0.020496 -0.035813
v -0.004155 0.020496 -0.035512
v -0.008334 0.020496 -0.035050
v 0.008381 0.020627 -0.035223
v 0.004202 0.020627 -0.035685
v 0.000024 0.020627 -0.035986
v -0.004155 0.020627 -0.035685
v -0.008334 0.020627 -0.035223
v 0.015587 0.034864 -0.001151
v 0.015516 0.034238 0.012731
v 0.018380 0.024487 0.021172
v 0.021761 0.006754 0.026771
v 0.021766 0.007609 -0.004073
v 0.021761 0.014098 0.026771
v 0.021761 0.014098 -0.004727
v 0.020177 0.020194 0.026561
v 0.020182 0.019272 -0.004193
v 0.019581 0.021583 0.025560
v 0.019862 0.020926 -0.003893
v 0.018809 0.023895 0.023430
v 0.018809 0.023895 -0.002825
v 0.015745 0.035229 -0.002134
v 0.015745 0.035229 -0.002313
v 0.015658 0.034715 0.013989
v 0.015727 0.034407 0.013896
v 0.015566 0.035959 -0.001792
v 0.015618 0.035789 -0.001645
v 0.015536 0.035220 0.012949
v 0.015575 0.034994 0.012838
v 0.015514 0.036184 -0.000888
v 0.015566 0.035959 -0.000870
v 0.015560 0.034968 -0.001508
v 0.018490 0.024063 -0.002051
v 0.015427 0.035498 -0.000817
v 0.015427 0.034554 0.012835
v 0.015630 0.033778 0.013822
v 0.018485 0.024063 0.022081
v 0.015525 0.035110 -0.000694
v 0.018410 0.023509 -0.001655
v 0.018809 0.023895 0.023731
v -0.015594 0.034864 -0.001151
v -0.015523 0.034238 0.012731
v -0.018386 0.024487 0.021172
v -0.021768 0.006754 0.026771
v -0.021768 0.014098 0.026771
v -0.018816 0.023895 0.023430
v -0.015752 0.035229 -0.002134
v -0.015734 0.034407 0.013896
v -0.015625 0.035789 -0.001645
v -0.015581 0.034994 0.012838
v -0.015573 0.035959 -0.000870
v -0.015567 0.034968 -0.001508
v -0.018497 0.024063 -0.002051
v -0.015434 0.035498 -0.000817
v -0.015434 0.034554 0.012835
v -0.015636 0.033778 0.013822
v -0.018492 0.024063 0.022081
v -0.015532 0.035110 -0.000694
v -0.018417 0.023509 -0.001655
v -0.013683 0.032761 -0.021856
v -0.013333 0.033955 -0.021602
v -0.013251 0.032665 -0.022113
v -0.012993 0.033871 -0.021839
v 0.013676 0.032761 -0.021856
v 0.013326 0.033955 -0.021602
v 0.013244 0.032665 -0.022113
v 0.012987 0.033871 -0.021839
v -0.012187 0.030468 -0.025356
v -0.012600 0.029933 -0.025487
v -0.013901 0.025121 -0.029376
v -0.013369 0.024132 -0.030180
v -0.012906 0.023948 -0.030466
v -0.004266 0.031024 -0.028867
v -0.011413 0.030855 -0.025268
v -0.008779 0.023939 -0.033431
v -0.004266 0.023939 -0.035806
v -0.013732 0.024487 -0.029847
v -0.000003 0.023939 -0.036417
v -0.000003 0.031025 -0.029477
v -0.004266 0.012473 -0.041315
v -0.000003 0.012473 -0.041926
v 0.012593 0.029933 -0.025487
v 0.012180 0.030468 -0.025356
v 0.013894 0.025121 -0.029376
v 0.013725 0.024487 -0.029847
v 0.013362 0.024132 -0.030180
v 0.012900 0.023948 -0.030466
v 0.011407 0.030855 -0.025268
v 0.008773 0.023939 -0.033431
v 0.004259 0.023939 -0.035806
v 0.004259 0.031024 -0.028867
v 0.004259 0.012473 -0.041315
v -0.017516 0.016409 -0.035032
v -0.016075 0.023383 -0.030370
v -0.013251 0.032750 -0.022196
v -0.012993 0.033850 -0.021892
v -0.012447 0.034371 -0.021734
v -0.011512 0.034755 -0.021701
v -0.017516 0.016144 -0.035545
v -0.017022 0.012473 -0.035594
v -0.016421 0.021669 -0.031463
v -0.015501 0.025231 -0.028760
v -0.015681 0.024680 -0.029293
v -0.015801 0.024318 -0.029622
v -0.014123 0.029939 -0.024584
v -0.013898 0.030551 -0.023973
v -0.013709 0.031042 -0.023563
v -0.017409 0.016960 -0.034691
v -0.004266 0.034816 -0.026839
v -0.013878 0.012473 -0.038394
v -0.000003 0.034816 -0.027448
v 0.017509 0.016409 -0.035032
v 0.016068 0.023383 -0.030370
v 0.013244 0.032750 -0.022196
v 0.012987 0.033850 -0.021892
v 0.012440 0.034371 -0.021734
v 0.011505 0.034755 -0.021701
v 0.017509 0.016144 -0.035545
v 0.017015 0.012473 -0.035594
v 0.016414 0.021669 -0.031463
v 0.015494 0.025231 -0.028760
v 0.015674 0.024680 -0.029293
v 0.015794 0.024318 -0.029622
v 0.014116 0.029939 -0.024584
v 0.013891 0.030551 -0.023973
v 0.013702 0.031042 -0.023563
v 0.017402 0.016960 -0.034691
v 0.004259 0.034816 -0.026839
v 0.013871 0.012473 -0.038394
v -0.021773 0.007609 -0.004073
v -0.021768 0.014098 -0.004727
v -0.020184 0.020194 0.026561
v -0.020189 0.019272 -0.004193
v -0.019588 0.021583 0.025560
v -0.019869 0.020926 -0.003893
v -0.018816 0.023895 -0.002825
v -0.015752 0.035229 -0.002313
v -0.015665 0.034715 0.013989
v -0.015573 0.035959 -0.001792
v -0.015543 0.035220 0.012949
v -0.015521 0.036184 -0.000888
v -0.018816 0.023895 0.023731
v -0.018191 0.023759 -0.027618
v -0.023507 0.012469 -0.033166
v -0.023501 0.016137 -0.033148
v -0.023507 0.012469 -0.033166
v -0.018310 0.023245 -0.027977
v -0.018310 0.023245 -0.027977
v -0.023501 0.016137 -0.033148
v -0.023528 0.016502 -0.031527
v -0.023528 0.016502 -0.031527
v -0.023974 0.012011 -0.034357
v -0.023507 0.012469 -0.033166
v -0.023974 0.012011 -0.034357
v -0.024575 0.004930 -0.032765
v -0.023932 0.009163 -0.033899
v -0.024575 0.004930 -0.032765
v -0.023974 0.012011 -0.034357
v -0.023932 0.009163 -0.033899
v -0.023974 0.012011 -0.034357
v -0.020377 0.012025 0.051444
v -0.020414 0.010886 0.051703
v -0.020414 0.010886 0.051703
v -0.020069 0.015502 0.050371
v -0.020187 0.014370 0.050823
v -0.020187 0.014370 0.050823
v -0.018115 0.005202 0.054210
v -0.018125 0.003556 0.054198
v -0.018115 0.005202 0.054210
v -0.019379 0.015800 0.050089
v -0.020069 0.015502 0.050371
v -0.019379 0.015800 0.050089
v -0.019993 0.005751 0.051393
v -0.019994 0.005422 0.051951
v -0.019994 0.005422 0.051951
v -0.019994 0.005422 0.051951
v -0.018115 0.005202 0.054210
v -0.018115 0.005202 0.054210
v -0.015014 0.033663 -0.019699
v -0.015014 0.033663 -0.019699
v -0.016328 0.034255 -0.020921
v -0.016328 0.034255 -0.020921
v -0.016328 0.036045 -0.015848
v -0.016328 0.036045 -0.015848
v -0.013333 0.033955 -0.021602
v -0.013333 0.033955 -0.021602
v -0.016328 0.036045 -0.015848
v -0.016393 0.037072 -0.002653
v -0.016393 0.037072 -0.002653
v -0.016393 0.037072 -0.002653
v -0.015956 0.036305 0.013440
v -0.015956 0.036305 0.013440
v -0.015956 0.036305 0.013440
v -0.018245 0.024743 0.024504
v -0.018245 0.024743 0.024504
v -0.019029 0.021682 0.048288
v -0.019029 0.021682 0.048288
v -0.019250 0.018323 0.049281
v -0.019036 0.022620 0.044794
v -0.019029 0.021682 0.048288
v -0.019036 0.022620 0.044794
v -0.018953 0.023313 0.040090
v -0.019036 0.022620 0.044794
v -0.018953 0.023313 0.040090
v -0.018765 0.024110 0.024133
v -0.018953 0.023313 0.040090
v -0.018765 0.024110 0.024133
v -0.018245 0.024743 0.024504
v -0.018245 0.024743 0.024504
v -0.018245 0.024743 0.024504
v -0.018420 0.024507 0.024325
v -0.018420 0.024507 0.024325
v -0.018765 0.024110 0.024133
v -0.018420 0.024507 0.024325
v -0.018765 0.024110 0.024133
v -0.020014 0.006706 0.051103
v -0.020014 0.006706 0.051103
v -0.020414 0.010886 0.051703
v -0.020014 0.006706 0.051103
v -0.019993 0.005751 0.051393
v -0.020014 0.006706 0.051103
v -0.020187 0.014370 0.050823
v -0.020261 0.014245 0.050498
v -0.020187 0.014370 0.050823
v -0.013683 0.032761 -0.021856
v -0.013843 0.012473 -0.038274
v -0.017022 0.012473 -0.035540
v -0.017022 0.012473 -0.035540
v -0.004232 0.012473 -0.041891
v -0.013843 0.012473 -0.038274
v -0.013843 0.012473 -0.038274
v 0.018184 0.023759 -0.027618
v 0.023494 0.016137 -0.033148
v 0.023500 0.012469 -0.033166
v 0.023500 0.012469 -0.033166
v 0.018303 0.023245 -0.027977
v 0.018303 0.023245 -0.027977
v 0.023521 0.016502 -0.031527
v 0.023494 0.016137 -0.033148
v 0.023521 0.016502 -0.031527
v 0.023500 0.012469 -0.033166
v 0.023967 0.012011 -0.034357
v 0.023967 0.012011 -0.034357
v 0.023925 0.009163 -0.033899
v 0.024569 0.004930 -0.032765
v 0.024569 0.004930 -0.032765
v 0.023967 0.012011 -0.034357
v 0.023967 0.012011 -0.034357
v 0.023925 0.009163 -0.033899
v 0.020407 0.010886 0.051703
v 0.020370 0.012025 0.051444
v 0.020407 0.010886 0.051703
v 0.020180 0.014370 0.050823
v 0.020062 0.015502 0.050371
v 0.020180 0.014370 0.050823
v 0.018118 0.003556 0.054198
v 0.018109 0.005202 0.054210
v 0.018109 0.005202 0.054210
v 0.020062 0.015502 0.050371
v 0.019372 0.015800 0.050089
v 0.019372 0.015800 0.050089
v 0.019987 0.005422 0.051951
v 0.019986 0.005751 0.051393
v 0.019987 0.005422 0.051951
v 0.018109 0.005202 0.054210
v 0.019987 0.005422 0.051951
v 0.018109 0.005202 0.054210
v 0.015007 0.033663 -0.019699
v 0.015007 0.033663 -0.019699
v 0.016321 0.034255 -0.020921
v 0.016321 0.034255 -0.020921
v 0.016321 0.036045 -0.015848
v 0.016321 0.036045 -0.015848
v 0.013326 0.033955 -0.021602
v 0.013326 0.033955 -0.021602
v 0.016386 0.037072 -0.002653
v 0.016321 0.036045 -0.015848
v 0.016386 0.037072 -0.002653
v 0.015950 0.036305 0.013440
v 0.016386 0.037072 -0.002653
v 0.015950 0.036305 0.013440
v 0.018238 0.024743 0.024504
v 0.015950 0.036305 0.013440
v 0.018238 0.024743 0.024504
v 0.019022 0.021682 0.048288
v 0.019243 0.018323 0.049281
v 0.019022 0.021682 0.048288
v 0.019022 0.021682 0.048288
v 0.019029 0.022620 0.044794
v 0.019029 0.022620 0.044794
v 0.019029 0.022620 0.044794
v 0.018946 0.023313 0.040090
v 0.018946 0.023313 0.040090
v 0.018946 0.023313 0.040090
v 0.018759 0.024110 0.024133
v 0.018759 0.024110 0.024133
v 0.018238 0.024743 0.024504
v 0.018238 0.024743 0.024504
v 0.018414 0.024507 0.024325
v 0.018238 0.024743 0.024504
v 0.018414 0.024507 0.024325
v 0.018759 0.024110 0.024133
v 0.018414 0.024507 0.024325
v 0.018759 0.024110 0.024133
v 0.020007 0.006706 0.051103
v 0.020407 0.010886 0.051703
v 0.020007 0.006706 0.051103
v 0.019986 0.005751 0.051393
v 0.020007 0.006706 0.051103
v 0.020007 0.006706 0.051103
v 0.020254 0.014245 0.050498
v 0.020180 0.014370 0.050823
v 0.020180 0.014370 0.050823
v 0.013676 0.032761 -0.021856
v 0.017015 0.012473 -0.035540
v 0.013836 0.012473 -0.038274
v 0.017015 0.012473 -0.035540
v 0.013836 0.012473 -0.038274
v 0.004225 0.012473 -0.041891
v 0.013836 0.012473 -0.038274
v -0.000003 0.034934 -0.027134
v -0.000003 0.034934 -0.027134
v -0.000003 0.034934 -0.027134
v -0.010754 0.032625 -0.024720
v -0.010754 0.032625 -0.024720
v -0.013251 0.032750 -0.022196
v -0.004265 0.032800 -0.027350
v -0.004265 0.032800 -0.027350
v -0.010754 0.032625 -0.024720
v -0.010746 0.032938 -0.026611
v -0.010746 0.032938 -0.026611
v -0.014050 0.032929 -0.023720
v -0.004264 0.032925 -0.029648
v -0.004264 0.032925 -0.029648
v -0.010746 0.032938 -0.026611
v -0.014083 0.033393 -0.023875
v -0.012993 0.033850 -0.021892
v -0.014083 0.033393 -0.023875
v -0.014050 0.032929 -0.023720
v -0.014050 0.032929 -0.023720
v -0.013251 0.032750 -0.022196
v -0.012993 0.033850 -0.021892
v -0.008717 0.020834 -0.035006
v -0.008926 0.021315 -0.035824
v -0.004266 0.021315 -0.037619
v -0.004266 0.021315 -0.037619
v -0.004266 0.020823 -0.035107
v -0.008717 0.020834 -0.035006
v -0.000003 0.032800 -0.027959
v -0.000003 0.032800 -0.027959
v -0.004265 0.032800 -0.027350
v -0.000003 0.032925 -0.030258
v -0.000003 0.032925 -0.030258
v -0.004264 0.032925 -0.029648
v -0.004266 0.021315 -0.037619
v -0.000003 0.021315 -0.038230
v -0.000003 0.020823 -0.035719
v -0.000003 0.020823 -0.035719
v -0.004266 0.020823 -0.035107
v -0.004266 0.021315 -0.037619
v 0.008711 0.017102 -0.036562
v 0.008881 0.017137 -0.038946
v 0.008711 0.017102 -0.036562
v 0.010747 0.032625 -0.024720
v 0.013244 0.032750 -0.022196
v 0.010747 0.032625 -0.024720
v 0.004258 0.032800 -0.027350
v 0.010747 0.032625 -0.024720
v 0.004258 0.032800 -0.027350
v 0.010739 0.032938 -0.026611
v 0.014043 0.032929 -0.023720
v 0.010739 0.032938 -0.026611
v 0.004257 0.032925 -0.029648
v 0.010739 0.032938 -0.026611
v 0.004257 0.032925 -0.029648
v 0.014076 0.033393 -0.023875
v 0.008711 0.017102 -0.036562
v 0.008711 0.020834 -0.035006
v 0.008711 0.017102 -0.036562
v 0.008919 0.021315 -0.035824
v 0.008919 0.021315 -0.035824
v 0.008919 0.021315 -0.035824
v 0.008881 0.017137 -0.038946
v 0.008881 0.017137 -0.038946
v 0.008919 0.021315 -0.035824
v 0.008881 0.017137 -0.038946
v 0.008881 0.017137 -0.038946
v 0.004259 0.021315 -0.037619
v 0.004259 0.020823 -0.035107
v 0.004259 0.021315 -0.037619
v -0.000003 0.031025 -0.029477
v -0.000003 0.031025 -0.029477
v -0.000003 0.032800 -0.027959
v 0.004258 0.032800 -0.027350
v -0.000003 0.032800 -0.027959
v -0.000003 0.032925 -0.030258
v 0.004257 0.032925 -0.029648
v -0.000003 0.032925 -0.030258
v -0.000003 0.020823 -0.035719
v -0.000003 0.021315 -0.038230
v 0.004259 0.021315 -0.037619
v 0.004259 0.021315 -0.037619
v 0.004259 0.020823 -0.035107
v -0.000003 0.020823 -0.035719
v 0.014043 0.032929 -0.023720
v 0.014076 0.033393 -0.023875
v 0.012987 0.033850 -0.021892
v 0.012987 0.033850 -0.021892
v 0.013244 0.032750 -0.022196
v 0.014043 0.032929 -0.023720
v -0.008334 0.017832 -0.037060
v -0.008334 0.017832 -0.037060
v -0.008334 0.020496 -0.035050
v 0.008381 0.020496 -0.035050
v 0.008381 0.017832 -0.037060
v 0.008381 0.020496 -0.035050
v -0.018794 0.023854 -0.004400
v -0.018730 0.024379 -0.004718
v -0.018824 0.024856 -0.022132
v -0.018702 0.025350 -0.021974
v -0.026469 0.012469 -0.028464
v -0.025681 0.012469 -0.031369
v -0.024750 0.012469 -0.032154
v -0.023507 0.012469 -0.033166
v -0.020613 0.012469 -0.034655
v -0.017574 0.012473 -0.035490
v -0.017022 0.012473 -0.035540
v -0.026258 0.012286 -0.031328
v -0.026174 0.012286 -0.032042
v -0.025496 0.012286 -0.033011
v -0.026965 0.012286 -0.028511
v -0.020692 0.012029 -0.035942
v -0.023974 0.012011 -0.034357
v -0.020699 0.008369 -0.035867
v -0.020692 0.012029 -0.035942
v -0.020490 0.010129 -0.035679
v -0.020541 0.011181 -0.035309
v -0.020692 0.012029 -0.035942
v -0.017314 0.012029 -0.036885
v -0.017499 0.010093 -0.036626
v -0.017482 0.011199 -0.036262
v -0.017314 0.012029 -0.036885
v -0.017319 0.008187 -0.036785
v -0.020541 0.011181 -0.035309
v -0.017482 0.011199 -0.036262
v -0.017314 0.012029 -0.036885
v -0.017027 0.012029 -0.036913
v -0.013844 0.012106 -0.039747
v -0.019379 0.015800 0.050089
v -0.022141 0.015800 0.047732
v -0.024011 0.015369 0.043409
v -0.011732 0.015787 0.054813
v -0.004299 0.015836 0.056953
v -0.014367 0.032988 -0.023548
v -0.016311 0.033829 -0.020780
v -0.015014 0.033663 -0.019699
v -0.015014 0.035303 -0.015607
v -0.016341 0.035666 -0.015741
v -0.014367 0.032988 -0.023548
v -0.014367 0.033424 -0.023693
v -0.013683 0.032761 -0.021856
v -0.015477 0.036365 -0.002569
v -0.016346 0.036651 -0.002673
v -0.015444 0.035650 0.013531
v -0.015956 0.035911 0.013465
v -0.018010 0.024744 0.025135
v -0.017833 0.024420 0.025335
v -0.020187 0.014370 0.050823
v -0.023464 0.014543 0.047744
v -0.020261 0.014245 0.050498
v -0.016779 0.014313 0.053546
v -0.004321 0.014363 0.058043
v -0.004319 0.014366 0.058358
v -0.011740 0.014320 0.056180
v -0.011745 0.014323 0.055886
v -0.004232 0.011690 -0.042947
v -0.000003 0.015836 0.057242
v -0.000003 0.014366 0.058647
v -0.000003 0.014363 0.058331
v -0.000003 0.011690 -0.043556
v 0.018723 0.024379 -0.004718
v 0.018787 0.023854 -0.004400
v 0.018695 0.025350 -0.021974
v 0.018817 0.024856 -0.022132
v 0.025674 0.012469 -0.031369
v 0.026462 0.012469 -0.028464
v 0.024743 0.012469 -0.032154
v 0.023500 0.012469 -0.033166
v 0.020606 0.012469 -0.034655
v 0.017567 0.012473 -0.035490
v 0.017015 0.012473 -0.035540
v 0.026167 0.012286 -0.032042
v 0.026251 0.012286 -0.031328
v 0.025490 0.012286 -0.033011
v 0.026958 0.012286 -0.028511
v 0.020685 0.012029 -0.035942
v 0.023967 0.012011 -0.034357
v 0.020685 0.012029 -0.035942
v 0.020692 0.008369 -0.035867
v 0.020483 0.010129 -0.035679
v 0.017307 0.012029 -0.036885
v 0.020685 0.012029 -0.035942
v 0.020534 0.011181 -0.035309
v 0.017307 0.012029 -0.036885
v 0.017475 0.011199 -0.036262
v 0.017492 0.010093 -0.036626
v 0.017312 0.008187 -0.036785
v 0.017475 0.011199 -0.036262
v 0.020534 0.011181 -0.035309
v 0.017020 0.012029 -0.036913
v 0.017307 0.012029 -0.036885
v 0.013837 0.012106 -0.039747
v 0.022134 0.015800 0.047732
v 0.019372 0.015800 0.050089
v 0.024004 0.015369 0.043409
v 0.004293 0.015836 0.056953
v 0.011725 0.015787 0.054813
v 0.016304 0.033829 -0.020780
v 0.014360 0.032988 -0.023548
v 0.015007 0.035303 -0.015607
v 0.015007 0.033663 -0.019699
v 0.016334 0.035666 -0.015741
v 0.014360 0.033424 -0.023693
v 0.014360 0.032988 -0.023548
v 0.013676 0.032761 -0.021856
v 0.015470 0.036365 -0.002569
v 0.016339 0.036651 -0.002673
v 0.015437 0.035650 0.013531
v 0.015950 0.035911 0.013465
v 0.018003 0.024744 0.025135
v 0.017826 0.024420 0.025335
v 0.023457 0.014543 0.047744
v 0.020180 0.014370 0.050823
v 0.020254 0.014245 0.050498
v 0.016772 0.014313 0.053546
v 0.011733 0.014320 0.056180
v 0.004312 0.014366 0.058358
v 0.004314 0.014363 0.058043
v 0.011738 0.014323 0.055886
v 0.004225 0.011690 -0.042947
v -0.008888 0.017137 -0.038946
v -0.008717 0.017102 -0.036562
v -0.010779 0.033468 -0.026791
v -0.004264 0.033483 -0.029846
v -0.008717 0.020834 -0.035006
v -0.008926 0.021315 -0.035824
v -0.000003 0.033483 -0.030457
v 0.010772 0.033468 -0.026791
v 0.004257 0.033483 -0.029846
v 0.008919 0.021315 -0.035824
v 0.008711 0.020834 -0.035006
v -0.008334 0.020627 -0.035223
v -0.008334 0.017962 -0.037233
v -0.004155 0.020627 -0.035685
v -0.004155 0.017962 -0.037695
v -0.008334 0.017962 -0.037233
v -0.008334 0.020627 -0.035223
v 0.000024 0.020627 -0.035986
v 0.000024 0.017962 -0.037996
v 0.004202 0.020627 -0.035685
v 0.004202 0.017962 -0.037695
v 0.008381 0.020627 -0.035223
v 0.008381 0.017962 -0.037233
v 0.008381 0.017962 -0.037233
v 0.008381 0.020627 -0.035223
v 0.019581 0.021583 0.025560
v 0.018809 0.023895 0.023430
v 0.018809 0.023895 -0.002825
v 0.015745 0.035229 -0.002134
v 0.015618 0.035789 -0.001645
v 0.015566 0.035959 -0.000870
v 0.015575 0.034994 0.012838
v 0.015727 0.034407 0.013896
v 0.015560 0.034968 -0.001508
v 0.018490 0.024063 -0.002051
v 0.015427 0.035498 -0.000817
v 0.015427 0.034554 0.012835
v 0.015630 0.033778 0.013822
v 0.018485 0.024063 0.022081
v -0.019588 0.021583 0.025560
v -0.018816 0.023895 0.023430
v -0.018816 0.023895 -0.002825
v -0.015752 0.035229 -0.002134
v -0.015625 0.035789 -0.001645
v -0.015573 0.035959 -0.000870
v -0.015581 0.034994 0.012838
v -0.015734 0.034407 0.013896
v -0.015567 0.034968 -0.001508
v -0.018497 0.024063 -0.002051
v -0.015434 0.035498 -0.000817
v -0.015434 0.034554 0.012835
v -0.015636 0.033778 0.013822
v -0.018492 0.024063 0.022081
v -0.004303 0.026223 0.029017
v -0.004333 0.030707 0.022967
v -0.015693 0.034995 -0.004214
v -0.018730 0.024379 -0.004718
v -0.015771 0.033958 -0.016141
v -0.018702 0.025350 -0.021974
v -0.018237 0.026443 -0.022539
v -0.013377 0.025667 0.026309
v -0.016283 0.025838 0.025132
v -0.017058 0.025900 0.024828
v -0.017294 0.026098 0.024449
v -0.017349 0.026379 0.024182
v -0.014818 0.035071 0.015005
v -0.014029 0.035397 0.015329
v -0.012567 0.035785 0.015620
v -0.012457 0.031077 0.020609
v -0.004331 0.036109 0.015801
v -0.000003 0.036109 0.015880
v -0.000003 0.030629 0.023223
v -0.000003 0.026223 0.029017
v 0.004297 0.026223 0.029017
v 0.004326 0.030707 0.022967
v 0.015686 0.034995 -0.004214
v 0.018723 0.024379 -0.004718
v 0.015764 0.033958 -0.016141
v 0.018695 0.025350 -0.021974
v 0.018230 0.026443 -0.022539
v 0.013370 0.025667 0.026309
v 0.016276 0.025838 0.025132
v 0.017051 0.025900 0.024828
v 0.017287 0.026098 0.024449
v 0.017342 0.026379 0.024182
v 0.014811 0.035071 0.015005
v 0.014022 0.035397 0.015329
v 0.012560 0.035785 0.015620
v 0.012450 0.031077 0.020609
v 0.004324 0.036109 0.015801
v -0.004265 0.031024 -0.028867
v -0.004266 0.028946 -0.031071
v -0.011413 0.030855 -0.025268
v -0.012187 0.030468 -0.025356
v -0.012600 0.029933 -0.025487
v -0.013901 0.025121 -0.029376
v -0.013732 0.024487 -0.029847
v -0.013369 0.024132 -0.030180
v -0.012906 0.023948 -0.030466
v -0.010701 0.029322 -0.027219
v -0.004266 0.023939 -0.035806
v -0.008779 0.023939 -0.033431
v -0.000003 0.031025 -0.029477
v -0.000003 0.028946 -0.031681
v -0.000003 0.023939 -0.036417
v 0.004259 0.031024 -0.028867
v 0.004259 0.028946 -0.031071
v 0.011407 0.030855 -0.025268
v 0.012180 0.030468 -0.025356
v 0.012593 0.029933 -0.025487
v 0.013894 0.025121 -0.029376
v 0.013725 0.024487 -0.029847
v 0.013362 0.024132 -0.030180
v 0.012900 0.023948 -0.030466
v 0.010694 0.029322 -0.027219
v 0.004259 0.023939 -0.035806
v 0.008773 0.023939 -0.033431
v 0.018410 0.023509 -0.001655
v 0.015516 0.034238 0.012731
v 0.018380 0.024487 0.021172
v 0.015525 0.035110 -0.000694
v 0.015587 0.034864 -0.001151
v -0.018417 0.023509 -0.001655
v -0.015523 0.034238 0.012731
v -0.018386 0.024487 0.021172
v -0.015532 0.035110 -0.000694
v -0.015594 0.034864 -0.001151
v -0.013683 0.032761 -0.021856
v -0.013333 0.033955 -0.021602
v -0.013251 0.032665 -0.022113
v -0.012993 0.033871 -0.021839
v 0.013676 0.032761 -0.021856
v 0.013326 0.033955 -0.021602
v 0.013244 0.032665 -0.022113
v 0.012987 0.033871 -0.021839
v -0.004266 0.012473 -0.041311
v -0.017022 0.012473 -0.035540
v -0.004388 0.004863 0.027315
v -0.000003 0.007609 -0.001458
v -0.000003 0.007601 0.032964
v -0.000003 0.014098 0.032964
v -0.000003 0.020194 0.032215
v -0.000003 0.021583 0.030892
v -0.000003 0.014098 -0.002207
v -0.000003 0.019272 -0.001811
v -0.000003 0.020926 -0.001512
v -0.000003 0.023895 -0.000453
v -0.000003 0.023895 0.025844
v -0.004232 0.034837 -0.026785
v -0.012853 0.005498 -0.033466
v -0.013659 0.005223 -0.037098
v -0.013048 0.005977 -0.033431
v -0.013891 0.005781 -0.037050
v -0.013513 0.006363 -0.033284
v -0.014480 0.006319 -0.036851
v -0.014036 0.006348 -0.033078
v -0.015197 0.006319 -0.036553
v -0.014421 0.006179 -0.032914
v -0.015730 0.006049 -0.036307
v -0.004388 0.004998 -0.000951
v -0.021768 0.006754 0.026771
v -0.021768 0.007609 -0.004074
v -0.021768 0.014098 0.026771
v -0.021768 0.014098 -0.004727
v -0.020184 0.020194 0.026561
v -0.020184 0.019272 -0.004194
v -0.019583 0.021583 0.025560
v -0.019869 0.020926 -0.003893
v -0.018816 0.023895 0.023731
v -0.018816 0.023895 -0.002825
v -0.022435 0.004614 0.029055
v -0.023316 0.004967 -0.009566
v -0.023980 0.004057 0.030598
v -0.023858 0.008972 0.030637
v -0.023850 0.012735 0.032333
v -0.023980 0.015135 0.034737
v -0.023980 0.016149 0.039203
v -0.024011 0.015369 0.043409
v -0.019250 0.018323 0.049281
v -0.019379 0.015800 0.050089
v -0.024242 0.008312 -0.009607
v -0.022208 0.008422 -0.004804
v -0.022699 0.013658 -0.005529
v -0.021406 0.019141 -0.005813
v -0.026485 0.004423 -0.013639
v -0.026485 0.004423 -0.012278
v -0.026485 0.008942 -0.014001
v -0.026485 0.012359 -0.014834
v -0.026615 0.015114 -0.017384
v -0.026485 0.016295 -0.020444
v -0.026485 0.015996 -0.024563
v -0.026485 0.014949 -0.026686
v -0.026469 0.012469 -0.028464
v -0.024716 0.013681 -0.010342
v -0.023083 0.018799 -0.011865
v -0.018310 0.023245 -0.027977
v -0.016853 0.023247 -0.030204
v -0.022224 0.020975 -0.028762
v -0.024422 0.017845 -0.030402
v -0.024682 0.017143 -0.030987
v -0.023528 0.016502 -0.031527
v -0.020626 0.016341 -0.033888
v -0.018066 0.016341 -0.034634
v -0.017516 0.016346 -0.034899
v -0.017516 0.016144 -0.035491
v -0.026965 0.012286 -0.028511
v -0.026971 0.009375 -0.029497
v -0.026496 0.005319 -0.029393
v -0.025992 0.005248 -0.030967
v -0.025440 0.005130 -0.031775
v -0.024575 0.004930 -0.032765
v -0.020710 0.004662 -0.034864
v -0.017327 0.005600 -0.035535
v -0.016584 0.006703 -0.035770
v -0.020185 0.016445 -0.031850
v -0.017742 0.004412 -0.013562
v -0.017742 0.008944 -0.013593
v -0.017742 0.012374 -0.014481
v -0.018064 0.015115 -0.017166
v -0.017742 0.016298 -0.020378
v -0.017742 0.016001 -0.024716
v -0.017742 0.012460 -0.028873
v -0.017742 0.008232 -0.030093
v -0.017227 0.004531 -0.029335
v -0.017752 0.014948 -0.026945
v -0.024433 0.015069 0.043547
v -0.024443 0.013059 0.045660
v -0.024257 0.011211 0.046669
v -0.023572 0.007248 0.047840
v -0.022414 0.004179 0.047697
v -0.021851 0.003696 0.049927
v -0.020065 0.003696 0.052556
v -0.018125 0.003556 0.054198
v -0.020377 0.012025 0.051444
v -0.016696 0.012039 0.053806
v -0.011728 0.012040 0.056207
v -0.010564 0.003204 0.056493
v -0.016780 0.015807 0.052058
v -0.011732 0.015787 0.054813
v -0.011634 0.018471 0.054022
v -0.017838 0.021069 0.049508
v -0.012293 0.019808 0.052810
v -0.020261 0.014245 0.050498
v -0.011745 0.014323 0.055886
v -0.018724 0.003286 0.048048
v -0.018724 0.007252 0.049933
v -0.018725 0.011182 0.049031
v -0.018725 0.013408 0.047982
v -0.018725 0.015299 0.044866
v -0.018725 0.016771 0.041165
v -0.018725 0.015763 0.035220
v -0.018594 0.012719 0.032730
v -0.018602 0.008994 0.031753
v -0.018725 0.004071 0.030982
v -0.011981 0.009978 0.056371
v -0.016863 0.009049 0.054807
v -0.016686 0.009978 0.054668
v -0.011827 0.009049 0.056615
v -0.016863 0.007621 0.054828
v -0.011827 0.007621 0.056615
v -0.011981 0.006835 0.056371
v -0.016760 0.006835 0.054732
v -0.016110 0.009557 0.052790
v -0.012015 0.009588 0.054073
v -0.016239 0.009061 0.052764
v -0.016187 0.007604 0.052832
v -0.016058 0.007170 0.052903
v -0.011963 0.007170 0.054101
v -0.011937 0.007635 0.054116
v -0.011937 0.009061 0.054116
v -0.016510 0.007314 -0.029486
v -0.014618 0.005572 -0.032786
v -0.015986 0.005227 -0.036130
v -0.014526 0.005051 -0.032777
v -0.015854 0.004526 -0.036125
v -0.014167 0.004744 -0.032890
v -0.015377 0.004099 -0.036286
v -0.013579 0.004697 -0.033115
v -0.014595 0.004071 -0.036609
v -0.013097 0.005035 -0.033331
v -0.013924 0.004500 -0.036925
v -0.016787 0.014323 0.053329
v -0.016766 0.012393 0.054036
v -0.012122 0.012392 0.056289
v -0.020032 0.013971 0.051091
v -0.020000 0.012413 0.051796
v -0.012130 0.014043 0.056024
v -0.016869 0.014045 0.053754
v -0.016006 0.023791 -0.030087
v -0.013251 0.032665 -0.022113
v -0.016160 0.023268 -0.030477
v -0.012993 0.033871 -0.021839
v -0.012447 0.034392 -0.021682
v -0.011512 0.034776 -0.021648
v -0.017516 0.015095 -0.033967
v -0.016160 0.022017 -0.029537
v -0.013251 0.031614 -0.021404
v -0.012875 0.033246 -0.021361
v -0.012447 0.033704 -0.021364
v -0.011512 0.034087 -0.021328
v -0.015325 0.015095 -0.028425
v -0.013796 0.005322 -0.035460
v -0.013960 0.004870 -0.035355
v -0.014377 0.004684 -0.035170
v -0.014803 0.004870 -0.035013
v -0.014988 0.005322 -0.034977
v -0.014824 0.005773 -0.035082
v -0.014407 0.005960 -0.035267
v -0.013982 0.005773 -0.035424
v -0.011213 0.006148 -0.027168
v -0.011380 0.005696 -0.027073
v -0.011804 0.005509 -0.026912
v -0.012238 0.005696 -0.026780
v -0.012426 0.006148 -0.026753
v -0.012259 0.006599 -0.026849
v -0.011835 0.006786 -0.027010
v -0.011401 0.006599 -0.027142
v -0.014828 0.015095 -0.015224
v -0.015000 0.016529 -0.005754
v -0.015836 0.022548 -0.006482
v -0.000003 0.023804 -0.000745
v -0.012853 0.026181 -0.005525
v -0.003046 0.025757 -0.005127
v -0.003046 0.026181 -0.002084
v -0.013099 0.026181 -0.003247
v -0.012094 0.032742 -0.004733
v -0.003805 0.032742 -0.003748
v -0.003805 0.032742 -0.002916
v -0.012094 0.032742 -0.003862
v -0.016869 0.012473 -0.033882
v -0.007230 0.004959 -0.041209
v -0.004232 0.005469 -0.034090
v -0.004232 0.004416 -0.018349
v -0.004232 0.004395 -0.007889
v -0.004232 0.004423 -0.013241
v -0.007231 0.005847 -0.036498
v -0.004232 0.007314 -0.034764
v -0.004232 0.015115 -0.040098
v -0.004232 0.034149 -0.026450
v -0.004232 0.015115 -0.033972
v -0.004232 0.015115 -0.019821
v -0.004232 0.016548 -0.004559
v -0.003205 0.025331 -0.006434
v -0.004232 0.022548 -0.005239
v -0.004232 0.012599 -0.040172
v -0.013705 0.006695 -0.038002
v -0.013998 0.015105 -0.036633
v -0.013794 0.012536 -0.036618
v -0.004317 0.003175 0.058106
v -0.004388 0.004066 0.036880
v -0.004388 0.003064 0.051850
v -0.004388 0.004041 0.035121
v -0.004266 0.012473 -0.041317
v -0.013878 0.012473 -0.038394
v -0.000003 0.005847 -0.037106
v -0.000003 0.007314 -0.035373
v -0.000003 0.022548 -0.005238
v -0.000003 0.012473 -0.041927
v -0.000003 0.004959 -0.041818
v -0.000003 0.005469 -0.034698
v -0.000003 0.004416 -0.018958
v -0.000003 0.004423 -0.013241
v -0.000003 0.004395 -0.007889
v -0.000003 0.034837 -0.027393
v -0.000003 0.034149 -0.027058
v -0.000003 0.015115 -0.034580
v -0.000003 0.015115 -0.040706
v -0.000003 0.015115 -0.020430
v -0.000003 0.016549 -0.004559
v -0.000003 0.012599 -0.040781
v -0.000003 0.004921 -0.000996
v -0.000003 0.004863 0.027315
v -0.000003 0.003175 0.058395
v -0.000003 0.026084 0.029632
v -0.000003 0.003064 0.052139
v -0.000003 0.004066 0.036880
v -0.000003 0.004041 0.035121
v -0.000003 0.025591 0.025844
v -0.018765 0.024110 0.024133
v -0.017833 0.024420 0.025335
v -0.016923 0.024508 0.025764
v -0.013447 0.024376 0.026910
v -0.004335 0.026084 0.029632
v -0.018706 0.023015 -0.028966
v -0.017582 0.023028 -0.030541
v -0.018572 0.016756 -0.034287
v -0.020097 0.017014 -0.032092
v -0.014869 0.005211 -0.036593
v 0.004259 0.012473 -0.041311
v 0.017015 0.012473 -0.035540
v 0.004381 0.004863 0.027315
v 0.004225 0.034837 -0.026785
v 0.011939 0.005612 -0.033405
v 0.012512 0.005337 -0.037081
v 0.012136 0.006090 -0.033383
v 0.012747 0.005894 -0.037048
v 0.012609 0.006476 -0.033265
v 0.013348 0.006432 -0.036887
v 0.013144 0.006462 -0.033093
v 0.014082 0.006432 -0.036634
v 0.013539 0.006292 -0.032954
v 0.014630 0.006162 -0.036423
v 0.004381 0.004998 -0.000951
v 0.021761 0.006754 0.026771
v 0.021761 0.007609 -0.004074
v 0.021761 0.014098 0.026771
v 0.021761 0.014098 -0.004727
v 0.020177 0.020194 0.026561
v 0.020177 0.019272 -0.004194
v 0.019576 0.021583 0.025560
v 0.019862 0.020926 -0.003893
v 0.018809 0.023895 0.023731
v 0.018809 0.023895 -0.002825
v 0.022428 0.004614 0.029055
v 0.023309 0.004967 -0.009566
v 0.023973 0.004057 0.030598
v 0.023851 0.008972 0.030637
v 0.023843 0.012735 0.032333
v 0.023973 0.015135 0.034737
v 0.023973 0.016149 0.039203
v 0.024004 0.015369 0.043409
v 0.019243 0.018323 0.049281
v 0.019372 0.015800 0.050089
v 0.024235 0.008312 -0.009607
v 0.022201 0.008422 -0.004804
v 0.022692 0.013658 -0.005529
v 0.021399 0.019141 -0.005813
v 0.026478 0.004423 -0.013639
v 0.026478 0.004423 -0.012278
v 0.026478 0.008942 -0.014001
v 0.026478 0.012359 -0.014834
v 0.026608 0.015114 -0.017384
v 0.026478 0.016295 -0.020444
v 0.026478 0.015996 -0.024563
v 0.026478 0.014949 -0.026686
v 0.026462 0.012469 -0.028464
v 0.024709 0.013681 -0.010342
v 0.023076 0.018799 -0.011865
v 0.018303 0.023245 -0.027977
v 0.016846 0.023247 -0.030204
v 0.022218 0.020975 -0.028762
v 0.024415 0.017845 -0.030402
v 0.024675 0.017143 -0.030987
v 0.023521 0.016502 -0.031527
v 0.020619 0.016341 -0.033888
v 0.018059 0.016341 -0.034634
v 0.017509 0.016346 -0.034899
v 0.017509 0.016144 -0.035491
v 0.026958 0.012286 -0.028511
v 0.026965 0.009375 -0.029497
v 0.026489 0.005319 -0.029393
v 0.025985 0.005248 -0.030967
v 0.025433 0.005130 -0.031775
v 0.024569 0.004930 -0.032765
v 0.020703 0.004662 -0.034864
v 0.017320 0.005600 -0.035535
v 0.016577 0.006703 -0.035770
v 0.020178 0.016445 -0.031850
v 0.017736 0.004412 -0.013562
v 0.017736 0.008944 -0.013593
v 0.017736 0.012374 -0.014481
v 0.018058 0.015115 -0.017166
v 0.017736 0.016298 -0.020378
v 0.017736 0.016001 -0.024716
v 0.017736 0.012460 -0.028873
v 0.017736 0.008232 -0.030093
v 0.017220 0.004531 -0.029335
v 0.017745 0.014948 -0.026945
v 0.024426 0.015069 0.043547
v 0.024436 0.013059 0.045660
v 0.024250 0.011211 0.046669
v 0.023565 0.007248 0.047840
v 0.022407 0.004179 0.047697
v 0.021844 0.003696 0.049927
v 0.020059 0.003696 0.052556
v 0.018118 0.003556 0.054198
v 0.020370 0.012025 0.051444
v 0.016690 0.012039 0.053806
v 0.011722 0.012040 0.056207
v 0.010557 0.003204 0.056493
v 0.016773 0.015807 0.052058
v 0.011725 0.015787 0.054813
v 0.011627 0.018471 0.054022
v 0.017831 0.021069 0.049508
v 0.012287 0.019808 0.052810
v 0.020254 0.014245 0.050498
v 0.011738 0.014323 0.055886
v 0.018718 0.003286 0.048048
v 0.018718 0.007252 0.049933
v 0.018718 0.011182 0.049031
v 0.018718 0.013408 0.047982
v 0.018718 0.015299 0.044866
v 0.018718 0.016771 0.041165
v 0.018718 0.015763 0.035220
v 0.018587 0.012719 0.032730
v 0.018595 0.008994 0.031753
v 0.018718 0.004071 0.030982
v 0.011974 0.009978 0.056371
v 0.016856 0.009049 0.054807
v 0.016679 0.009978 0.054668
v 0.011820 0.009049 0.056615
v 0.016856 0.007621 0.054828
v 0.011820 0.007621 0.056615
v 0.011974 0.006835 0.056371
v 0.016754 0.006835 0.054732
v 0.016103 0.009557 0.052790
v 0.012008 0.009588 0.054073
v 0.016232 0.009061 0.052764
v 0.016180 0.007604 0.052832
v 0.016051 0.007170 0.052903
v 0.011956 0.007170 0.054101
v 0.011930 0.007635 0.054116
v 0.011930 0.009061 0.054116
v 0.016504 0.007314 -0.029486
v 0.008471 0.027177 0.027651
v -0.001032 0.027334 0.028505
v -0.001034 0.027400 0.028229
v 0.008532 0.027074 0.027623
v -0.001050 0.027041 0.028536
v 0.008451 0.026626 0.028099
v 0.003215 0.027246 0.028092
v 0.003219 0.027136 0.028069
v 0.003156 0.026861 0.028287
v 0.003206 0.026957 0.028416
v 0.008718 0.026694 0.027148
v 0.008603 0.026186 0.027538
v 0.013743 0.005685 -0.032838
v 0.014897 0.005341 -0.036262
v 0.013652 0.005164 -0.032824
v 0.014765 0.004639 -0.036249
v 0.013287 0.004858 -0.032914
v 0.014279 0.004213 -0.036380
v 0.012685 0.004811 -0.033101
v 0.013478 0.004185 -0.036652
v 0.012191 0.005148 -0.033286
v 0.012788 0.004613 -0.036925
v 0.016780 0.014323 0.053329
v 0.016759 0.012393 0.054036
v 0.012115 0.012392 0.056289
v 0.020025 0.013971 0.051091
v 0.019993 0.012413 0.051796
v 0.012123 0.014043 0.056024
v 0.016862 0.014045 0.053754
v 0.015999 0.023791 -0.030087
v 0.013244 0.032665 -0.022113
v 0.016154 0.023268 -0.030477
v 0.012987 0.033871 -0.021839
v 0.012440 0.034392 -0.021682
v 0.011505 0.034776 -0.021648
v 0.017509 0.015095 -0.033967
v 0.016154 0.022017 -0.029537
v 0.013244 0.031614 -0.021404
v 0.012868 0.033246 -0.021361
v 0.012440 0.033704 -0.021364
v 0.011505 0.034087 -0.021328
v 0.015318 0.015095 -0.028425
v 0.012754 0.005435 -0.035455
v 0.012924 0.004984 -0.035360
v 0.013352 0.004797 -0.035202
v 0.013787 0.004984 -0.035073
v 0.013974 0.005435 -0.035049
v 0.013804 0.005887 -0.035143
v 0.013376 0.006074 -0.035302
v 0.012941 0.005887 -0.035431
v 0.010702 0.006261 -0.027016
v 0.010875 0.005810 -0.026931
v 0.011308 0.005623 -0.026798
v 0.011749 0.005810 -0.026693
v 0.011939 0.006261 -0.026679
v 0.011766 0.006712 -0.026763
v 0.011333 0.006899 -0.026897
v 0.010892 0.006712 -0.027002
v 0.014821 0.015095 -0.015224
v 0.014993 0.016529 -0.005754
v 0.015829 0.022548 -0.006482
v 0.012846 0.026181 -0.005525
v 0.003039 0.025757 -0.005127
v 0.003039 0.026181 -0.002084
v 0.013092 0.026181 -0.003247
v 0.012087 0.032742 -0.004733
v 0.003798 0.032742 -0.003748
v 0.003798 0.032742 -0.002916
v 0.012087 0.032742 -0.003862
v 0.016862 0.012473 -0.033882
v 0.007224 0.004959 -0.041209
v 0.004225 0.005469 -0.034090
v 0.004225 0.004416 -0.018349
v 0.004225 0.004395 -0.007889
v 0.004225 0.004423 -0.013241
v 0.007224 0.005847 -0.036498
v 0.004225 0.007314 -0.034764
v 0.004225 0.015115 -0.040098
v 0.004225 0.034149 -0.026450
v 0.004225 0.015115 -0.033972
v 0.004225 0.015115 -0.019821
v 0.004226 0.016548 -0.004559
v 0.003198 0.025331 -0.006434
v 0.004225 0.022548 -0.005239
v 0.004225 0.012599 -0.040172
v 0.013698 0.006695 -0.038002
v 0.013991 0.015105 -0.036633
v 0.013788 0.012536 -0.036618
v 0.004310 0.003175 0.058106
v 0.004381 0.004066 0.036880
v 0.004381 0.003064 0.051850
v 0.004381 0.004041 0.035121
v 0.004259 0.012473 -0.041317
v 0.013871 0.012473 -0.038394
v 0.018759 0.024110 0.024133
v 0.017826 0.024420 0.025335
v 0.016916 0.024508 0.025764
v 0.013440 0.024376 0.026910
v 0.004329 0.026084 0.029632
v 0.018451 0.023115 -0.028858
v 0.017466 0.023128 -0.030415
v 0.018565 0.016756 -0.034287
v 0.020090 0.017014 -0.032092
v 0.013753 0.005325 -0.036654
v -0.003205 0.025331 -0.006434
v 0.018195 0.024213 -0.002825
v -0.018816 0.023895 -0.002825
v -0.015752 0.035229 -0.002313
v -0.015573 0.035959 -0.001792
v -0.015538 0.035220 0.012949
v -0.015521 0.036184 -0.000888
v -0.015693 0.034995 -0.004214
v -0.018730 0.024379 -0.004718
v -0.015771 0.033958 -0.016141
v -0.017516 0.015095 -0.033967
v -0.016160 0.022017 -0.029537
v -0.015325 0.015095 -0.028425
v -0.014828 0.015095 -0.015224
v -0.016160 0.022017 -0.010929
v -0.015000 0.016529 -0.005754
v -0.015836 0.022548 -0.006482
v -0.018702 0.025350 -0.021974
v -0.018116 0.024379 -0.004718
v -0.018237 0.026443 -0.022539
v -0.013251 0.031614 -0.021404
v -0.012875 0.033246 -0.021361
v -0.012447 0.033704 -0.021364
v -0.011512 0.034087 -0.021328
v -0.015120 0.036149 -0.003931
v -0.015137 0.035229 -0.002313
v -0.018202 0.024213 -0.002825
v -0.004444 0.036957 -0.008272
v -0.004232 0.034149 -0.026450
v -0.000003 0.036957 -0.009661
v -0.000003 0.034149 -0.027058
v -0.014038 0.035606 0.012949
v -0.014021 0.036571 -0.000888
v -0.000021 0.035606 0.012949
v -0.000003 0.036571 -0.000888
v -0.014959 0.035959 -0.001792
v -0.014818 0.035071 0.015005
v -0.014029 0.035397 0.015329
v -0.000003 0.036109 0.015895
v -0.015665 0.034715 0.013989
v -0.018816 0.023895 0.023731
v -0.017349 0.026379 0.024182
v -0.018765 0.024110 0.024133
v -0.004231 0.036109 0.015816
v -0.012567 0.035785 0.015620
v -0.017833 0.024420 0.025335
v -0.017294 0.026098 0.024449
v 0.018809 0.023895 -0.002825
v 0.015745 0.035229 -0.002313
v 0.015566 0.035959 -0.001792
v 0.015531 0.035220 0.012949
v 0.015514 0.036184 -0.000888
v 0.015686 0.034995 -0.004214
v 0.018723 0.024379 -0.004718
v 0.015764 0.033958 -0.016141
v 0.017509 0.015095 -0.033967
v 0.016154 0.022017 -0.029537
v 0.015318 0.015095 -0.028425
v 0.014821 0.015095 -0.015224
v 0.016154 0.022017 -0.010929
v 0.014993 0.016529 -0.005754
v 0.015829 0.022548 -0.006482
v 0.018695 0.025350 -0.021974
v 0.018109 0.024379 -0.004718
v 0.018230 0.026443 -0.022539
v 0.013244 0.031614 -0.021404
v 0.012868 0.033246 -0.021361
v 0.012440 0.033704 -0.021364
v 0.011505 0.034087 -0.021328
v 0.015113 0.036149 -0.003931
v 0.015131 0.035229 -0.002313
v 0.018195 0.024213 -0.002825
v 0.004437 0.036957 -0.008272
v 0.004225 0.034149 -0.026450
v 0.014031 0.035606 0.012949
v 0.014014 0.036571 -0.000888
v 0.000014 0.035606 0.012949
v 0.014952 0.035959 -0.001792
v 0.014811 0.035071 0.015005
v 0.014022 0.035397 0.015329
v 0.015658 0.034715 0.013989
v 0.018809 0.023895 0.023731
v 0.017342 0.026379 0.024182
v 0.018759 0.024110 0.024133
v 0.004224 0.036109 0.015816
v 0.012560 0.035785 0.015620
v 0.017826 0.024420 0.025335
v 0.017287 0.026098 0.024449
v -0.000003 0.036109 0.015895
v -0.018191 0.023759 -0.027618
v -0.015014 0.033663 -0.019699
v -0.013683 0.032761 -0.021856
v -0.016709 0.023770 -0.029815
v 0.018184 0.023759 -0.027618
v 0.015007 0.033663 -0.019699
v 0.013676 0.032761 -0.021856
v 0.016703 0.023770 -0.029815
v -0.017742 0.004412 -0.013562
v -0.017742 0.008944 -0.013593
v -0.017742 0.012374 -0.014481
v -0.018064 0.015115 -0.017166
v -0.017742 0.016298 -0.020378
v -0.017742 0.016001 -0.024716
v -0.017742 0.012460 -0.028873
v -0.017742 0.008232 -0.030093
v -0.017227 0.004531 -0.029335
v -0.017752 0.014948 -0.026945
v -0.018724 0.003286 0.048048
v -0.018724 0.007252 0.049933
v -0.018725 0.011182 0.049031
v -0.018725 0.013408 0.047982
v -0.018725 0.015299 0.044866
v -0.018725 0.016771 0.041165
v -0.018725 0.015763 0.035220
v -0.018594 0.012719 0.032730
v -0.018602 0.008994 0.031753
v -0.018725 0.004071 0.030982
v 0.017736 0.004412 -0.013562
v 0.017736 0.008944 -0.013593
v 0.017736 0.012374 -0.014481
v 0.018058 0.015115 -0.017166
v 0.017736 0.016298 -0.020378
v 0.017736 0.016001 -0.024716
v 0.017736 0.012460 -0.028873
v 0.017736 0.008232 -0.030093
v 0.017220 0.004531 -0.029335
v 0.017745 0.014948 -0.026945
v 0.018718 0.003286 0.048048
v 0.018718 0.007252 0.049933
v 0.018718 0.011182 0.049031
v 0.018718 0.013408 0.047982
v 0.018718 0.015299 0.044866
v 0.018718 0.016771 0.041165
v 0.018718 0.015763 0.035220
v 0.018587 0.012719 0.032730
v 0.018595 0.008994 0.031753
v 0.018718 0.004071 0.030982
v -0.000003 0.012473 -0.041927
v -0.012600 0.029933 -0.024981
v -0.012187 0.030468 -0.024850
v -0.012187 0.030468 -0.025356
v -0.012600 0.029933 -0.025487
v -0.013901 0.025121 -0.028870
v -0.013901 0.025121 -0.029376
v -0.012906 0.023948 -0.029960
v -0.013369 0.024132 -0.029675
v -0.013369 0.024132 -0.030180
v -0.012906 0.023948 -0.030466
v -0.011414 0.030855 -0.024762
v -0.004266 0.031024 -0.028361
v -0.004266 0.031024 -0.028867
v -0.011413 0.030855 -0.025268
v -0.008779 0.023939 -0.032925
v -0.008779 0.023939 -0.033431
v -0.004266 0.023939 -0.035300
v -0.004266 0.023939 -0.035806
v -0.013732 0.024487 -0.029341
v -0.013732 0.024487 -0.029847
v -0.000003 0.023939 -0.035911
v -0.000003 0.023939 -0.036417
v -0.000003 0.031025 -0.028971
v -0.000003 0.031025 -0.029477
v -0.012993 0.033744 -0.021226
v -0.012447 0.034265 -0.021066
v -0.013251 0.032593 -0.021362
v -0.013564 0.030971 -0.022709
v -0.015479 0.024737 -0.028040
v -0.013783 0.029831 -0.023922
v -0.013662 0.030463 -0.023203
v -0.016064 0.022921 -0.029637
v -0.015803 0.023830 -0.028903
v -0.011512 0.034447 -0.020960
v -0.004266 0.034508 -0.026064
v -0.011329 0.019093 -0.031719
v -0.017516 0.015999 -0.034378
v -0.013878 0.012473 -0.037841
v -0.017022 0.012473 -0.035064
v -0.017366 0.016768 -0.033890
v -0.016383 0.021350 -0.030664
v -0.004266 0.019093 -0.034644
v -0.015665 0.024202 -0.028566
v -0.000003 0.019093 -0.035255
v -0.000003 0.034508 -0.026673
v -0.004266 0.012473 -0.041315
v -0.000003 0.012473 -0.041926
v 0.012593 0.029933 -0.025487
v 0.012180 0.030468 -0.025356
v 0.013894 0.025121 -0.029376
v 0.013725 0.024487 -0.029847
v 0.013362 0.024132 -0.030180
v 0.012900 0.023948 -0.030466
v 0.011407 0.030855 -0.025268
v 0.008773 0.023939 -0.033431
v 0.004259 0.023939 -0.035806
v 0.004259 0.031024 -0.028867
v 0.012593 0.029933 -0.024981
v 0.012180 0.030468 -0.024850
v 0.013894 0.025121 -0.028870
v 0.013725 0.024487 -0.029341
v 0.013362 0.024132 -0.029675
v 0.012900 0.023948 -0.029960
v 0.011407 0.030855 -0.024762
v 0.008773 0.023939 -0.032925
v 0.004259 0.023939 -0.035300
v 0.004259 0.031024 -0.028361
v 0.013244 0.032593 -0.021362
v 0.012440 0.034265 -0.021066
v 0.015472 0.024737 -0.028040
v 0.015658 0.024202 -0.028566
v 0.015797 0.023830 -0.028903
v 0.016057 0.022921 -0.029637
v 0.011505 0.034447 -0.020960
v 0.013871 0.012473 -0.037841
v 0.004259 0.012473 -0.041315
v 0.004259 0.034508 -0.026064
v 0.012987 0.033744 -0.021226
v 0.013776 0.029831 -0.023922
v 0.013558 0.030971 -0.022709
v 0.013655 0.030463 -0.023203
v 0.017509 0.015999 -0.034378
v 0.017015 0.012473 -0.035064
v 0.017359 0.016768 -0.033890
v 0.016376 0.021350 -0.030664
v 0.011322 0.019093 -0.031719
v 0.004259 0.019093 -0.034644
v -0.017516 0.016409 -0.035032
v -0.016075 0.023383 -0.030370
v -0.013251 0.032750 -0.022196
v -0.012993 0.033850 -0.021892
v -0.012447 0.034371 -0.021734
v -0.011512 0.034755 -0.021701
v -0.017516 0.016144 -0.035545
v -0.017022 0.012473 -0.035594
v -0.016421 0.021669 -0.031463
v -0.015501 0.025231 -0.028760
v -0.015681 0.024680 -0.029293
v -0.015801 0.024318 -0.029622
v -0.014123 0.029939 -0.024584
v -0.013898 0.030551 -0.023973
v -0.013709 0.031042 -0.023563
v -0.017409 0.016960 -0.034691
v -0.004266 0.034816 -0.026839
v -0.013878 0.012473 -0.038394
v -0.000003 0.034816 -0.027448
v 0.017509 0.016409 -0.035032
v 0.016068 0.023383 -0.030370
v 0.013244 0.032750 -0.022196
v 0.012987 0.033850 -0.021892
v 0.012440 0.034371 -0.021734
v 0.011505 0.034755 -0.021701
v 0.017509 0.016144 -0.035545
v 0.017015 0.012473 -0.035594
v 0.016414 0.021669 -0.031463
v 0.015494 0.025231 -0.028760
v 0.015674 0.024680 -0.029293
v 0.015794 0.024318 -0.029622
v 0.014116 0.029939 -0.024584
v 0.013891 0.030551 -0.023973
v 0.013702 0.031042 -0.023563
v 0.017402 0.016960 -0.034691
v 0.004259 0.034816 -0.026839
v 0.013871 0.012473 -0.038394
v 0.015115 0.035229 -0.002234
v 0.018184 0.023895 -0.002745
v 0.014936 0.035959 -0.001710
v 0.014884 0.036184 -0.000803
v 0.014906 0.035220 0.013064
v 0.015029 0.034715 0.014108
v 0.018180 0.023895 0.023894
v 0.015587 0.034864 -0.001151
v 0.015516 0.034238 0.012731
v 0.018380 0.024487 0.021172
v 0.021761 0.006754 0.026771
v 0.021766 0.007609 -0.004073
v 0.021761 0.014098 0.026771
v 0.021761 0.014098 -0.004727
v 0.020177 0.020194 0.026561
v 0.020182 0.019272 -0.004193
v 0.019581 0.021583 0.025560
v 0.019862 0.020926 -0.003893
v 0.015745 0.035229 -0.002313
v 0.015658 0.034715 0.013989
v 0.015566 0.035959 -0.001792
v 0.015536 0.035220 0.012949
v 0.015514 0.036184 -0.000888
v 0.019667 0.006754 0.027368
v 0.019667 0.007609 -0.003821
v 0.018396 0.021583 0.025881
v 0.019542 0.014098 0.027403
v 0.019048 0.014098 -0.004413
v 0.018499 0.020194 0.027030
v 0.018578 0.019272 -0.004004
v 0.018467 0.020926 -0.003726
v 0.015525 0.035110 -0.000694
v 0.018809 0.023895 0.023731
v 0.023580 0.024996 0.020631
v 0.020784 0.026985 0.021710
v 0.020626 0.024784 0.021509
v 0.023423 0.026876 0.020678
v 0.023560 0.027503 0.020058
v 0.019991 0.027612 0.021431
v 0.019551 0.027035 0.021581
v 0.019481 0.024968 0.021598
v 0.020042 0.024576 0.021409
v 0.024014 0.024662 0.019947
v 0.023982 0.027241 0.019917
v 0.024418 0.024984 0.019812
v 0.023394 0.027544 0.019575
v 0.019820 0.027653 0.020937
v 0.023912 0.027248 0.019403
v 0.019147 0.027235 0.021154
v 0.024321 0.024996 0.019308
v 0.018950 0.024968 0.021211
v 0.023895 0.024624 0.019449
v 0.020279 0.024376 0.020788
v 0.018859 0.023707 0.021242
v 0.019340 0.023713 0.021633
v 0.019881 0.023713 0.021448
v 0.020004 0.023710 0.020854
v 0.020357 0.027369 0.020983
v 0.023486 0.027264 0.019937
v 0.023932 0.024853 0.019835
v 0.020357 0.024744 0.020969
v 0.020054 0.026066 0.020897
v 0.020056 0.024758 0.020901
v 0.020104 0.027327 0.020867
v 0.019181 0.022984 0.021430
v 0.019182 0.022976 0.021059
v 0.018809 0.023895 -0.002825
v 0.018410 0.023509 -0.001655
v -0.021773 0.007609 -0.004073
v -0.021768 0.014098 -0.004727
v -0.020184 0.020194 0.026561
v -0.020189 0.019272 -0.004193
v -0.019588 0.021583 0.025560
v -0.019869 0.020926 -0.003893
v -0.018816 0.023895 -0.002825
v -0.015752 0.035229 -0.002313
v -0.015665 0.034715 0.013989
v -0.015573 0.035959 -0.001792
v -0.015543 0.035220 0.012949
v -0.015521 0.036184 -0.000888
v -0.018816 0.023895 0.023731
v -0.015122 0.035229 -0.002234
v -0.018191 0.023895 -0.002745
v -0.014943 0.035959 -0.001710
v -0.014891 0.036184 -0.000803
v -0.014913 0.035220 0.013064
v -0.015036 0.034715 0.014108
v -0.018187 0.023895 0.023894
v -0.015594 0.034864 -0.001151
v -0.015523 0.034238 0.012731
v -0.018386 0.024487 0.021172
v -0.021768 0.006754 0.026771
v -0.021768 0.014098 0.026771
v -0.019674 0.006754 0.027368
v -0.019674 0.007609 -0.003821
v -0.018402 0.021583 0.025881
v -0.019549 0.014098 0.027403
v -0.019055 0.014098 -0.004413
v -0.018506 0.020194 0.027030
v -0.018585 0.019272 -0.004004
v -0.018473 0.020926 -0.003726
v -0.015532 0.035110 -0.000694
v -0.023587 0.024996 0.020631
v -0.020791 0.026985 0.021710
v -0.020633 0.024784 0.021509
v -0.023430 0.026876 0.020678
v -0.023567 0.027503 0.020058
v -0.019998 0.027612 0.021431
v -0.019558 0.027035 0.021581
v -0.019488 0.024968 0.021598
v -0.020049 0.024576 0.021409
v -0.024021 0.024662 0.019947
v -0.023988 0.027241 0.019917
v -0.024424 0.024984 0.019812
v -0.023401 0.027544 0.019575
v -0.019827 0.027653 0.020937
v -0.023919 0.027248 0.019403
v -0.019154 0.027235 0.021154
v -0.024328 0.024996 0.019308
v -0.018957 0.024968 0.021211
v -0.023901 0.024624 0.019449
v -0.020286 0.024376 0.020788
v -0.018866 0.023707 0.021242
v -0.019347 0.023713 0.021633
v -0.019888 0.023713 0.021448
v -0.020011 0.023710 0.020854
v -0.020364 0.027369 0.020983
v -0.023493 0.027264 0.019937
v -0.023939 0.024853 0.019835
v -0.020364 0.024744 0.020969
v -0.020061 0.026066 0.020897
v -0.020063 0.024758 0.020901
v -0.020111 0.027327 0.020867
v -0.019188 0.022984 0.021430
v -0.019189 0.022976 0.021059
v -0.018417 0.023509 -0.001655
v -0.018310 0.023245 -0.027977
v -0.013579 0.004697 -0.033115
v -0.013579 0.004697 -0.033115
v -0.014595 0.004071 -0.036609
v -0.000003 0.007601 0.032964
v -0.021768 0.006754 0.026771
v -0.000003 0.007601 0.032964
v -0.021768 0.007609 -0.004074
v -0.021768 0.007609 -0.004074
v -0.000003 0.007609 -0.001458
v -0.017516 0.016346 -0.034899
v -0.012875 0.033246 -0.021361
v -0.012875 0.033246 -0.021361
v -0.012993 0.033871 -0.021839
v -0.017516 0.015095 -0.033967
v -0.017516 0.015095 -0.033967
v -0.013960 0.004870 -0.035355
v -0.011380 0.005696 -0.027073
v -0.013960 0.004870 -0.035355
v -0.015836 0.022548 -0.006482
v -0.015836 0.022548 -0.006482
v -0.015836 0.022548 -0.006482
v -0.004232 0.022548 -0.005239
v -0.000003 0.023895 -0.000453
v -0.003046 0.026181 -0.002084
v -0.018816 0.023895 -0.002825
v -0.013099 0.026181 -0.003247
v -0.015836 0.022548 -0.006482
v -0.018816 0.023895 -0.002825
v -0.003805 0.032742 -0.002916
v -0.003805 0.032742 -0.002916
v -0.003046 0.026181 -0.002084
v -0.003805 0.032742 -0.002916
v -0.012094 0.032742 -0.003862
v -0.012094 0.032742 -0.003862
v -0.003046 0.026181 -0.002084
v -0.013099 0.026181 -0.003247
v -0.012094 0.032742 -0.003862
v -0.013099 0.026181 -0.003247
v -0.017516 0.015095 -0.033967
v -0.016869 0.012473 -0.033882
v -0.017516 0.016346 -0.034899
v -0.016869 0.012473 -0.033882
v -0.016869 0.012473 -0.033882
v -0.017516 0.015095 -0.033967
v -0.020185 0.016445 -0.031850
v -0.020185 0.016445 -0.031850
v -0.020185 0.016445 -0.031850
v -0.020185 0.016445 -0.031850
v -0.013891 0.005781 -0.037050
v -0.013659 0.005223 -0.037098
v -0.014480 0.006319 -0.036851
v -0.013891 0.005781 -0.037050
v -0.015197 0.006319 -0.036553
v -0.014480 0.006319 -0.036851
v -0.015730 0.006049 -0.036307
v -0.015197 0.006319 -0.036553
v -0.015986 0.005227 -0.036130
v -0.015730 0.006049 -0.036307
v -0.015854 0.004526 -0.036125
v -0.015986 0.005227 -0.036130
v -0.015377 0.004099 -0.036286
v -0.015854 0.004526 -0.036125
v -0.014595 0.004071 -0.036609
v -0.015377 0.004099 -0.036286
v -0.013924 0.004500 -0.036925
v -0.014595 0.004071 -0.036609
v -0.013659 0.005223 -0.037098
v -0.013924 0.004500 -0.036925
v 0.018303 0.023245 -0.027977
v 0.012685 0.004811 -0.033101
v 0.013478 0.004185 -0.036652
v 0.012685 0.004811 -0.033101
v 0.021761 0.006754 0.026771
v -0.000003 0.007601 0.032964
v -0.000003 0.007601 0.032964
v 0.021761 0.007609 -0.004074
v -0.000003 0.014098 -0.002207
v -0.000003 0.014098 -0.002207
v -0.000003 0.007609 -0.001458
v 0.021761 0.007609 -0.004074
v -0.000003 0.019272 -0.001811
v -0.000003 0.019272 -0.001811
v -0.000003 0.014098 -0.002207
v -0.000003 0.020926 -0.001512
v -0.000003 0.020926 -0.001512
v -0.000003 0.019272 -0.001811
v -0.000003 0.023895 -0.000453
v -0.000003 0.023895 -0.000453
v -0.000003 0.020926 -0.001512
v 0.017509 0.016346 -0.034899
v 0.012868 0.033246 -0.021361
v 0.012987 0.033871 -0.021839
v 0.012868 0.033246 -0.021361
v 0.017509 0.015095 -0.033967
v 0.017509 0.015095 -0.033967
v 0.010875 0.005810 -0.026931
v 0.012924 0.004984 -0.035360
v 0.012924 0.004984 -0.035360
v 0.015829 0.022548 -0.006482
v 0.004225 0.022548 -0.005239
v 0.015829 0.022548 -0.006482
v 0.015829 0.022548 -0.006482
v -0.000003 0.023895 -0.000453
v -0.000003 0.023895 -0.000453
v -0.000003 0.023895 -0.000453
v -0.000003 0.023895 -0.000453
v 0.003039 0.026181 -0.002084
v 0.013092 0.026181 -0.003247
v 0.018195 0.024213 -0.002825
v 0.018195 0.024213 -0.002825
v 0.018809 0.023895 -0.002825
v 0.018809 0.023895 -0.002825
v 0.015829 0.022548 -0.006482
v 0.003798 0.032742 -0.002916
v 0.003798 0.032742 -0.002916
v 0.012087 0.032742 -0.003862
v 0.003798 0.032742 -0.002916
v 0.003039 0.026181 -0.002084
v 0.003039 0.026181 -0.002084
v 0.012087 0.032742 -0.003862
v 0.012087 0.032742 -0.003862
v 0.013092 0.026181 -0.003247
v 0.013092 0.026181 -0.003247
v 0.017509 0.016346 -0.034899
v 0.016862 0.012473 -0.033882
v 0.017509 0.015095 -0.033967
v 0.016862 0.012473 -0.033882
v 0.017509 0.015095 -0.033967
v 0.016862 0.012473 -0.033882
v 0.020178 0.016445 -0.031850
v 0.020178 0.016445 -0.031850
v 0.020178 0.016445 -0.031850
v 0.020178 0.016445 -0.031850
v 0.012512 0.005337 -0.037081
v 0.012747 0.005894 -0.037048
v 0.012747 0.005894 -0.037048
v 0.013348 0.006432 -0.036887
v 0.013348 0.006432 -0.036887
v 0.014082 0.006432 -0.036634
v 0.014082 0.006432 -0.036634
v 0.014630 0.006162 -0.036423
v 0.014630 0.006162 -0.036423
v 0.014897 0.005341 -0.036262
v 0.014897 0.005341 -0.036262
v 0.014765 0.004639 -0.036249
v 0.014765 0.004639 -0.036249
v 0.014279 0.004213 -0.036380
v 0.014279 0.004213 -0.036380
v 0.013478 0.004185 -0.036652
v 0.013478 0.004185 -0.036652
v 0.012788 0.004613 -0.036925
v 0.012788 0.004613 -0.036925
v 0.012512 0.005337 -0.037081
v -0.000003 0.023804 -0.000745
v -0.000003 0.023804 -0.000745
v 0.003198 0.025331 -0.006434
v -0.000003 0.023804 -0.000745
v -0.000003 0.031025 -0.028971
v -0.000003 0.031025 -0.028971
v -0.000003 0.031025 -0.028971
v -0.013878 0.012473 -0.037841
v -0.013878 0.012473 -0.037841
v -0.017022 0.012473 -0.035064
v -0.015803 0.023830 -0.028903
v -0.016064 0.022921 -0.029637
v -0.015803 0.023830 -0.028903
v -0.017366 0.016768 -0.033890
v -0.017516 0.015999 -0.034378
v -0.017366 0.016768 -0.033890
v -0.012993 0.033744 -0.021226
v -0.013251 0.032593 -0.021362
v -0.012993 0.033744 -0.021226
v -0.012447 0.034265 -0.021066
v -0.012993 0.033744 -0.021226
v -0.012447 0.034265 -0.021066
v -0.011512 0.034447 -0.020960
v -0.012447 0.034265 -0.021066
v -0.011512 0.034447 -0.020960
v -0.004266 0.034508 -0.026064
v -0.011512 0.034447 -0.020960
v -0.004266 0.034508 -0.026064
v -0.017516 0.016409 -0.035032
v -0.017022 0.012473 -0.035064
v -0.017022 0.012473 -0.035064
v -0.017516 0.015999 -0.034378
v -0.016064 0.022921 -0.029637
v -0.016075 0.023383 -0.030370
v -0.016383 0.021350 -0.030664
v -0.016064 0.022921 -0.029637
v -0.015479 0.024737 -0.028040
v -0.013783 0.029831 -0.023922
v -0.013783 0.029831 -0.023922
v -0.015665 0.024202 -0.028566
v -0.015479 0.024737 -0.028040
v -0.015479 0.024737 -0.028040
v -0.015803 0.023830 -0.028903
v -0.015665 0.024202 -0.028566
v -0.015665 0.024202 -0.028566
v -0.013783 0.029831 -0.023922
v -0.013662 0.030463 -0.023203
v -0.013662 0.030463 -0.023203
v -0.013662 0.030463 -0.023203
v -0.013564 0.030971 -0.022709
v -0.013564 0.030971 -0.022709
v -0.013564 0.030971 -0.022709
v -0.013251 0.032593 -0.021362
v -0.013251 0.032593 -0.021362
v -0.017366 0.016768 -0.033890
v -0.016383 0.021350 -0.030664
v -0.016383 0.021350 -0.030664
v -0.004266 0.012473 -0.041315
v -0.013878 0.012473 -0.037841
v -0.004266 0.034508 -0.026064
v -0.000003 0.034508 -0.026673
v -0.004266 0.034508 -0.026064
v 0.013871 0.012473 -0.037841
v 0.017015 0.012473 -0.035064
v 0.013871 0.012473 -0.037841
v 0.015797 0.023830 -0.028903
v 0.015797 0.023830 -0.028903
v 0.016057 0.022921 -0.029637
v 0.017359 0.016768 -0.033890
v 0.017359 0.016768 -0.033890
v 0.017509 0.015999 -0.034378
v 0.012987 0.033744 -0.021226
v 0.012987 0.033744 -0.021226
v 0.013244 0.032593 -0.021362
v 0.012440 0.034265 -0.021066
v 0.012440 0.034265 -0.021066
v 0.012987 0.033744 -0.021226
v 0.011505 0.034447 -0.020960
v 0.011505 0.034447 -0.020960
v 0.012440 0.034265 -0.021066
v 0.004259 0.034508 -0.026064
v 0.004259 0.034508 -0.026064
v 0.011505 0.034447 -0.020960
v 0.017509 0.016409 -0.035032
v 0.017015 0.012473 -0.035064
v 0.017509 0.015999 -0.034378
v 0.017015 0.012473 -0.035064
v 0.016068 0.023383 -0.030370
v 0.016057 0.022921 -0.029637
v 0.016057 0.022921 -0.029637
v 0.016376 0.021350 -0.030664
v 0.013776 0.029831 -0.023922
v 0.015472 0.024737 -0.028040
v 0.013776 0.029831 -0.023922
v 0.015472 0.024737 -0.028040
v 0.015658 0.024202 -0.028566
v 0.015472 0.024737 -0.028040
v 0.015658 0.024202 -0.028566
v 0.015797 0.023830 -0.028903
v 0.015658 0.024202 -0.028566
v 0.013655 0.030463 -0.023203
v 0.013776 0.029831 -0.023922
v 0.013655 0.030463 -0.023203
v 0.013558 0.030971 -0.022709
v 0.013655 0.030463 -0.023203
v 0.013558 0.030971 -0.022709
v 0.013244 0.032593 -0.021362
v 0.013558 0.030971 -0.022709
v 0.013244 0.032593 -0.021362
v 0.016376 0.021350 -0.030664
v 0.017359 0.016768 -0.033890
v 0.016376 0.021350 -0.030664
v 0.004259 0.012473 -0.041315
v 0.013871 0.012473 -0.037841
v -0.000003 0.034816 -0.027448
v -0.000003 0.034508 -0.026673
v 0.004259 0.034508 -0.026064
v 0.004259 0.034508 -0.026064
v -0.000003 0.034816 -0.027448
v 0.021766 0.007609 -0.004073
v 0.019667 0.007609 -0.003821
v 0.019667 0.007609 -0.003821
v 0.018180 0.023895 0.023894
v 0.018180 0.023895 0.023894
v 0.018184 0.023895 -0.002745
v 0.018184 0.023895 -0.002745
v 0.018184 0.023895 -0.002745
v 0.015115 0.035229 -0.002234
v 0.015029 0.034715 0.014108
v 0.015029 0.034715 0.014108
v 0.018180 0.023895 0.023894
v 0.015115 0.035229 -0.002234
v 0.015115 0.035229 -0.002234
v 0.014936 0.035959 -0.001710
v 0.014906 0.035220 0.013064
v 0.014906 0.035220 0.013064
v 0.015029 0.034715 0.014108
v 0.014936 0.035959 -0.001710
v 0.014936 0.035959 -0.001710
v 0.014884 0.036184 -0.000803
v 0.015514 0.036184 -0.000888
v 0.014884 0.036184 -0.000803
v 0.014884 0.036184 -0.000803
v 0.014906 0.035220 0.013064
v 0.019667 0.007609 -0.003821
v 0.019667 0.006754 0.027368
v 0.019542 0.014098 0.027403
v 0.019542 0.014098 0.027403
v 0.019048 0.014098 -0.004413
v 0.019667 0.007609 -0.003821
v 0.019048 0.014098 -0.004413
v 0.019542 0.014098 0.027403
v 0.018499 0.020194 0.027030
v 0.018499 0.020194 0.027030
v 0.018578 0.019272 -0.004004
v 0.019048 0.014098 -0.004413
v 0.018578 0.019272 -0.004004
v 0.018499 0.020194 0.027030
v 0.018396 0.021583 0.025881
v 0.018396 0.021583 0.025881
v 0.018467 0.020926 -0.003726
v 0.018578 0.019272 -0.004004
v 0.018467 0.020926 -0.003726
v 0.018396 0.021583 0.025881
v 0.018467 0.020926 -0.003726
v 0.023394 0.027544 0.019575
v 0.019820 0.027653 0.020937
v 0.023394 0.027544 0.019575
v 0.023912 0.027248 0.019403
v 0.023394 0.027544 0.019575
v 0.023912 0.027248 0.019403
v 0.024321 0.024996 0.019308
v 0.023912 0.027248 0.019403
v 0.023895 0.024624 0.019449
v 0.024321 0.024996 0.019308
v 0.020279 0.024376 0.020788
v 0.023895 0.024624 0.019449
v 0.020279 0.024376 0.020788
v 0.020279 0.024376 0.020788
v 0.019820 0.027653 0.020937
v 0.019147 0.027235 0.021154
v 0.018950 0.024968 0.021211
v 0.018950 0.024968 0.021211
v 0.019147 0.027235 0.021154
v 0.019820 0.027653 0.020937
v 0.019820 0.027653 0.020937
v 0.020279 0.024376 0.020788
v 0.020004 0.023710 0.020854
v 0.018859 0.023707 0.021242
v 0.018950 0.024968 0.021211
v 0.020004 0.023710 0.020854
v 0.018859 0.023707 0.021242
v 0.018859 0.023707 0.021242
v 0.020004 0.023710 0.020854
v 0.019182 0.022976 0.021059
v -0.019674 0.007609 -0.003821
v -0.021773 0.007609 -0.004073
v -0.019674 0.007609 -0.003821
v -0.018187 0.023895 0.023894
v -0.018187 0.023895 0.023894
v -0.018191 0.023895 -0.002745
v -0.018191 0.023895 -0.002745
v -0.015122 0.035229 -0.002234
v -0.018191 0.023895 -0.002745
v -0.015036 0.034715 0.014108
v -0.018187 0.023895 0.023894
v -0.015036 0.034715 0.014108
v -0.015122 0.035229 -0.002234
v -0.014943 0.035959 -0.001710
v -0.015122 0.035229 -0.002234
v -0.014913 0.035220 0.013064
v -0.015036 0.034715 0.014108
v -0.014913 0.035220 0.013064
v -0.014943 0.035959 -0.001710
v -0.014891 0.036184 -0.000803
v -0.014943 0.035959 -0.001710
v -0.014891 0.036184 -0.000803
v -0.015521 0.036184 -0.000888
v -0.014913 0.035220 0.013064
v -0.014891 0.036184 -0.000803
v -0.019549 0.014098 0.027403
v -0.019674 0.006754 0.027368
v -0.019674 0.007609 -0.003821
v -0.019674 0.007609 -0.003821
v -0.019055 0.014098 -0.004413
v -0.019549 0.014098 0.027403
v -0.018506 0.020194 0.027030
v -0.019549 0.014098 0.027403
v -0.019055 0.014098 -0.004413
v -0.019055 0.014098 -0.004413
v -0.018585 0.019272 -0.004004
v -0.018506 0.020194 0.027030
v -0.018402 0.021583 0.025881
v -0.018506 0.020194 0.027030
v -0.018585 0.019272 -0.004004
v -0.018585 0.019272 -0.004004
v -0.018473 0.020926 -0.003726
v -0.018402 0.021583 0.025881
v -0.018402 0.021583 0.025881
v -0.018473 0.020926 -0.003726
v -0.018473 0.020926 -0.003726
v -0.023401 0.027544 0.019575
v -0.023401 0.027544 0.019575
v -0.019827 0.027653 0.020937
v -0.023919 0.027248 0.019403
v -0.023401 0.027544 0.019575
v -0.024328 0.024996 0.019308
v -0.023919 0.027248 0.019403
v -0.023919 0.027248 0.019403
v -0.023901 0.024624 0.019449
v -0.024328 0.024996 0.019308
v -0.020286 0.024376 0.020788
v -0.020286 0.024376 0.020788
v -0.023901 0.024624 0.019449
v -0.020286 0.024376 0.020788
v -0.019827 0.027653 0.020937
v -0.019154 0.027235 0.021154
v -0.018957 0.024968 0.021211
v -0.019154 0.027235 0.021154
v -0.018957 0.024968 0.021211
v -0.019827 0.027653 0.020937
v -0.019827 0.027653 0.020937
v -0.020286 0.024376 0.020788
v -0.020011 0.023710 0.020854
v -0.018957 0.024968 0.021211
v -0.018866 0.023707 0.021242
v -0.018866 0.023707 0.021242
v -0.020011 0.023710 0.020854
v -0.020011 0.023710 0.020854
v -0.018866 0.023707 0.021242
v -0.019189 0.022976 0.021059
v -0.016686 0.009978 0.054668
v -0.011981 0.009978 0.056371
v -0.016863 0.009049 0.054807
v -0.016863 0.007621 0.054828
v -0.016760 0.006835 0.054732
v -0.011981 0.006835 0.056371
v -0.011827 0.007621 0.056615
v -0.011827 0.009049 0.056615
v -0.017742 0.004412 -0.013562
v -0.017227 0.004531 -0.029335
v -0.018724 0.003286 0.048048
v -0.018725 0.004071 0.030982
v -0.023980 0.004057 0.030598
v -0.026485 0.004423 -0.013639
v -0.022414 0.004179 0.047697
v -0.017227 0.004531 -0.029335
v -0.016510 0.007314 -0.029486
v -0.016584 0.006703 -0.035770
v -0.017227 0.004531 -0.029335
v -0.017327 0.005600 -0.035535
v -0.026496 0.005319 -0.029393
v -0.014618 0.005572 -0.032786
v -0.015986 0.005227 -0.036130
v -0.004232 0.016548 -0.004559
v -0.015000 0.016529 -0.005754
v -0.003205 0.025331 -0.006434
v -0.003046 0.025757 -0.005127
v -0.000003 0.023895 -0.000453
v -0.018816 0.023895 -0.002825
v -0.012853 0.026181 -0.005525
v -0.012094 0.032742 -0.004733
v -0.003805 0.032742 -0.003748
v -0.003805 0.032742 -0.003748
v -0.012094 0.032742 -0.004733
v -0.012853 0.026181 -0.005525
v -0.013998 0.015105 -0.036633
v -0.004232 0.015115 -0.040098
v -0.000003 0.016549 -0.004559
v -0.000003 0.015115 -0.040706
v -0.018816 0.023895 0.023731
v -0.008760 0.023490 -0.031443
v -0.000003 0.023895 0.025844
v -0.008760 0.023490 -0.031443
v -0.008760 0.023490 -0.031443
v -0.008760 0.023490 -0.031443
v -0.008760 0.023490 -0.031443
v -0.008760 0.023490 -0.031443
v -0.008760 0.023490 -0.031443
v -0.008760 0.023490 -0.031443
v -0.008760 0.023490 -0.031443
v -0.008760 0.023490 -0.031443
v -0.008760 0.023490 -0.031443
v -0.008760 0.023490 -0.031443
v -0.008760 0.023490 -0.031443
v -0.008760 0.023490 -0.031443
v -0.008760 0.023490 -0.031443
v -0.008760 0.023490 -0.031443
v -0.008760 0.023490 -0.031443
v -0.008760 0.023490 -0.031443
v -0.008760 0.023490 -0.031443
v -0.008760 0.023490 -0.031443
v -0.008760 0.023490 -0.031443
v 0.011974 0.009978 0.056371
v 0.016679 0.009978 0.054668
v 0.016856 0.009049 0.054807
v 0.016856 0.007621 0.054828
v 0.016754 0.006835 0.054732
v 0.011974 0.006835 0.056371
v 0.011820 0.007621 0.056615
v 0.011820 0.009049 0.056615
v 0.017220 0.004531 -0.029335
v 0.017736 0.004412 -0.013562
v 0.018718 0.004071 0.030982
v 0.018718 0.003286 0.048048
v 0.023973 0.004057 0.030598
v 0.026478 0.004423 -0.013639
v 0.022407 0.004179 0.047697
v 0.017220 0.004531 -0.029335
v 0.016504 0.007314 -0.029486
v 0.016577 0.006703 -0.035770
v 0.017320 0.005600 -0.035535
v 0.017220 0.004531 -0.029335
v 0.026489 0.005319 -0.029393
v 0.013743 0.005685 -0.032838
v 0.014897 0.005341 -0.036262
v 0.014993 0.016529 -0.005754
v 0.004226 0.016548 -0.004559
v 0.003039 0.025757 -0.005127
v 0.003198 0.025331 -0.006434
v 0.018809 0.023895 -0.002825
v 0.012846 0.026181 -0.005525
v 0.003798 0.032742 -0.003748
v 0.012087 0.032742 -0.004733
v 0.003798 0.032742 -0.003748
v 0.012087 0.032742 -0.004733
v 0.012846 0.026181 -0.005525
v 0.013991 0.015105 -0.036633
v 0.004225 0.015115 -0.040098
v -0.008760 0.023490 -0.031443
v 0.018809 0.023895 0.023731
v -0.008760 0.023490 -0.031443
v -0.008760 0.023490 -0.031443
v -0.008760 0.023490 -0.031443
v -0.008760 0.023490 -0.031443
v -0.008760 0.023490 -0.031443
v -0.008760 0.023490 -0.031443
v -0.008760 0.023490 -0.031443
v -0.008760 0.023490 -0.031443
v -0.008760 0.023490 -0.031443
v -0.008760 0.023490 -0.031443
v -0.008760 0.023490 -0.031443
v -0.008760 0.023490 -0.031443
v -0.008760 0.023490 -0.031443
v -0.008760 0.023490 -0.031443
v -0.008760 0.023490 -0.031443
v -0.008760 0.023490 -0.031443
v -0.008760 0.023490 -0.031443
v -0.008760 0.023490 -0.031443
v -0.008760 0.023490 -0.031443
v -0.008760 0.023490 -0.031443
v -0.008760 0.023490 -0.031443
v -0.008760 0.023490 -0.031443
v -0.008760 0.023490 -0.031443
v -0.015771 0.033958 -0.016141
v -0.011512 0.034087 -0.021328
v -0.018116 0.024379 -0.004718
v -0.018730 0.024379 -0.004718
v 0.015764 0.033958 -0.016141
v 0.011505 0.034087 -0.021328
v 0.018723 0.024379 -0.004718
v 0.018109 0.024379 -0.004718
v -0.017022 0.012473 -0.035594
v 0.017015 0.012473 -0.035594
v 0.014936 0.035959 -0.001710
v 0.014906 0.035220 0.013064
v 0.021761 0.006754 0.026771
v 0.019667 0.006754 0.027368
v 0.018180 0.023895 0.023894
v -0.008760 0.023490 -0.031443
v 0.018184 0.023895 -0.002745
v 0.023486 0.027264 0.019937
v 0.023932 0.024853 0.019835
v 0.020357 0.024744 0.020969
v 0.020357 0.027369 0.020983
v -0.014943 0.035959 -0.001710
v -0.014913 0.035220 0.013064
v -0.019674 0.006754 0.027368
v -0.021768 0.006754 0.026771
v -0.018187 0.023895 0.023894
v -0.018191 0.023895 -0.002745
v -0.008760 0.023490 -0.031443
v -0.020364 0.024744 0.020969
v -0.023939 0.024853 0.019835
v -0.023493 0.027264 0.019937
v -0.020364 0.027369 0.020983
vn -0.8391 0.5440 0.0045
vn -0.8655 0.4735 0.1633
vn -0.9433 0.3203 0.0875
vn -0.9571 0.2546 -0.1383
vn -0.7748 0.1048 -0.6234
vn -0.9433 -0.1529 0.2948
vn -0.9954 -0.0953 0.0005
vn -0.7215 0.0157 -0.6922
vn -0.8807 -0.0460 -0.4715
vn -0.7599 0.1340 -0.6361
vn -0.9927 0.0921 -0.0776
vn -0.7860 0.2758 -0.5534
vn -0.9945 0.0305 -0.1000
vn -0.8424 0.4700 -0.2634
vn -1.0000 0.0001 -0.0022
vn -0.7892 0.6083 -0.0843
vn -0.9836 0.0476 0.1740
vn -0.7811 0.5941 0.1922
vn -0.8978 0.1352 -0.4191
vn -0.9150 0.2899 -0.2805
vn -0.7515 0.6393 -0.1628
vn -0.8242 0.5623 -0.0672
vn -0.7791 0.5996 0.1832
vn -0.9891 0.1094 -0.0988
vn -0.9279 0.3589 -0.1011
vn -0.9588 0.2750 -0.0717
vn -0.8934 0.4493 -0.0034
vn -0.8961 0.4387 -0.0671
vn -0.6834 0.7287 0.0436
vn -0.8091 0.5701 0.1426
vn -0.8219 0.2495 0.5120
vn -0.6240 0.5957 0.5057
vn -0.7831 0.4228 0.4560
vn -0.6451 0.3106 0.6982
vn -0.9058 0.3268 0.2697
vn -0.9643 0.2642 -0.0185
vn -0.9612 0.2760 -0.0040
vn -0.9643 0.2642 -0.0181
vn -0.9616 0.2676 -0.0611
vn -0.9712 0.2363 -0.0294
vn -0.9791 0.1963 -0.0527
vn -0.7833 0.6163 0.0815
vn -0.8762 0.4786 -0.0566
vn -0.9608 0.2661 0.0780
vn -0.8820 0.4510 -0.1367
vn -0.5429 0.7874 -0.2922
vn -0.9835 0.1805 0.0102
vn -0.9924 0.1229 0.0053
vn -0.9835 0.1806 0.0102
vn -0.9718 0.2353 0.0149
vn -0.6657 0.7447 0.0470
vn -0.9347 0.2944 -0.1992
vn -0.7757 0.5347 -0.3353
vn -0.9465 0.3157 -0.0664
vn -0.8591 0.4692 -0.2046
vn -0.8474 -0.1309 0.5146
vn -0.8915 -0.0824 0.4454
vn -0.7242 0.1022 0.6820
vn -0.7307 0.1524 0.6655
vn -0.8360 0.2788 0.4727
vn -0.7950 0.1493 0.5880
vn -0.9039 0.3136 0.2909
vn -0.8798 0.4092 0.2421
vn -1.0000 -0.0000 -0.0000
vn -0.7920 0.0787 0.6055
vn -0.8626 -0.0013 0.5058
vn -0.9436 0.0757 0.3222
vn -0.9976 -0.0668 -0.0180
vn -0.8751 0.3999 0.2726
vn -0.9950 0.0786 -0.0619
vn -0.8237 0.5609 0.0832
vn -0.9535 0.3015 0.0049
vn -0.8708 0.4829 -0.0926
vn -0.9518 0.2999 -0.0646
vn -0.9408 0.2671 -0.2087
vn -0.8806 0.4084 -0.2404
vn -0.9450 0.1926 -0.2644
vn -0.9230 0.2593 -0.2842
vn -0.9225 0.1562 -0.3530
vn -0.8341 0.1953 0.5159
vn -0.8242 0.4111 0.3895
vn -0.7390 0.6604 0.1333
vn -0.6863 0.7206 0.0985
vn -0.7067 0.7041 -0.0693
vn -0.5598 0.7702 -0.3057
vn -0.5623 0.8121 -0.1562
vn -0.6784 0.6438 -0.3539
vn -0.8590 0.4657 -0.2127
vn -0.9816 0.1831 -0.0542
vn -0.9726 0.2318 -0.0173
vn -0.8982 0.4389 0.0241
vn -0.9703 0.2415 0.0122
vn -0.9422 -0.0627 -0.3290
vn -0.9780 0.1758 -0.1127
vn -0.9707 0.2334 -0.0576
vn -0.7119 0.5206 -0.4713
vn -0.7179 0.5026 -0.4816
vn -0.3515 0.6706 -0.6533
vn -0.3978 0.5674 -0.7210
vn -0.6999 0.2533 -0.6678
vn -0.6193 -0.0108 -0.7851
vn -0.6007 0.1636 -0.7825
vn -0.6314 0.0047 -0.7754
vn -0.4448 0.0050 -0.8956
vn -0.4045 0.2388 -0.8828
vn -0.3523 0.0034 -0.9359
vn -0.4575 0.0176 -0.8890
vn -0.2703 0.1798 -0.9458
vn -0.2190 -0.0176 -0.9756
vn -0.1058 0.5855 -0.8037
vn 0.0399 0.2647 -0.9635
vn 0.0694 0.3539 -0.9327
vn 0.0489 0.4777 -0.8771
vn -0.1219 0.5687 -0.8135
vn -0.1228 0.8930 -0.4329
vn -0.4044 0.2388 -0.8828
vn -0.1093 0.9693 -0.2201
vn -0.1758 0.9436 -0.2804
vn -0.0671 0.9842 -0.1640
vn -0.2338 0.8105 -0.5371
vn -0.3361 0.6261 -0.7036
vn -0.0902 0.0811 -0.9926
vn -0.0897 0.0012 -0.9960
vn -0.3201 0.9437 -0.0836
vn -0.3360 0.9375 -0.0911
vn -0.3195 0.9400 -0.1192
vn -0.2509 0.9628 -0.1001
vn -0.1639 0.9754 -0.1475
vn -0.1176 0.9892 -0.0875
vn -0.1134 0.9721 -0.2054
vn -0.1058 0.9706 -0.2161
vn -0.1111 0.9414 -0.3184
vn -0.1549 0.9409 -0.3011
vn -0.1341 0.9413 -0.3099
vn -0.1340 0.9413 -0.3099
vn -0.1114 0.9424 -0.3153
vn -0.1554 0.9376 -0.3110
vn -0.0836 0.9449 -0.3166
vn -0.0763 0.9459 -0.3154
vn -0.2101 0.9304 -0.3002
vn -0.2350 0.9345 -0.2673
vn -0.1520 0.9559 -0.2513
vn -0.1430 0.9121 -0.3842
vn -0.9771 -0.0411 -0.2086
vn -0.8826 -0.0837 -0.4626
vn -0.9102 -0.0844 -0.4056
vn -0.9456 -0.0307 -0.3240
vn -0.7012 -0.1178 -0.7031
vn -0.7428 -0.1093 -0.6606
vn -0.9471 0.0312 -0.3193
vn -0.8851 -0.0006 -0.4654
vn -0.9178 -0.0792 -0.3890
vn -0.9357 -0.0675 -0.3464
vn -0.8054 -0.1143 -0.5816
vn -0.7008 -0.1093 -0.7049
vn -0.6632 -0.1130 -0.7399
vn -0.5398 -0.1402 -0.8301
vn -0.4440 -0.1376 -0.8854
vn -0.4439 -0.1376 -0.8854
vn -0.3100 -0.2913 -0.9050
vn -0.4767 -0.2284 -0.8489
vn -0.2143 -0.1838 -0.9593
vn 0.0078 -0.4446 -0.8957
vn -0.5170 -0.3247 -0.7920
vn -0.3061 -0.6184 -0.7238
vn -0.4665 -0.2037 -0.8608
vn -0.4840 -0.6015 -0.6356
vn -0.0140 0.9988 -0.0479
vn -0.4347 -0.0176 -0.9004
vn -0.5399 -0.1414 -0.8298
vn -0.6699 -0.1275 -0.7314
vn 0.9004 0.0354 -0.4335
vn 0.9707 -0.0070 -0.2402
vn 0.9005 0.0353 -0.4334
vn -0.8161 0.1564 -0.5564
vn -0.2794 0.1405 -0.9498
vn -0.2943 0.1911 -0.9364
vn -0.2282 -0.5820 -0.7805
vn -0.2133 -0.6085 -0.7643
vn -0.2455 -0.5498 -0.7984
vn -0.8993 0.0272 -0.4366
vn -0.9829 0.0709 -0.1698
vn -0.8993 0.0272 -0.4365
vn -0.7537 -0.0162 -0.6570
vn -0.2845 0.3045 -0.9090
vn -0.2850 0.3034 -0.9092
vn -0.0986 -0.0257 -0.9948
vn -0.6137 -0.0478 -0.7881
vn -0.3929 -0.0694 -0.9169
vn -0.5648 0.5913 0.5757
vn -0.2660 0.9122 0.3118
vn -0.4562 0.8302 0.3203
vn -0.6268 0.7041 0.3336
vn -0.5600 0.8120 0.1649
vn -0.8211 0.5165 0.2432
vn -0.7388 0.3978 0.5441
vn -0.9469 0.1986 0.2529
vn -0.8098 0.2080 0.5486
vn -0.9602 -0.0429 0.2761
vn -0.8039 0.0129 0.5946
vn -0.9257 -0.1691 0.3382
vn -0.7016 -0.1546 0.6956
vn -0.9083 -0.2935 0.2982
vn -0.7897 -0.1166 0.6024
vn -0.8749 -0.0760 0.4784
vn -0.7464 0.2656 0.6102
vn -0.7602 0.1486 0.6324
vn -0.7204 -0.0093 0.6935
vn -0.6332 0.1519 0.7589
vn -0.6460 -0.0018 0.7633
vn -0.6123 0.2889 0.7359
vn -0.5682 -0.0311 0.8223
vn -0.6336 0.3428 0.6936
vn -0.4895 0.1801 0.8532
vn -0.5292 0.2045 0.8235
vn -0.5237 0.1634 0.8361
vn -0.4418 -0.1775 0.8794
vn -0.4796 0.5072 0.7160
vn -0.6286 0.3439 0.6975
vn -0.6158 0.1474 0.7740
vn -0.5281 0.1588 0.8342
vn -0.4795 0.5073 0.7160
vn -0.3111 0.1365 0.9405
vn -0.3210 -0.1399 0.9367
vn -0.3680 0.0522 0.9284
vn -0.2124 0.8239 0.5255
vn -0.2906 -0.0052 0.9568
vn -0.2864 -0.3513 0.8914
vn -0.2864 -0.3514 0.8914
vn -0.3326 0.0122 0.9430
vn -0.3633 -0.4272 0.8279
vn -0.1772 0.6262 0.7592
vn -0.1693 0.0105 0.9855
vn -0.1857 0.1220 0.9750
vn -0.1836 -0.2072 0.9609
vn -0.1982 -0.1398 0.9701
vn -0.1310 -0.4498 0.8835
vn -0.2759 0.9159 0.2915
vn -0.1083 0.9772 0.1827
vn -0.1488 0.9699 0.1929
vn -0.0679 0.9836 0.1672
vn -0.0459 0.9824 0.1808
vn -0.2771 0.2582 0.9255
vn -0.1977 0.2409 0.9502
vn -0.1974 0.3456 0.9174
vn -0.2868 0.3528 0.8907
vn -0.4484 -0.1411 0.8826
vn -0.3434 -0.1814 0.9215
vn -0.1452 -0.1056 0.9838
vn -0.5693 0.4137 0.7104
vn -0.3118 0.5514 0.7738
vn -0.1106 0.7437 0.6593
vn -0.2364 0.9340 0.2678
vn -0.2468 0.8351 0.4916
vn -0.2159 0.8824 0.4180
vn -0.1180 0.9449 0.3054
vn -0.0600 0.9461 0.3184
vn -0.1180 0.9449 0.3053
vn -0.0866 0.9820 0.1677
vn -0.1246 0.9518 0.2801
vn -0.3362 -0.9356 0.1076
vn -0.4747 -0.8770 0.0740
vn -0.2314 -0.9641 0.1302
vn -0.3036 -0.9124 0.2745
vn -0.3361 -0.9357 0.1076
vn -0.8285 -0.1906 -0.5265
vn -0.9720 -0.1073 -0.2091
vn -0.1183 0.9113 -0.3944
vn -0.1454 0.9147 -0.3770
vn -0.1120 0.9017 -0.4175
vn -0.2003 0.9129 -0.3556
vn -0.3938 -0.8532 0.3419
vn -0.2992 -0.9361 0.1847
vn -0.2889 -0.9496 0.1213
vn -0.9993 -0.0372 0.0075
vn -0.9720 -0.1073 -0.2090
vn -0.9999 0.0161 -0.0022
vn -0.9996 -0.0291 -0.0015
vn -0.9994 0.0323 -0.0114
vn 0.0275 0.9427 -0.3326
vn 0.1617 0.9419 -0.2944
vn -0.2484 0.9634 -0.1008
vn 0.9026 -0.1672 -0.3966
vn 0.9013 -0.1369 -0.4109
vn 0.9029 -0.1816 -0.3896
vn -0.2957 -0.9547 0.0332
vn -0.3492 -0.9370 -0.0010
vn -0.9976 -0.0687 0.0077
vn -0.9972 -0.0727 0.0172
vn -0.3635 -0.9308 -0.0373
vn -0.4499 -0.8926 -0.0301
vn -0.9814 -0.0858 -0.1719
vn -0.9874 0.1514 0.0454
vn 0.1464 0.9863 -0.0761
vn 0.1808 0.9808 -0.0726
vn -0.0777 0.9968 0.0191
vn -0.0776 0.9968 0.0191
vn 0.1673 0.9850 0.0424
vn 0.2332 0.9714 0.0447
vn -0.1698 0.9107 0.3766
vn -0.8994 0.3856 0.2057
vn -0.8595 0.4318 0.2735
vn -0.1697 0.9107 0.3766
vn -0.0045 0.6918 0.7220
vn -0.9750 0.2180 -0.0425
vn -0.8098 0.5057 0.2976
vn -0.2019 0.8133 0.5456
vn -0.2791 0.5279 0.8022
vn -0.1871 0.6200 0.7620
vn -0.2014 0.8656 0.4584
vn -0.4549 0.3898 0.8007
vn -0.1102 0.9152 0.3876
vn -0.6034 0.2989 0.7393
vn -0.6228 0.2591 0.7383
vn -0.4549 0.3897 0.8007
vn -0.4757 0.8494 0.2287
vn -0.1102 0.9152 0.3875
vn -0.0627 0.9809 0.1842
vn -0.4020 0.8905 0.2132
vn -0.3738 0.9185 0.1289
vn -0.0475 0.9946 0.0926
vn -0.3278 0.9373 0.1182
vn -0.3049 0.9514 0.0439
vn -0.0476 0.9946 0.0926
vn -0.0192 0.9977 0.0647
vn -0.5577 0.8278 0.0613
vn -0.3504 0.5352 0.7686
vn -0.7423 0.3118 0.5930
vn -0.5992 0.5036 0.6224
vn -0.8518 0.4180 0.3159
vn -0.4516 0.5362 0.7131
vn -0.3021 0.4524 0.8391
vn -0.2859 0.4871 0.8252
vn -0.3319 0.5366 0.7758
vn -0.8938 0.0153 0.4483
vn -0.8602 0.3978 0.3191
vn -0.8584 -0.1686 0.4844
vn -0.8393 0.2014 0.5050
vn -0.8937 0.0152 0.4484
vn -0.0720 0.9970 0.0291
vn -0.1275 0.8751 0.4669
vn -0.7637 0.4308 0.4808
vn -0.8392 0.2015 0.5050
vn 0.1870 0.9063 -0.3790
vn -0.1980 0.9109 0.3619
vn -0.3185 0.5004 0.8051
vn -0.2066 0.9663 0.1538
vn -0.1900 0.5985 0.7782
vn -0.3123 0.4075 0.8581
vn -0.2099 0.5156 0.8307
vn -0.3187 0.3713 0.8721
vn -0.3648 0.5231 0.7703
vn -0.3654 0.6460 0.6702
vn -0.3244 0.7254 0.6071
vn -0.2802 0.7230 0.6314
vn -0.3797 0.7384 0.5572
vn -0.2798 0.9537 0.1100
vn -0.1110 0.6727 0.7315
vn -0.1435 0.9824 0.1199
vn -0.0331 0.9935 0.1092
vn -0.0295 0.4839 0.8746
vn -0.4095 0.9119 0.0279
vn -0.0705 0.9973 0.0185
vn -0.0130 0.9996 0.0241
vn -0.3507 0.9290 -0.1181
vn -0.0795 0.9879 -0.1335
vn -0.0297 0.9968 -0.0737
vn -0.0732 0.9760 -0.2053
vn -0.3054 0.8443 -0.4404
vn -0.1730 0.9147 -0.3652
vn -0.1362 0.9461 -0.2938
vn -0.2731 0.8081 -0.5219
vn -0.2364 0.9021 -0.3611
vn -0.1456 0.9437 -0.2972
vn -0.1044 0.9595 0.2616
vn -0.1470 0.9819 0.1191
vn -0.1890 0.9475 0.2578
vn -0.1581 0.9851 0.0682
vn -0.1921 0.9774 0.0886
vn -0.1422 0.9817 0.1269
vn -0.4270 -0.8064 0.4092
vn -0.5945 0.3411 0.7282
vn -0.4226 -0.2700 0.8652
vn -0.5227 -0.1699 0.8354
vn -0.4342 0.2525 0.8647
vn -0.3118 0.5513 0.7738
vn -0.4119 0.3503 0.8412
vn -0.3094 -0.8612 0.4034
vn -0.1057 -0.9863 0.1264
vn -0.1056 -0.9864 0.1263
vn 0.0149 -0.9995 -0.0293
vn 0.0202 -0.9987 -0.0463
vn -0.2317 0.1352 0.9633
vn -0.2772 0.1322 0.9517
vn 0.0033 -1.0000 0.0036
vn 0.0017 -1.0000 0.0088
vn 0.0058 -1.0000 -0.0018
vn 0.0109 -0.9998 -0.0171
vn -0.2692 0.6881 -0.6739
vn -0.2814 0.6821 -0.6749
vn -0.2540 0.6876 -0.6802
vn -0.3393 0.5543 -0.7600
vn -0.2943 0.5479 -0.7830
vn -0.3582 0.5937 -0.7206
vn -0.3666 0.6926 -0.6212
vn -0.2472 0.8721 -0.4223
vn -0.0225 0.9993 -0.0294
vn -0.0319 0.9988 -0.0371
vn -0.0190 0.9998 0.0017
vn -0.0225 0.9993 -0.0293
vn -0.0991 0.9077 -0.4079
vn -0.1383 0.7957 -0.5896
vn -0.2539 -0.1632 -0.9534
vn -0.2947 -0.3479 -0.8900
vn -0.2284 -0.0658 -0.9713
vn -0.0199 0.9979 -0.0611
vn -0.0275 0.9969 -0.0732
vn -0.0205 0.9991 -0.0375
vn -0.0000 0.4687 0.8834
vn -0.0000 0.0099 1.0000
vn -0.0000 0.0762 0.9971
vn -0.0000 -0.2338 0.9723
vn -0.0000 -0.2819 0.9594
vn -0.0000 -0.4539 0.8911
vn -0.0000 0.9819 0.1895
vn -0.0000 0.2440 0.9698
vn -0.0000 0.3368 0.9416
vn -0.0000 -0.1486 0.9889
vn -0.0000 0.5449 0.8385
vn -0.0000 0.9446 0.3283
vn -0.0000 0.8571 0.5152
vn -0.0000 0.5858 0.8104
vn -0.0000 0.9371 0.3490
vn -0.0000 0.6497 0.7602
vn -0.0000 0.5187 0.8550
vn -0.0000 0.9705 0.2412
vn -0.0000 0.9981 0.0618
vn -0.0000 0.9932 0.1161
vn -0.0000 0.1450 0.9894
vn -0.0000 -1.0000 0.0088
vn -0.0000 0.9745 -0.2246
vn -0.0000 0.8035 -0.5953
vn -0.0000 -0.1961 -0.9806
vn -0.0000 -0.3911 -0.9203
vn -0.0000 -0.1099 -0.9939
vn -0.0000 0.4654 0.8851
vn -0.0000 0.9883 0.1523
vn -0.0000 0.9989 0.0467
vn -0.0000 0.9980 -0.0634
vn -0.0000 0.9918 -0.1277
vn -0.0000 0.9609 -0.2770
vn -0.0424 0.9546 -0.2947
vn -0.0000 0.9362 -0.3516
vn -0.0000 0.9973 -0.0732
vn 0.9433 0.3203 0.0875
vn 0.8655 0.4735 0.1633
vn 0.8391 0.5440 0.0045
vn 0.9571 0.2546 -0.1382
vn 0.7748 0.1049 -0.6234
vn 0.9954 -0.0953 0.0005
vn 0.9433 -0.1529 0.2948
vn 0.7215 0.0157 -0.6922
vn 0.8807 -0.0460 -0.4715
vn 0.7599 0.1340 -0.6361
vn 0.9927 0.0921 -0.0776
vn 0.7860 0.2758 -0.5534
vn 0.9945 0.0305 -0.1000
vn 0.8424 0.4700 -0.2634
vn 1.0000 0.0001 -0.0022
vn 0.7892 0.6083 -0.0843
vn 0.9836 0.0475 0.1740
vn 0.7811 0.5941 0.1922
vn 0.8978 0.1350 -0.4192
vn 0.9150 0.2899 -0.2805
vn 0.7515 0.6393 -0.1628
vn 0.8242 0.5623 -0.0672
vn 0.7791 0.5996 0.1832
vn 0.9891 0.1094 -0.0988
vn 0.9279 0.3589 -0.1011
vn 0.9588 0.2750 -0.0717
vn 0.8934 0.4493 -0.0034
vn 0.8961 0.4387 -0.0671
vn 0.6834 0.7287 0.0436
vn 0.8091 0.5701 0.1426
vn 0.8219 0.2495 0.5120
vn 0.6240 0.5957 0.5057
vn 0.7831 0.4228 0.4560
vn 0.6451 0.3106 0.6982
vn 0.9058 0.3268 0.2697
vn 0.9643 0.2642 -0.0181
vn 0.9612 0.2760 -0.0040
vn 0.9643 0.2642 -0.0185
vn 0.9616 0.2676 -0.0611
vn 0.9713 0.2362 -0.0293
vn 0.9791 0.1963 -0.0527
vn 0.7833 0.6163 0.0815
vn 0.8762 0.4786 -0.0566
vn 0.9608 0.2661 0.0780
vn 0.8820 0.4510 -0.1367
vn 0.5428 0.7874 -0.2921
vn 0.9835 0.1805 0.0102
vn 0.9924 0.1229 0.0053
vn 0.9835 0.1806 0.0102
vn 0.9718 0.2353 0.0149
vn 0.7757 0.5347 -0.3353
vn 0.9347 0.2944 -0.1992
vn 0.6657 0.7447 0.0470
vn 0.9465 0.3157 -0.0664
vn 0.8591 0.4692 -0.2046
vn 0.8474 -0.1309 0.5146
vn 0.8915 -0.0823 0.4454
vn 0.7242 0.1022 0.6820
vn 0.7307 0.1524 0.6655
vn 0.8360 0.2788 0.4727
vn 0.7950 0.1493 0.5880
vn 0.9039 0.3136 0.2909
vn 0.8798 0.4092 0.2421
vn 0.8626 -0.0013 0.5058
vn 0.7920 0.0787 0.6055
vn 1.0000 -0.0000 -0.0000
vn 0.9436 0.0757 0.3222
vn 0.9976 -0.0668 -0.0180
vn 0.8751 0.3999 0.2725
vn 0.9950 0.0786 -0.0619
vn 0.8237 0.5609 0.0832
vn 0.9535 0.3014 0.0050
vn 0.8708 0.4829 -0.0926
vn 0.9518 0.2999 -0.0646
vn 0.9408 0.2672 -0.2087
vn 0.8806 0.4084 -0.2403
vn 0.9450 0.1926 -0.2644
vn 0.9230 0.2593 -0.2842
vn 0.9225 0.1562 -0.3530
vn 0.8341 0.1953 0.5159
vn 0.8242 0.4111 0.3895
vn 0.7390 0.6604 0.1333
vn 0.6863 0.7206 0.0985
vn 0.7067 0.7041 -0.0693
vn 0.5598 0.7702 -0.3057
vn 0.5623 0.8120 -0.1562
vn 0.6784 0.6438 -0.3539
vn 0.8590 0.4657 -0.2127
vn 0.9816 0.1831 -0.0542
vn 0.9726 0.2318 -0.0173
vn 0.8982 0.4389 0.0241
vn 0.9703 0.2415 0.0122
vn 0.9422 -0.0627 -0.3290
vn 0.9780 0.1758 -0.1127
vn 0.9707 0.2334 -0.0576
vn 0.3515 0.6706 -0.6533
vn 0.7179 0.5026 -0.4816
vn 0.7119 0.5206 -0.4713
vn 0.3978 0.5674 -0.7210
vn 0.6999 0.2533 -0.6678
vn 0.6193 -0.0109 -0.7851
vn 0.6007 0.1636 -0.7825
vn 0.6314 0.0047 -0.7754
vn 0.4045 0.2388 -0.8828
vn 0.4448 0.0050 -0.8956
vn 0.4575 0.0176 -0.8890
vn 0.3523 0.0034 -0.9359
vn 0.2703 0.1798 -0.9458
vn 0.2190 -0.0176 -0.9756
vn 0.1058 0.5855 -0.8037
vn -0.0694 0.3539 -0.9327
vn -0.0399 0.2647 -0.9635
vn -0.0489 0.4777 -0.8771
vn 0.1219 0.5687 -0.8135
vn 0.1228 0.8930 -0.4329
vn 0.1093 0.9693 -0.2201
vn 0.4044 0.2388 -0.8828
vn 0.0671 0.9842 -0.1640
vn 0.1758 0.9436 -0.2804
vn 0.2338 0.8105 -0.5371
vn 0.3360 0.6261 -0.7036
vn 0.0903 0.0811 -0.9926
vn 0.0897 0.0012 -0.9960
vn 0.3196 0.9400 -0.1192
vn 0.3360 0.9375 -0.0911
vn 0.3201 0.9437 -0.0836
vn 0.2509 0.9628 -0.1001
vn 0.1639 0.9754 -0.1475
vn 0.1176 0.9892 -0.0875
vn 0.1134 0.9721 -0.2054
vn 0.1058 0.9706 -0.2161
vn 0.1111 0.9414 -0.3184
vn 0.1341 0.9413 -0.3099
vn 0.1549 0.9409 -0.3011
vn 0.1554 0.9376 -0.3110
vn 0.1114 0.9424 -0.3153
vn 0.1340 0.9413 -0.3099
vn 0.0835 0.9449 -0.3166
vn 0.0763 0.9459 -0.3154
vn 0.2101 0.9304 -0.3002
vn 0.2350 0.9345 -0.2673
vn 0.1430 0.9121 -0.3842
vn 0.1520 0.9559 -0.2513
vn 0.9102 -0.0844 -0.4056
vn 0.8826 -0.0837 -0.4625
vn 0.9771 -0.0411 -0.2086
vn 0.9456 -0.0307 -0.3240
vn 0.7428 -0.1093 -0.6606
vn 0.7012 -0.1175 -0.7032
vn 0.9471 0.0312 -0.3193
vn 0.8851 -0.0006 -0.4654
vn 0.9178 -0.0792 -0.3890
vn 0.9357 -0.0675 -0.3464
vn 0.8054 -0.1143 -0.5816
vn 0.7008 -0.1093 -0.7049
vn 0.6632 -0.1131 -0.7398
vn 0.4440 -0.1376 -0.8854
vn 0.5398 -0.1402 -0.8301
vn 0.4767 -0.2284 -0.8489
vn 0.3100 -0.2913 -0.9050
vn 0.4439 -0.1376 -0.8854
vn 0.2143 -0.1838 -0.9593
vn -0.0078 -0.4446 -0.8957
vn 0.5170 -0.3247 -0.7920
vn 0.3061 -0.6184 -0.7238
vn 0.4840 -0.6015 -0.6356
vn 0.4665 -0.2037 -0.8608
vn 0.0140 0.9988 -0.0479
vn 0.4347 -0.0176 -0.9004
vn 0.5399 -0.1414 -0.8298
vn 0.6699 -0.1275 -0.7314
vn -0.9005 0.0353 -0.4335
vn -0.9707 -0.0070 -0.2402
vn -0.9004 0.0354 -0.4335
vn 0.8161 0.1564 -0.5564
vn 0.2795 0.1405 -0.9498
vn 0.2943 0.1911 -0.9364
vn 0.2282 -0.5820 -0.7805
vn 0.2133 -0.6085 -0.7643
vn 0.2455 -0.5498 -0.7984
vn 0.8993 0.0272 -0.4365
vn 0.9829 0.0709 -0.1698
vn 0.8992 0.0272 -0.4366
vn 0.7537 -0.0162 -0.6570
vn 0.2850 0.3034 -0.9092
vn 0.2845 0.3045 -0.9090
vn 0.6137 -0.0478 -0.7881
vn 0.0986 -0.0257 -0.9948
vn 0.3929 -0.0694 -0.9169
vn 0.4563 0.8302 0.3203
vn 0.2660 0.9122 0.3118
vn 0.5648 0.5913 0.5757
vn 0.6268 0.7041 0.3336
vn 0.5600 0.8120 0.1649
vn 0.8211 0.5165 0.2432
vn 0.7388 0.3977 0.5441
vn 0.9469 0.1986 0.2529
vn 0.8098 0.2080 0.5486
vn 0.9602 -0.0429 0.2761
vn 0.8039 0.0129 0.5946
vn 0.9257 -0.1691 0.3382
vn 0.7016 -0.1546 0.6956
vn 0.9083 -0.2935 0.2982
vn 0.7896 -0.1166 0.6024
vn 0.8749 -0.0760 0.4784
vn 0.7464 0.2656 0.6102
vn 0.7602 0.1486 0.6324
vn 0.7204 -0.0093 0.6935
vn 0.6332 0.1519 0.7589
vn 0.6460 -0.0018 0.7633
vn 0.6123 0.2889 0.7359
vn 0.5681 -0.0311 0.8223
vn 0.6336 0.3428 0.6936
vn 0.5292 0.2045 0.8235
vn 0.4895 0.1801 0.8532
vn 0.4418 -0.1775 0.8794
vn 0.5237 0.1634 0.8361
vn 0.6286 0.3439 0.6975
vn 0.4796 0.5072 0.7160
vn 0.4795 0.5073 0.7160
vn 0.5281 0.1588 0.8342
vn 0.6158 0.1474 0.7740
vn 0.3111 0.1365 0.9405
vn 0.3210 -0.1400 0.9367
vn 0.3680 0.0522 0.9284
vn 0.2124 0.8239 0.5255
vn 0.2864 -0.3513 0.8914
vn 0.2906 -0.0052 0.9568
vn 0.3633 -0.4272 0.8279
vn 0.3326 0.0122 0.9430
vn 0.2864 -0.3514 0.8914
vn 0.1772 0.6262 0.7592
vn 0.1693 0.0104 0.9855
vn 0.1857 0.1220 0.9750
vn 0.1836 -0.2072 0.9609
vn 0.1982 -0.1398 0.9701
vn 0.1310 -0.4497 0.8835
vn 0.2759 0.9159 0.2915
vn 0.1488 0.9699 0.1929
vn 0.1083 0.9772 0.1827
vn 0.0679 0.9836 0.1672
vn 0.0459 0.9824 0.1808
vn 0.1974 0.3456 0.9174
vn 0.1977 0.2409 0.9502
vn 0.2771 0.2582 0.9255
vn 0.2868 0.3528 0.8907
vn 0.4484 -0.1411 0.8826
vn 0.3435 -0.1814 0.9215
vn 0.1452 -0.1056 0.9838
vn 0.5693 0.4137 0.7104
vn 0.3118 0.5514 0.7738
vn 0.1106 0.7437 0.6593
vn 0.2364 0.9340 0.2679
vn 0.2468 0.8351 0.4916
vn 0.1180 0.9449 0.3054
vn 0.2159 0.8824 0.4180
vn 0.0600 0.9461 0.3184
vn 0.0866 0.9820 0.1677
vn 0.1180 0.9449 0.3053
vn 0.1246 0.9519 0.2801
vn 0.4747 -0.8770 0.0740
vn 0.3362 -0.9356 0.1076
vn 0.3361 -0.9357 0.1076
vn 0.3036 -0.9124 0.2745
vn 0.2314 -0.9641 0.1302
vn 0.1183 0.9113 -0.3943
vn 0.9720 -0.1073 -0.2091
vn 0.8285 -0.1906 -0.5265
vn 0.1454 0.9147 -0.3771
vn 0.1120 0.9017 -0.4175
vn 0.2003 0.9129 -0.3556
vn 0.2992 -0.9361 0.1848
vn 0.3938 -0.8532 0.3419
vn 0.2889 -0.9496 0.1213
vn 0.9999 0.0161 -0.0022
vn 0.9720 -0.1073 -0.2090
vn 0.9993 -0.0372 0.0075
vn 0.9994 0.0323 -0.0114
vn 0.9996 -0.0291 -0.0015
vn -0.0275 0.9427 -0.3326
vn 0.2485 0.9634 -0.1008
vn -0.1617 0.9419 -0.2944
vn -0.9013 -0.1369 -0.4109
vn -0.9026 -0.1672 -0.3966
vn -0.9029 -0.1816 -0.3896
vn 0.2957 -0.9547 0.0332
vn 0.3493 -0.9370 -0.0010
vn 0.9976 -0.0686 0.0077
vn 0.9972 -0.0727 0.0172
vn 0.3635 -0.9308 -0.0373
vn 0.4499 -0.8926 -0.0301
vn 0.9814 -0.0858 -0.1719
vn 0.9874 0.1514 0.0454
vn -0.1464 0.9863 -0.0761
vn 0.2484 0.9634 -0.1008
vn 0.0777 0.9968 0.0191
vn -0.1808 0.9808 -0.0726
vn -0.1673 0.9850 0.0424
vn 0.0776 0.9968 0.0191
vn 0.1698 0.9107 0.3766
vn -0.2332 0.9714 0.0447
vn 0.8994 0.3856 0.2057
vn 0.8595 0.4318 0.2735
vn 0.0045 0.6918 0.7220
vn 0.8098 0.5057 0.2976
vn 0.9750 0.2180 -0.0425
vn 0.1871 0.6200 0.7620
vn 0.2790 0.5279 0.8022
vn 0.2019 0.8133 0.5456
vn 0.2015 0.8657 0.4583
vn 0.6034 0.2989 0.7393
vn 0.1102 0.9152 0.3876
vn 0.4549 0.3898 0.8007
vn 0.4549 0.3897 0.8007
vn 0.6228 0.2591 0.7382
vn 0.1102 0.9152 0.3875
vn 0.4757 0.8494 0.2287
vn 0.4020 0.8905 0.2132
vn 0.0627 0.9809 0.1842
vn 0.3738 0.9185 0.1289
vn 0.3278 0.9373 0.1182
vn 0.0475 0.9946 0.0926
vn 0.0476 0.9946 0.0926
vn 0.3049 0.9514 0.0439
vn 0.5577 0.8278 0.0613
vn 0.0192 0.9977 0.0647
vn 0.3504 0.5352 0.7686
vn 0.5992 0.5036 0.6224
vn 0.7424 0.3118 0.5930
vn 0.4516 0.5362 0.7131
vn 0.8518 0.4180 0.3159
vn 0.3021 0.4524 0.8391
vn 0.2859 0.4871 0.8252
vn 0.3319 0.5366 0.7758
vn 0.8602 0.3978 0.3191
vn 0.8937 0.0153 0.4483
vn 0.8937 0.0152 0.4484
vn 0.8393 0.2014 0.5050
vn 0.8584 -0.1686 0.4844
vn 0.0720 0.9970 0.0291
vn 0.1275 0.8751 0.4669
vn 0.8392 0.2015 0.5051
vn 0.7637 0.4308 0.4808
vn -0.1870 0.9063 -0.3790
vn 0.1980 0.9109 0.3619
vn 0.3185 0.5004 0.8051
vn 0.2066 0.9663 0.1538
vn 0.1900 0.5985 0.7782
vn 0.3123 0.4075 0.8581
vn 0.2099 0.5156 0.8307
vn 0.3187 0.3713 0.8721
vn 0.3648 0.5231 0.7703
vn 0.3654 0.6460 0.6702
vn 0.3244 0.7254 0.6071
vn 0.2802 0.7230 0.6314
vn 0.3797 0.7384 0.5572
vn 0.2798 0.9537 0.1100
vn 0.1110 0.6727 0.7315
vn 0.1435 0.9824 0.1199
vn 0.0331 0.9935 0.1092
vn 0.0295 0.4839 0.8746
vn 0.4095 0.9119 0.0279
vn 0.0705 0.9973 0.0185
vn 0.0130 0.9996 0.0241
vn 0.3507 0.9290 -0.1181
vn 0.0795 0.9879 -0.1335
vn 0.0732 0.9760 -0.2053
vn 0.0297 0.9968 -0.0737
vn 0.3054 0.8443 -0.4404
vn 0.1730 0.9147 -0.3652
vn 0.1363 0.9461 -0.2938
vn 0.2731 0.8081 -0.5219
vn 0.2364 0.9021 -0.3611
vn 0.1456 0.9437 -0.2972
vn 0.1470 0.9819 0.1191
vn 0.1044 0.9595 0.2616
vn 0.1890 0.9475 0.2578
vn 0.1581 0.9851 0.0682
vn 0.1921 0.9774 0.0886
vn 0.1422 0.9817 0.1269
vn 0.4270 -0.8064 0.4092
vn 0.5945 0.3411 0.7282
vn 0.5227 -0.1699 0.8354
vn 0.4226 -0.2700 0.8652
vn 0.3118 0.5513 0.7738
vn 0.4342 0.2525 0.8647
vn 0.4119 0.3503 0.8412
vn 0.1056 -0.9863 0.1264
vn 0.3094 -0.8612 0.4034
vn -0.0202 -0.9987 -0.0463
vn -0.0149 -0.9995 -0.0293
vn 0.1056 -0.9864 0.1263
vn 0.2317 0.1352 0.9633
vn 0.2772 0.1322 0.9517
vn -0.0058 -1.0000 -0.0018
vn -0.0018 -1.0000 0.0088
vn -0.0033 -1.0000 0.0036
vn -0.0109 -0.9998 -0.0171
vn 0.2814 0.6821 -0.6749
vn 0.2692 0.6881 -0.6739
vn 0.2540 0.6876 -0.6802
vn 0.3393 0.5543 -0.7600
vn 0.3582 0.5937 -0.7206
vn 0.2943 0.5479 -0.7830
vn 0.3666 0.6926 -0.6212
vn 0.2472 0.8721 -0.4223
vn 0.0319 0.9988 -0.0371
vn 0.0225 0.9993 -0.0294
vn 0.0225 0.9993 -0.0293
vn 0.0190 0.9998 0.0017
vn 0.1383 0.7957 -0.5896
vn 0.0991 0.9077 -0.4079
vn 0.2947 -0.3479 -0.8900
vn 0.2539 -0.1632 -0.9534
vn 0.2284 -0.0658 -0.9713
vn 0.0275 0.9969 -0.0732
vn 0.0199 0.9979 -0.0611
vn 0.0205 0.9991 -0.0375
vn 0.0419 0.9558 -0.2911
vn 0.0505 0.9350 -0.3511
vn -0.3217 0.6625 -0.6765
vn -0.3714 0.6803 -0.6318
vn -0.4044 0.6952 -0.5944
vn -0.4326 0.6933 -0.5764
vn -0.2387 0.6367 -0.7332
vn -0.2942 0.6614 -0.6900
vn -0.1319 0.6497 -0.7487
vn -0.3491 0.6579 -0.6673
vn -0.1267 0.5966 -0.7925
vn -0.1285 0.6441 -0.7540
vn -0.4195 0.5250 -0.7405
vn -0.1984 0.6368 -0.7451
vn -0.3057 0.5536 -0.7746
vn -0.4411 0.4613 -0.7698
vn -0.5244 0.5511 -0.6491
vn -0.5497 0.6068 -0.5741
vn 0.9920 0.0678 -0.1065
vn 0.9971 0.0295 -0.0708
vn 0.9762 0.1355 -0.1694
vn -0.0645 0.9614 -0.2676
vn -0.2861 0.7078 -0.6459
vn -0.1113 0.7757 -0.6212
vn -0.1225 0.8531 -0.5072
vn -0.1255 -0.9856 -0.1131
vn -0.0534 -0.9919 -0.1154
vn -0.1396 -0.9768 -0.1624
vn -0.1097 -0.9922 -0.0592
vn -0.0533 -0.9919 -0.1154
vn -0.0163 -0.9984 -0.0546
vn -0.0275 -0.9981 -0.0547
vn -0.0397 -0.9857 -0.1635
vn -0.6308 -0.2852 -0.7217
vn -0.4581 -0.3074 -0.8340
vn -0.6308 -0.2846 -0.7218
vn -0.6308 -0.2851 -0.7217
vn -0.4580 -0.3075 -0.8341
vn -0.2585 -0.3238 -0.9101
vn -0.4035 -0.3067 -0.8621
vn -0.4029 -0.3169 -0.8586
vn -0.4581 -0.3075 -0.8341
vn -0.2624 0.9421 -0.2087
vn -0.1725 0.9494 -0.2623
vn -0.1577 0.9679 -0.1956
vn -0.1489 0.9784 -0.1436
vn -0.1474 0.9256 -0.3487
vn -0.0924 0.9684 -0.2316
vn -0.8816 0.0915 0.4631
vn -0.8795 0.0761 0.4697
vn -0.4491 0.8135 -0.3695
vn -0.2655 0.8723 -0.4105
vn -0.2842 0.6566 -0.6986
vn -0.1259 0.5517 -0.8245
vn -0.0200 0.3847 -0.9228
vn -0.3994 0.6154 -0.6795
vn -0.3211 0.6629 -0.6763
vn -0.3768 0.6028 -0.7033
vn -0.3551 0.6366 -0.6846
vn -0.2707 0.5897 -0.7609
vn -0.2214 0.5543 -0.8023
vn -0.1681 0.6409 -0.7490
vn -0.1291 0.7031 -0.6992
vn -0.3393 0.6301 -0.6985
vn -0.5000 0.5552 -0.6646
vn -0.1860 0.6804 -0.7089
vn -0.2534 0.7694 -0.5864
vn -0.4740 0.6096 -0.6354
vn -0.3555 0.0849 -0.9308
vn -0.6281 0.0911 -0.7728
vn -0.4606 -0.0083 -0.8876
vn -0.6630 -0.0793 -0.7444
vn -0.1786 -0.8677 -0.4639
vn -0.0068 -0.9814 -0.1920
vn -0.2237 0.1711 -0.9595
vn -0.2657 0.0048 -0.9641
vn -0.0000 0.9808 -0.1952
vn -0.0000 0.7355 -0.6776
vn -0.0000 0.6057 -0.7957
vn -0.0000 0.5684 -0.8227
vn -0.0000 0.6724 -0.7402
vn -0.0000 0.6497 -0.7602
vn -0.1081 0.6459 -0.7558
vn -0.0000 -0.9985 -0.0545
vn -0.0078 -0.9985 -0.0545
vn -0.0077 -0.9985 -0.0547
vn -0.2585 -0.3239 -0.9101
vn -0.0001 -0.3353 -0.9421
vn -0.1338 -0.3323 -0.9336
vn -0.1338 -0.3322 -0.9337
vn -0.2584 -0.3238 -0.9101
vn -0.0000 0.8708 -0.4916
vn -0.0000 0.9716 -0.2368
vn -0.0000 0.6853 -0.7282
vn -0.0275 -0.9810 -0.1920
vn -0.0000 0.2583 -0.9661
vn -0.0000 0.0023 -1.0000
vn 0.4044 0.6951 -0.5944
vn 0.3714 0.6803 -0.6318
vn 0.3217 0.6625 -0.6765
vn 0.4326 0.6933 -0.5764
vn 0.2942 0.6614 -0.6900
vn 0.2387 0.6367 -0.7332
vn 0.1267 0.5966 -0.7925
vn 0.3491 0.6579 -0.6673
vn 0.1318 0.6497 -0.7487
vn 0.1285 0.6441 -0.7540
vn 0.3057 0.5536 -0.7746
vn 0.1985 0.6368 -0.7451
vn 0.4195 0.5250 -0.7405
vn 0.4411 0.4613 -0.7698
vn 0.5244 0.5511 -0.6491
vn 0.5497 0.6068 -0.5741
vn -0.9920 0.0678 -0.1065
vn -0.9971 0.0295 -0.0708
vn -0.9762 0.1355 -0.1694
vn -0.0041 0.9999 0.0146
vn 0.0645 0.9614 -0.2675
vn 0.0645 0.9614 -0.2676
vn 0.1225 0.8531 -0.5072
vn 0.0669 0.9952 -0.0713
vn 0.1396 -0.9768 -0.1624
vn 0.0534 -0.9919 -0.1154
vn 0.1255 -0.9856 -0.1131
vn 0.1097 -0.9922 -0.0592
vn 0.0275 -0.9981 -0.0547
vn 0.0163 -0.9984 -0.0546
vn 0.0533 -0.9919 -0.1154
vn 0.0397 -0.9857 -0.1635
vn 0.6308 -0.2846 -0.7218
vn 0.4581 -0.3074 -0.8340
vn 0.6308 -0.2851 -0.7217
vn 0.4035 -0.3067 -0.8621
vn 0.2585 -0.3238 -0.9101
vn 0.4580 -0.3075 -0.8341
vn 0.4581 -0.3075 -0.8341
vn 0.4029 -0.3169 -0.8586
vn 0.1577 0.9679 -0.1956
vn 0.1725 0.9494 -0.2623
vn 0.2624 0.9421 -0.2086
vn 0.1489 0.9784 -0.1436
vn 0.0924 0.9684 -0.2316
vn 0.1474 0.9256 -0.3487
vn 0.4491 0.8135 -0.3695
vn 0.2655 0.8723 -0.4105
vn 0.2842 0.6566 -0.6987
vn 0.2391 0.5881 -0.7727
vn 0.1259 0.5517 -0.8245
vn 0.1259 0.5516 -0.8245
vn 0.0200 0.3847 -0.9228
vn 0.3211 0.6629 -0.6763
vn 0.3821 0.6849 -0.6204
vn 0.4604 0.6122 -0.6429
vn 0.3768 0.6028 -0.7033
vn 0.3492 0.6579 -0.6673
vn 0.3551 0.6366 -0.6846
vn 0.2709 0.6570 -0.7036
vn 0.2707 0.5897 -0.7609
vn 0.2214 0.5543 -0.8023
vn 0.1291 0.7032 -0.6992
vn 0.1681 0.6409 -0.7490
vn 0.3393 0.6301 -0.6985
vn 0.2244 0.7010 -0.6770
vn 0.4532 0.5309 -0.7161
vn 0.3212 0.6629 -0.6763
vn 0.5000 0.5552 -0.6646
vn 0.2534 0.7694 -0.5864
vn 0.1860 0.6804 -0.7089
vn 0.2798 0.3927 -0.8761
vn 0.2253 0.5538 -0.8016
vn 0.4740 0.6096 -0.6354
vn 0.6280 0.0911 -0.7728
vn 0.3555 0.0849 -0.9308
vn 0.4607 -0.0083 -0.8875
vn 0.6630 -0.0793 -0.7444
vn 0.1786 -0.8677 -0.4639
vn 0.0586 -0.9593 -0.2763
vn 0.0068 -0.9814 -0.1920
vn 0.2237 0.1711 -0.9595
vn 0.2657 0.0048 -0.9641
vn 0.1081 0.6459 -0.7558
vn 0.1984 0.6368 -0.7451
vn 0.1081 0.6459 -0.7557
vn 0.0078 -0.9985 -0.0545
vn 0.0077 -0.9985 -0.0547
vn 0.1338 -0.3323 -0.9336
vn 0.0001 -0.3353 -0.9421
vn 0.2585 -0.3239 -0.9101
vn 0.2584 -0.3238 -0.9101
vn 0.1338 -0.3322 -0.9337
vn 0.0275 -0.9810 -0.1920
vn 0.8816 0.0915 0.4631
vn 0.8795 0.0761 0.4697
vn 0.0587 -0.7969 -0.6012
vn 0.0664 -0.7966 -0.6009
vn 0.0510 -0.7973 -0.6014
vn 0.0144 -0.7982 -0.6022
vn -0.0144 -0.7982 -0.6022
vn -0.0510 -0.7973 -0.6014
vn -0.0587 -0.7969 -0.6012
vn -0.0664 -0.7966 -0.6009
vn -0.0587 0.7969 0.6012
vn -0.0510 0.7973 0.6014
vn -0.0664 0.7966 0.6009
vn -0.0145 0.7982 0.6022
vn 0.0145 0.7982 0.6022
vn 0.0511 0.7973 0.6014
vn 0.0587 0.7969 0.6012
vn 0.0664 0.7966 0.6009
vn -0.0778 0.6004 -0.7959
vn -0.0676 0.6009 -0.7965
vn -0.0879 0.5999 -0.7952
vn -0.0192 0.6021 -0.7982
vn 0.0192 0.6021 -0.7982
vn 0.0676 0.6009 -0.7965
vn 0.0778 0.6004 -0.7959
vn 0.0879 0.5999 -0.7952
vn 1.0000 0.0003 0.0001
vn 0.9846 0.1749 -0.0025
vn 0.9968 0.0801 0.0001
vn 1.0000 -0.0000 0.0001
vn 0.9568 0.2908 -0.0066
vn 0.9588 0.2840 -0.0048
vn 0.9557 0.2942 0.0019
vn 0.9536 0.3009 -0.0009
vn 0.9650 0.2608 -0.0273
vn 0.9581 0.2865 0.0003
vn 0.9484 0.3171 0.0003
vn 0.9247 0.3767 0.0555
vn 0.9319 0.3616 -0.0293
vn 0.9653 0.2610 -0.0000
vn 0.9657 0.2596 -0.0000
vn 0.9657 0.2595 -0.0031
vn 0.9718 0.2301 -0.0505
vn 0.9669 0.2536 -0.0290
vn 0.9650 0.2615 -0.0210
vn 0.9668 0.2553 -0.0138
vn 0.9809 0.1942 0.0102
vn 0.9852 0.1716 0.0044
vn 0.9802 0.1979 0.0118
vn 0.9741 0.2255 0.0156
vn 0.9175 0.2111 0.3371
vn 0.6721 0.7308 0.1194
vn 0.9110 0.2091 0.3555
vn 0.9731 -0.0897 0.2120
vn 0.9568 -0.2906 -0.0064
vn 0.9572 -0.2890 -0.0130
vn 0.9523 -0.3036 -0.0322
vn 0.9520 -0.2990 -0.0660
vn 0.9163 -0.1096 -0.3851
vn 0.9564 0.0194 -0.2913
vn 0.8594 0.4903 -0.1451
vn 0.9381 0.2301 0.2590
vn 0.9703 0.2417 -0.0012
vn 0.6503 0.7128 0.2626
vn -0.9129 0.3154 0.2590
vn 0.9684 0.2489 0.0158
vn 0.9666 0.2559 0.0171
vn 0.9664 0.2565 0.0173
vn 0.9553 0.2945 0.0272
vn 0.9527 0.3026 0.0283
vn 0.7476 0.6637 0.0242
vn 0.9674 0.2533 0.0057
vn -0.9968 0.0801 0.0001
vn -0.9846 0.1749 -0.0025
vn -1.0000 0.0006 -0.0000
vn -1.0000 -0.0000 0.0001
vn -0.9588 0.2840 -0.0048
vn -0.9568 0.2908 -0.0066
vn -0.9536 0.3009 -0.0009
vn -0.9557 0.2942 0.0019
vn -0.9581 0.2865 0.0003
vn -0.9650 0.2608 -0.0273
vn -0.9484 0.3170 0.0003
vn -0.9319 0.3616 -0.0293
vn -0.9247 0.3767 0.0555
vn -0.9657 0.2596 -0.0000
vn -0.9653 0.2610 -0.0000
vn -0.9657 0.2595 -0.0031
vn -0.9669 0.2536 -0.0290
vn -0.9718 0.2301 -0.0505
vn -0.9668 0.2553 -0.0138
vn -0.9650 0.2615 -0.0210
vn -0.9851 0.1718 0.0045
vn -0.9809 0.1942 0.0102
vn -0.9741 0.2255 0.0153
vn -0.9801 0.1979 0.0118
vn -0.6720 0.7308 0.1194
vn -0.9175 0.2111 0.3371
vn -0.9110 0.2091 0.3555
vn -0.9568 -0.2906 -0.0064
vn -0.9731 -0.0897 0.2120
vn -0.9572 -0.2890 -0.0130
vn -0.9520 -0.2990 -0.0660
vn -0.9523 -0.3036 -0.0322
vn -0.9564 0.0194 -0.2913
vn -0.9163 -0.1096 -0.3851
vn -0.8594 0.4903 -0.1452
vn -0.6503 0.7128 0.2625
vn -0.9704 0.2417 -0.0012
vn -0.9381 0.2301 0.2590
vn 0.9129 0.3154 0.2590
vn -0.9666 0.2559 0.0171
vn -0.9684 0.2489 0.0157
vn -0.9552 0.2946 0.0272
vn -0.9664 0.2565 0.0173
vn -0.9527 0.3026 0.0283
vn -0.9674 0.2533 0.0057
vn -0.7476 0.6637 0.0242
vn -0.9551 0.2962 0.0009
vn -0.9611 0.2758 -0.0177
vn -0.9543 0.2988 -0.0017
vn -0.9487 0.3160 0.0103
vn -0.9301 0.3613 -0.0659
vn -0.1674 0.7437 0.6472
vn -0.1193 0.7829 0.6107
vn -0.0770 0.7732 0.6294
vn -0.0865 0.7237 0.6847
vn -0.1964 0.7530 0.6281
vn -0.1216 0.7955 0.5937
vn -0.3855 0.6546 0.6503
vn -0.2779 0.7231 0.6324
vn -0.2175 0.7239 0.6547
vn -0.2412 0.7328 0.6363
vn -0.2359 0.7267 0.6452
vn -0.2420 0.7343 0.6342
vn -0.0000 0.8000 0.6000
vn -0.0000 0.8004 0.5994
vn -0.0000 0.7960 0.6053
vn 0.9543 0.2989 -0.0017
vn 0.9611 0.2758 -0.0177
vn 0.9551 0.2962 0.0009
vn 0.9487 0.3160 0.0103
vn 0.9301 0.3613 -0.0659
vn 0.0770 0.7732 0.6294
vn 0.1193 0.7829 0.6107
vn 0.1674 0.7437 0.6472
vn 0.0865 0.7233 0.6851
vn 0.1216 0.7955 0.5937
vn 0.1964 0.7530 0.6281
vn 0.3854 0.6546 0.6503
vn 0.2779 0.7231 0.6324
vn 0.2175 0.7239 0.6547
vn 0.2412 0.7328 0.6363
vn 0.2359 0.7267 0.6452
vn 0.2420 0.7343 0.6342
vn -0.3417 0.6797 -0.6490
vn -0.2137 0.7108 -0.6702
vn -0.2430 0.6781 -0.6936
vn -0.3779 0.6307 -0.6778
vn -0.4111 0.6221 -0.6663
vn -0.4500 0.5898 -0.6705
vn -0.2963 0.6585 -0.6918
vn -0.2239 0.5673 -0.7925
vn -0.1875 0.5572 -0.8089
vn -0.3583 0.6277 -0.6910
vn -0.4039 0.6289 -0.6644
vn -0.3663 0.6331 -0.6819
vn -0.0000 0.7276 -0.6860
vn -0.0000 0.7064 -0.7078
vn -0.0000 0.6871 -0.7266
vn 0.2430 0.6781 -0.6936
vn 0.2137 0.7108 -0.6702
vn 0.3417 0.6797 -0.6490
vn 0.3779 0.6307 -0.6778
vn 0.2963 0.6585 -0.6917
vn 0.4111 0.6221 -0.6663
vn 0.4500 0.5898 -0.6705
vn 0.2239 0.5673 -0.7925
vn 0.1875 0.5572 -0.8089
vn 0.3583 0.6277 -0.6910
vn 0.4039 0.6289 -0.6644
vn 0.3663 0.6331 -0.6819
vn 0.9618 0.2735 -0.0104
vn 0.9657 0.2598 0.0003
vn 0.9656 0.2601 0.0003
vn 0.9706 0.2401 0.0158
vn 0.9705 0.2413 0.0014
vn -0.9657 0.2598 0.0003
vn -0.9618 0.2735 -0.0104
vn -0.9656 0.2601 0.0003
vn -0.9706 0.2401 0.0158
vn -0.9705 0.2413 0.0014
vn -0.4651 0.3010 -0.8325
vn -0.4433 0.2877 -0.8490
vn -0.4907 0.3166 -0.8118
vn 0.4651 0.3010 -0.8325
vn 0.4433 0.2877 -0.8490
vn 0.4907 0.3166 -0.8118
vn 0.8019 0.5568 -0.2164
vn 0.7048 0.6813 -0.1978
vn 0.9684 0.1106 -0.2237
vn 0.9646 -0.1814 -0.1915
vn 0.4219 0.8975 -0.1284
vn 0.1900 0.9798 -0.0619
vn -0.1426 0.9891 0.0377
vn -0.2684 0.9600 0.0791
vn -0.6570 0.7185 0.2282
vn -0.8090 0.5102 0.2918
vn -0.4207 0.6142 -0.6677
vn -0.8262 0.4234 -0.3717
vn -0.8301 0.5166 0.2096
vn 0.1211 0.6913 -0.7124
vn -0.1050 0.6156 -0.7810
vn 0.0119 0.9985 -0.0535
vn -0.0106 0.9599 -0.2800
vn 0.0277 -0.0433 -0.9987
vn 0.0087 -0.0798 -0.9968
vn 0.0328 -0.0978 -0.9947
vn 0.0444 -0.1519 -0.9874
vn 0.0395 -0.4056 -0.9132
vn 0.0310 -0.5634 -0.8256
vn 0.0204 -0.7777 -0.6283
vn 0.0107 -0.8693 -0.4942
vn 0.0039 -0.9811 -0.1936
vn 0.0015 -0.9987 -0.0503
vn 0.0025 -0.9881 0.1535
vn 0.0064 -0.9640 0.2659
vn 0.0222 -0.7516 0.6592
vn 0.0191 -0.7611 0.6484
vn 0.0378 -0.5695 0.8212
vn 0.0330 -0.4333 0.9007
vn 0.0432 -0.3226 0.9456
vn 0.0467 -0.1828 0.9820
vn 0.0368 -0.0275 0.9989
vn 0.0409 0.1155 0.9925
vn 0.0110 0.2023 0.9793
vn -0.3992 0.2905 0.8696
vn -0.5143 0.3376 0.7884
vn -0.4725 -0.0168 0.8812
vn -0.3507 0.0152 0.9364
vn -0.6507 0.3749 0.6603
vn -0.6098 0.1038 0.7858
vn 0.2913 0.3089 -0.9054
vn 0.1159 0.0899 -0.9892
vn 0.3409 0.1115 -0.9335
vn 0.3946 -0.0015 -0.9189
vn 0.3807 -0.2502 -0.8902
vn 0.3735 -0.3149 -0.8726
vn 0.3451 -0.5251 -0.7779
vn 0.2717 -0.6889 -0.6720
vn 0.2240 -0.7741 -0.5921
vn 0.1459 -0.9189 -0.3664
vn 0.0520 -0.9704 -0.2360
vn 0.1034 -0.9897 -0.0991
vn 0.1234 -0.9916 0.0386
vn 0.0614 -0.9433 0.3263
vn 0.0355 -0.8587 0.5113
vn -0.0405 -0.5821 0.8121
vn -0.1112 -0.4379 0.8921
vn -0.1647 -0.2086 0.9640
vn -0.1580 -0.1264 0.9793
vn -0.1406 -0.0778 0.9870
vn -0.0717 -0.1526 0.9857
vn -0.1242 0.5201 -0.8450
vn -0.1305 0.5177 -0.8456
vn -0.1028 0.5478 -0.8303
vn -0.0543 0.6198 -0.7829
vn -0.9220 0.2035 0.3294
vn -0.9402 0.2344 0.2473
vn -0.9055 0.3009 0.2991
vn -0.9157 0.1121 0.3860
vn -0.9210 -0.0303 0.3884
vn -0.9202 -0.0278 0.3904
vn -0.5001 0.3252 0.8026
vn -0.4611 0.2665 0.8464
vn -0.4822 0.3143 0.8177
vn -0.5205 0.2878 0.8039
vn -0.5809 0.2751 0.7661
vn -0.3397 0.5339 0.7743
vn -0.4815 0.2882 0.8277
vn -0.3326 0.1940 0.9229
vn -0.3333 0.2006 0.9212
vn -0.3363 0.1156 0.9346
vn -0.3361 0.0522 0.9404
vn -0.3332 -0.0626 0.9408
vn -0.3333 -0.0803 0.9394
vn -0.3235 -0.1898 0.9270
vn -0.3203 -0.1556 0.9344
vn -0.0824 0.9717 -0.2213
vn -0.1039 0.9633 -0.2475
vn 0.2276 0.9569 -0.1806
vn 0.1686 0.9714 -0.1672
vn -0.9501 0.0863 -0.2996
vn -0.9526 0.0165 -0.3039
vn -0.9503 -0.0389 -0.3089
vn -0.9374 -0.1029 -0.3326
vn -0.1661 -0.9588 -0.2303
vn 0.0091 -0.9858 -0.1679
vn 0.1407 -0.9785 -0.1506
vn 0.3291 -0.9338 -0.1402
vn 0.9973 -0.0631 -0.0373
vn 0.9990 -0.0076 -0.0442
vn 0.9983 0.0378 -0.0437
vn 0.9963 0.0750 -0.0426
vn 0.0180 -0.9994 -0.0290
vn -0.0395 -0.9615 -0.2719
vn -0.0042 -0.9936 -0.1126
vn -0.0141 -0.9988 -0.0470
vn -0.0058 -0.9994 -0.0331
vn 0.0234 -0.9970 -0.0737
vn 0.0083 -0.9985 -0.0542
vn -0.0027 -0.9991 -0.0419
vn 0.0256 -0.9483 -0.3163
vn 0.0139 -0.9992 -0.0372
vn 0.0111 -0.9937 -0.1113
vn 0.0074 -0.9998 -0.0203
vn 0.0026 -0.9999 0.0103
vn -0.0060 -0.9999 0.0113
vn -0.0209 -0.9971 0.0728
vn -0.0126 -0.9981 0.0599
vn -0.0012 -1.0000 -0.0000
vn 0.0001 -1.0000 -0.0018
vn -0.1464 -0.9888 -0.0275
vn -0.2187 -0.9637 -0.1534
vn -0.1052 -0.9927 0.0591
vn -0.0727 -0.9961 0.0508
vn -0.0341 -0.9991 0.0232
vn -0.0108 -0.9999 0.0125
vn 0.9350 -0.3538 -0.0260
vn 0.9685 -0.2487 0.0128
vn 0.9350 -0.3537 -0.0260
vn 0.8130 -0.5715 -0.1116
vn -0.0151 -0.9748 0.2224
vn -0.1883 -0.8941 -0.4063
vn -0.1245 -0.9862 -0.1088
vn -0.0877 -0.9952 0.0435
vn -0.1449 -0.9872 0.0672
vn -0.0423 -0.9818 0.1849
vn 0.0030 -0.9999 -0.0152
vn 0.0669 -0.9956 -0.0657
vn 0.2322 -0.9579 -0.1689
vn -0.0727 -0.9966 0.0397
vn -0.1007 -0.9903 0.0958
vn -0.0888 -0.9953 0.0397
vn -0.0848 -0.9962 0.0177
vn -0.8793 0.3483 0.3249
vn -0.8781 0.3530 0.3230
vn -0.8332 -0.3895 0.3926
vn -0.7051 -0.6017 0.3752
vn -0.9078 -0.1619 0.3869
vn -0.9062 -0.1676 0.3881
vn -0.3196 -0.9038 0.2847
vn -0.1269 -0.9661 0.2250
vn 0.0165 -0.9842 0.1762
vn -0.0102 -0.9838 0.1792
vn 0.7085 -0.7030 -0.0611
vn 0.8154 -0.5681 -0.1113
vn 0.5709 -0.8210 -0.0092
vn 0.5364 -0.8439 -0.0048
vn 0.7085 -0.7031 -0.0611
vn -0.0000 0.9999 0.0133
vn -0.0033 0.9996 0.0277
vn -0.0221 0.9997 0.0132
vn -0.0000 1.0000 0.0002
vn 0.2737 -0.0000 -0.9618
vn 0.2736 -0.0318 -0.9613
vn -0.0000 -0.0741 -0.9973
vn 0.2673 -0.1773 -0.9472
vn -0.0000 -0.3409 -0.9401
vn 0.2009 -0.6511 -0.7319
vn -0.0000 -0.8110 -0.5850
vn -0.1164 0.0549 0.9917
vn -0.1155 -0.0039 0.9933
vn -0.1144 0.0995 0.9884
vn -0.1185 0.1139 0.9864
vn -0.1164 0.0550 0.9917
vn -0.1158 -0.0855 0.9896
vn -0.1170 -0.1054 0.9875
vn -0.1148 -0.2481 0.9619
vn -0.1164 -0.2827 0.9521
vn -0.1157 -0.3167 0.9414
vn -0.1194 -0.2982 0.9470
vn 0.1060 -0.8306 -0.5466
vn -0.0000 -0.9092 -0.4164
vn -0.4518 -0.4614 0.7636
vn -0.2626 -0.4786 0.8378
vn -0.5488 0.6747 0.4937
vn -0.7358 0.0357 0.6763
vn -0.0744 0.5440 0.8358
vn -0.3073 0.7947 0.5235
vn 0.9871 0.1392 -0.0797
vn 0.9871 0.1515 -0.0517
vn 0.9868 0.1341 -0.0912
vn 0.9727 -0.1368 -0.1874
vn 0.9682 -0.1355 -0.2101
vn 0.9763 -0.1283 -0.1742
vn 0.9735 -0.1408 -0.1804
vn 0.9843 -0.1056 -0.1411
vn 0.9848 -0.1039 -0.1393
vn 0.9848 -0.1038 -0.1394
vn 0.9277 -0.1701 -0.3323
vn 0.8680 -0.1879 -0.4597
vn 0.3903 -0.4148 -0.8219
vn 0.2430 -0.4080 -0.8801
vn 0.4043 -0.3839 -0.8302
vn 0.5944 -0.4153 -0.6886
vn 0.3904 -0.4148 -0.8219
vn -0.4208 -0.3825 -0.8226
vn -0.5030 -0.3710 -0.7806
vn -0.4082 -0.3949 -0.8230
vn -0.4069 -0.3997 -0.8214
vn -0.0007 1.0000 0.0002
vn -0.0004 1.0000 0.0002
vn -0.0012 1.0000 0.0009
vn -0.0015 1.0000 0.0019
vn -0.0015 1.0000 0.0006
vn -0.0016 1.0000 0.0003
vn 0.9496 -0.1360 -0.2823
vn 0.9419 0.1362 -0.3070
vn 0.8929 -0.3808 -0.2403
vn 0.8932 -0.3801 -0.2404
vn 0.3931 -0.9190 -0.0308
vn 0.1628 -0.9855 0.0477
vn 0.1627 -0.9855 0.0478
vn -0.0965 -0.9870 0.1288
vn 0.3971 -0.9172 -0.0320
vn -0.5510 -0.7957 0.2514
vn -0.7422 -0.6033 0.2918
vn -0.9418 -0.1365 0.3071
vn -0.9496 0.1363 0.2822
vn -0.7787 0.6003 0.1824
vn -0.6012 0.7917 0.1080
vn -0.1623 0.9856 -0.0481
vn 0.0970 0.9869 -0.1288
vn 0.5515 0.7954 -0.2512
vn 0.7425 0.6031 -0.2914
vn -0.0138 0.9971 -0.0751
vn -0.0128 0.9994 -0.0329
vn 0.0148 0.9887 -0.1494
vn -0.0156 0.9941 -0.1075
vn -0.0000 1.0000 -0.0000
vn 0.0736 -0.1283 -0.9890
vn 0.0790 -0.1122 -0.9905
vn 0.1077 -0.1083 -0.9883
vn 0.1059 -0.1049 -0.9888
vn 0.0489 0.2167 -0.9750
vn 0.0720 0.1715 -0.9826
vn 0.0137 0.3305 -0.9437
vn -0.2056 0.9376 -0.2803
vn -0.0043 0.0365 -0.9993
vn 0.0965 -0.4226 -0.9012
vn -0.0001 0.9732 -0.2300
vn 0.7709 0.5720 -0.2803
vn 0.9245 0.3732 -0.0776
vn 0.9168 0.3948 -0.0599
vn 0.6592 0.7180 -0.2234
vn -0.1080 0.4591 0.8818
vn -0.1005 0.4857 0.8683
vn -0.1129 0.2995 0.9474
vn -0.1121 0.4443 0.8889
vn -0.3736 0.9267 -0.0404
vn -0.4876 0.7560 -0.4367
vn -0.4876 0.7560 -0.4368
vn -0.5098 0.5847 -0.6310
vn 0.1174 0.1055 -0.9875
vn 0.0789 0.1577 -0.9843
vn 0.9245 0.3731 -0.0776
vn 0.9941 0.1080 -0.0000
vn 0.9935 0.1130 -0.0157
vn -0.1127 0.1122 0.9873
vn -0.1142 0.1101 0.9873
vn -0.1128 0.2994 0.9474
vn -0.9885 0.1515 -0.0000
vn -0.9880 0.1339 -0.0773
vn -0.9862 0.1270 -0.1067
vn 0.9180 0.2370 0.3181
vn -0.4757 -0.0722 -0.8767
vn -0.3996 -0.0119 -0.9166
vn -0.6630 -0.0568 -0.7465
vn -0.5945 -0.1722 -0.7854
vn -0.4757 -0.0723 -0.8766
vn -0.2846 0.0067 -0.9586
vn -0.2890 0.0285 -0.9569
vn -0.0000 -0.9996 0.0267
vn -0.0000 -0.9997 0.0251
vn -0.0000 -0.9991 -0.0418
vn -0.0000 -0.9987 -0.0507
vn -0.0000 -0.9957 -0.0928
vn -0.0000 -0.9999 -0.0158
vn -0.0000 -0.9998 0.0177
vn 0.0001 1.0000 0.0004
vn -0.0000 -0.9496 0.3134
vn -0.0000 -0.8112 -0.5847
vn -0.0000 -0.9848 -0.1739
vn -0.0000 -0.9984 -0.0564
vn -0.0000 -1.0000 -0.0011
vn -0.0000 -0.9827 0.1851
vn -0.0000 -0.4376 -0.8992
vn -0.0000 1.0000 0.0001
vn -0.0000 0.9980 -0.0632
vn -0.0000 0.9959 -0.0900
vn 0.1829 0.2948 -0.9379
vn -0.0000 -0.1126 -0.9936
vn -0.0000 0.0296 -0.9996
vn 0.0913 0.2029 -0.9749
vn -0.0812 0.9862 -0.1444
vn 0.0169 0.9059 -0.4232
vn -0.0000 -0.0000 -1.0000
vn 0.0379 0.9600 -0.2773
vn 0.1494 0.9083 -0.3906
vn -0.2147 0.9218 0.3228
vn -0.0824 0.9911 -0.1044
vn -0.0000 0.9917 -0.1289
vn -0.7911 0.3862 -0.4744
vn -0.9794 0.1854 0.0797
vn -0.9311 0.0509 0.3613
vn -0.0384 0.4310 -0.9015
vn -0.6913 0.4086 -0.5960
vn -0.8224 -0.1094 -0.5583
vn -0.7243 -0.4352 -0.5349
vn -0.3830 -0.0800 -0.9203
vn -0.3830 -0.0796 -0.9203
vn -0.3832 -0.0797 -0.9202
vn -0.3834 -0.0795 -0.9201
vn -0.3833 -0.0795 -0.9202
vn -0.3831 -0.0792 -0.9203
vn -0.3830 -0.0797 -0.9203
vn -0.3831 -0.0791 -0.9203
vn -0.3829 -0.0794 -0.9204
vn -0.3831 -0.0796 -0.9203
vn -0.3826 -0.0796 -0.9205
vn -0.3832 -0.0796 -0.9202
vn -0.3828 -0.0796 -0.9204
vn -0.3830 -0.0799 -0.9203
vn -0.9806 0.1106 -0.1618
vn -0.7160 0.6813 -0.1526
vn -0.8141 0.5568 -0.1650
vn -0.9748 -0.1814 -0.1299
vn -0.1936 0.9798 -0.0497
vn -0.4292 0.8975 -0.1014
vn 0.2729 0.9600 0.0619
vn 0.1447 0.9891 0.0285
vn 0.8259 0.5102 0.2398
vn 0.6702 0.7185 0.1861
vn 0.8375 0.5425 0.0651
vn 0.8131 0.4360 -0.3856
vn 0.4615 0.5986 -0.6548
vn -0.1101 0.6920 -0.7135
vn 0.0107 0.9600 -0.2800
vn -0.0119 0.9985 -0.0535
vn 0.1050 0.6156 -0.7810
vn -0.0328 -0.0978 -0.9947
vn -0.0087 -0.0798 -0.9968
vn -0.0277 -0.0433 -0.9987
vn -0.0444 -0.1519 -0.9874
vn -0.0395 -0.4056 -0.9132
vn -0.0302 -0.5634 -0.8256
vn -0.0204 -0.7777 -0.6283
vn -0.0107 -0.8693 -0.4942
vn -0.0037 -0.9811 -0.1936
vn -0.0015 -0.9987 -0.0503
vn -0.0025 -0.9881 0.1535
vn -0.0064 -0.9640 0.2659
vn -0.0219 -0.7516 0.6592
vn -0.0191 -0.7611 0.6484
vn -0.0330 -0.4333 0.9007
vn -0.0378 -0.5694 0.8212
vn -0.0432 -0.3226 0.9456
vn -0.0467 -0.1828 0.9820
vn -0.0368 -0.0275 0.9989
vn -0.0409 0.1155 0.9925
vn -0.0110 0.2023 0.9793
vn 0.4725 -0.0168 0.8812
vn 0.5143 0.3376 0.7884
vn 0.3992 0.2905 0.8696
vn 0.3507 0.0152 0.9364
vn 0.6098 0.1038 0.7857
vn 0.6507 0.3749 0.6603
vn -0.3409 0.1115 -0.9335
vn -0.1159 0.0899 -0.9892
vn -0.2913 0.3089 -0.9054
vn -0.3946 -0.0015 -0.9189
vn -0.3807 -0.2502 -0.8902
vn -0.3735 -0.3149 -0.8726
vn -0.3451 -0.5251 -0.7779
vn -0.2716 -0.6889 -0.6720
vn -0.2240 -0.7741 -0.5921
vn -0.1459 -0.9189 -0.3664
vn -0.0520 -0.9704 -0.2360
vn -0.1034 -0.9897 -0.0991
vn -0.1234 -0.9916 0.0386
vn -0.0614 -0.9433 0.3264
vn -0.0355 -0.8587 0.5113
vn 0.0405 -0.5821 0.8121
vn 0.1112 -0.4379 0.8921
vn 0.1648 -0.2086 0.9640
vn 0.1580 -0.1264 0.9793
vn 0.1406 -0.0778 0.9870
vn 0.0717 -0.1526 0.9857
vn 0.1243 0.5201 -0.8450
vn 0.1027 0.5478 -0.8303
vn 0.1305 0.5177 -0.8456
vn 0.0543 0.6198 -0.7829
vn 0.9055 0.3009 0.2991
vn 0.9402 0.2344 0.2473
vn 0.9220 0.2035 0.3293
vn 0.9157 0.1121 0.3860
vn 0.9210 -0.0303 0.3884
vn 0.9202 -0.0278 0.3904
vn 0.5001 0.3252 0.8026
vn 0.5809 0.2751 0.7661
vn 0.5205 0.2878 0.8039
vn 0.4822 0.3143 0.8177
vn 0.4611 0.2665 0.8464
vn 0.4815 0.2883 0.8277
vn 0.3397 0.5339 0.7743
vn 0.3363 0.1156 0.9346
vn 0.3333 0.2006 0.9212
vn 0.3326 0.1940 0.9229
vn 0.3358 0.0522 0.9405
vn 0.3332 -0.0626 0.9408
vn 0.3333 -0.0803 0.9394
vn 0.3235 -0.1898 0.9270
vn 0.3203 -0.1556 0.9344
vn -0.2276 0.9569 -0.1806
vn 0.1039 0.9633 -0.2476
vn 0.0824 0.9717 -0.2213
vn -0.1686 0.9714 -0.1672
vn 0.9501 0.0863 -0.2996
vn 0.9526 0.0165 -0.3039
vn 0.9503 -0.0389 -0.3089
vn 0.9374 -0.1029 -0.3326
vn 0.1661 -0.9589 -0.2303
vn -0.0091 -0.9858 -0.1679
vn -0.1407 -0.9785 -0.1507
vn -0.3291 -0.9338 -0.1402
vn -0.9973 -0.0631 -0.0373
vn -0.9990 -0.0076 -0.0441
vn -0.9983 0.0379 -0.0438
vn -0.9963 0.0751 -0.0429
vn 0.0043 -0.9936 -0.1126
vn 0.0395 -0.9615 -0.2719
vn -0.0180 -0.9994 -0.0290
vn 0.0141 -0.9988 -0.0470
vn -0.0083 -0.9985 -0.0542
vn -0.0234 -0.9970 -0.0737
vn 0.0058 -0.9994 -0.0331
vn 0.0027 -0.9991 -0.0419
vn -0.0139 -0.9992 -0.0372
vn -0.0256 -0.9483 -0.3163
vn -0.0111 -0.9937 -0.1113
vn -0.0074 -0.9998 -0.0203
vn -0.0025 -0.9999 0.0103
vn 0.0060 -0.9999 0.0113
vn 0.0209 -0.9971 0.0728
vn 0.0012 -1.0000 -0.0000
vn 0.0126 -0.9981 0.0599
vn -0.0001 -1.0000 -0.0018
vn 0.2187 -0.9637 -0.1534
vn 0.1464 -0.9888 -0.0275
vn 0.1052 -0.9927 0.0591
vn 0.0727 -0.9961 0.0508
vn 0.0341 -0.9991 0.0232
vn 0.0108 -0.9999 0.0125
vn -0.9350 -0.3537 -0.0260
vn -0.9685 -0.2487 0.0128
vn -0.9350 -0.3538 -0.0260
vn -0.8130 -0.5715 -0.1116
vn 0.1246 -0.9862 -0.1088
vn 0.1883 -0.8941 -0.4063
vn 0.0151 -0.9748 0.2224
vn 0.0877 -0.9952 0.0435
vn 0.0423 -0.9818 0.1849
vn 0.1449 -0.9872 0.0672
vn -0.2322 -0.9579 -0.1689
vn -0.0669 -0.9956 -0.0657
vn -0.0030 -0.9999 -0.0152
vn 0.0727 -0.9966 0.0397
vn 0.1007 -0.9903 0.0958
vn 0.0888 -0.9953 0.0397
vn 0.0848 -0.9962 0.0177
vn -0.0574 -0.4485 -0.8920
vn -0.0737 -0.4894 -0.8689
vn 0.0716 0.5208 0.8506
vn 0.0800 0.4898 0.8682
vn 0.0718 0.4496 0.8903
vn -0.0602 -0.5205 -0.8517
vn -0.0605 0.2030 -0.9773
vn -0.1823 -0.5134 -0.8386
vn 0.1988 0.6999 0.6861
vn 0.2952 -0.2200 0.9298
vn 0.2038 0.4173 0.8856
vn -0.1711 -0.8730 -0.4567
vn 0.8968 0.3530 0.2666
vn 0.8981 0.3483 0.2685
vn 0.9305 -0.1619 0.3285
vn 0.7275 -0.6017 0.3297
vn 0.8564 -0.3895 0.3389
vn 0.9290 -0.1676 0.3298
vn 0.1409 -0.9661 0.2164
vn 0.3370 -0.9038 0.2639
vn 0.0215 -0.9838 0.1782
vn -0.0053 -0.9842 0.1769
vn -0.5703 -0.8210 0.0271
vn -0.8208 -0.5681 -0.0594
vn -0.7110 -0.7030 -0.0160
vn -0.7109 -0.7031 -0.0160
vn -0.5356 -0.8439 0.0292
vn 0.0221 0.9997 0.0132
vn 0.0033 0.9996 0.0277
vn -0.2736 -0.0318 -0.9613
vn -0.2737 -0.0000 -0.9618
vn -0.2736 -0.0319 -0.9613
vn -0.2673 -0.1773 -0.9472
vn -0.2009 -0.6511 -0.7319
vn 0.1144 0.0995 0.9884
vn 0.1157 -0.0038 0.9933
vn 0.1185 0.1139 0.9864
vn 0.1157 -0.0039 0.9933
vn 0.1170 -0.1055 0.9875
vn 0.1170 -0.0662 0.9909
vn 0.1147 -0.0760 0.9905
vn 0.1164 -0.2827 0.9521
vn 0.1176 -0.1561 0.9807
vn 0.1154 -0.1766 0.9775
vn 0.1194 -0.2982 0.9470
vn 0.1122 -0.3339 0.9359
vn -0.1060 -0.8306 -0.5466
vn 0.2625 -0.4786 0.8379
vn 0.4518 -0.4614 0.7636
vn 0.7358 0.0357 0.6763
vn 0.5488 0.6747 0.4937
vn 0.3073 0.7947 0.5235
vn 0.0744 0.5440 0.8358
vn -0.9871 0.1392 -0.0797
vn -0.9871 0.1515 -0.0517
vn -0.9868 0.1341 -0.0912
vn -0.9763 -0.1283 -0.1742
vn -0.9682 -0.1355 -0.2101
vn -0.9727 -0.1368 -0.1874
vn -0.9735 -0.1408 -0.1804
vn -0.9843 -0.1056 -0.1411
vn -0.9848 -0.1039 -0.1393
vn -0.9848 -0.1038 -0.1394
vn -0.8680 -0.1879 -0.4597
vn -0.9277 -0.1701 -0.3323
vn -0.4043 -0.3839 -0.8302
vn -0.2430 -0.4080 -0.8800
vn -0.3903 -0.4148 -0.8219
vn -0.3904 -0.4148 -0.8219
vn -0.5944 -0.4153 -0.6886
vn 0.5030 -0.3710 -0.7806
vn 0.4208 -0.3824 -0.8226
vn 0.4069 -0.3997 -0.8214
vn 0.4082 -0.3949 -0.8230
vn 0.0007 1.0000 0.0002
vn 0.0016 1.0000 0.0003
vn 0.0015 1.0000 0.0006
vn 0.0015 1.0000 0.0019
vn 0.0012 1.0000 0.0011
vn 0.0004 1.0000 0.0002
vn -0.9063 -0.3808 -0.1831
vn -0.9595 0.1362 -0.2466
vn -0.9656 -0.1360 -0.2215
vn -0.9066 -0.3801 -0.1832
vn -0.1594 -0.9855 0.0580
vn -0.3943 -0.9190 -0.0058
vn -0.3983 -0.9172 -0.0067
vn 0.1044 -0.9870 0.1225
vn 0.5659 -0.7957 0.2159
vn 0.7592 -0.6033 0.2441
vn 0.9594 -0.1365 0.2467
vn 0.9656 0.1363 0.2213
vn 0.7888 0.6003 0.1320
vn 0.6069 0.7917 0.0696
vn 0.1589 0.9856 -0.0583
vn -0.1050 0.9869 -0.1224
vn -0.5663 0.7954 -0.2157
vn -0.7595 0.6031 -0.2437
vn 0.0128 0.9994 -0.0329
vn 0.0138 0.9971 -0.0752
vn 0.0156 0.9941 -0.1075
vn -0.0148 0.9887 -0.1494
vn -0.1077 -0.1083 -0.9883
vn -0.0790 -0.1122 -0.9905
vn -0.1410 -0.0548 -0.9885
vn -0.1059 -0.1049 -0.9888
vn -0.0965 -0.4226 -0.9012
vn 0.0043 0.0365 -0.9993
vn 0.2056 0.9376 -0.2803
vn -0.0137 0.3305 -0.9437
vn -0.0489 0.2167 -0.9750
vn -0.0720 0.1715 -0.9826
vn 0.0001 0.9732 -0.2301
vn -0.6592 0.7180 -0.2234
vn -0.9168 0.3948 -0.0599
vn -0.9245 0.3732 -0.0776
vn -0.7709 0.5720 -0.2803
vn 0.1216 0.2351 0.9643
vn 0.1088 0.4367 0.8930
vn 0.1065 0.4644 0.8792
vn 0.1088 0.4368 0.8930
vn 0.1112 0.2998 0.9475
vn 0.1005 0.4857 0.8683
vn 0.1111 0.2999 0.9475
vn 0.4853 0.7539 -0.4429
vn 0.3625 0.9312 -0.0392
vn 0.4853 0.7539 -0.4428
vn 0.4444 0.8590 -0.2542
vn 0.5098 0.5847 -0.6310
vn -0.0789 0.1577 -0.9843
vn -0.1174 0.1055 -0.9875
vn -0.9941 0.1081 -0.0000
vn -0.9245 0.3731 -0.0776
vn -0.9935 0.1130 -0.0157
vn 0.1127 0.1122 0.9873
vn 0.1142 0.1101 0.9873
vn 0.1112 0.2997 0.9475
vn 0.9880 0.1339 -0.0773
vn 0.9885 0.1515 -0.0000
vn 0.9862 0.1270 -0.1067
vn -0.9180 0.2370 0.3181
vn 0.6630 -0.0568 -0.7465
vn 0.3996 -0.0119 -0.9166
vn 0.4757 -0.0722 -0.8767
vn 0.4757 -0.0722 -0.8766
vn 0.5945 -0.1722 -0.7854
vn 0.2890 0.0283 -0.9569
vn 0.2846 0.0067 -0.9586
vn -0.0001 1.0000 0.0004
vn 0.0581 0.9969 -0.0528
vn -0.0913 0.2029 -0.9749
vn -0.1494 0.9083 -0.3906
vn -0.0380 0.9600 -0.2773
vn 0.0796 0.9728 -0.2175
vn 0.0865 0.9898 -0.1132
vn 0.9729 0.1998 0.1161
vn 0.7832 0.4118 -0.4659
vn 0.9722 0.1911 0.1351
vn 0.6952 0.4227 -0.5814
vn 0.0828 0.4321 -0.8980
vn 0.8224 -0.1094 -0.5583
vn 0.7243 -0.4352 -0.5349
vn 0.3238 -0.0800 -0.9427
vn 0.3240 -0.0797 -0.9427
vn 0.3242 -0.0795 -0.9426
vn 0.3241 -0.0795 -0.9427
vn 0.3239 -0.0792 -0.9428
vn 0.3239 -0.0791 -0.9428
vn 0.3237 -0.0795 -0.9428
vn 0.3234 -0.0796 -0.9429
vn 0.3236 -0.0796 -0.9428
vn 0.3238 -0.0799 -0.9427
vn 0.6070 0.4042 -0.6842
vn 0.6841 0.7025 -0.1964
vn -0.7008 -0.4837 -0.5243
vn -0.0000 0.9631 -0.2693
vn 0.9909 0.1244 0.0507
vn 0.9853 0.0962 -0.1413
vn 0.9286 0.0531 -0.3672
vn 0.9149 0.4035 -0.0105
vn 0.9860 0.1663 -0.0147
vn 0.9186 0.3798 -0.1095
vn 0.9840 0.1747 -0.0354
vn 0.7987 0.5999 0.0463
vn 0.6981 0.7158 0.0166
vn 0.5812 -0.6037 0.5457
vn 0.4358 0.8783 -0.1969
vn 0.4861 -0.8014 0.3484
vn 0.3566 -0.8942 0.2705
vn 0.5950 -0.6108 0.5223
vn 0.5695 -0.6069 0.5544
vn 0.8089 -0.3210 0.4926
vn 0.3314 -0.9373 0.1076
vn 0.8083 -0.3507 -0.4730
vn 0.3869 -0.9110 0.1429
vn 0.1411 -0.9786 0.1499
vn 0.8563 -0.2645 0.4436
vn -0.0000 -0.1206 0.9927
vn 0.0128 -0.0492 0.9987
vn 0.9619 -0.2593 0.0864
vn 0.9147 -0.2146 -0.3424
vn -0.0000 0.0475 -0.9989
vn 0.0816 -0.9920 0.0960
vn 0.0729 -0.9853 0.1548
vn -0.0000 -0.9932 0.1165
vn -0.0000 -0.9872 0.1594
vn 0.0502 -0.9973 -0.0539
vn 0.2486 -0.9641 -0.0928
vn 0.2493 -0.9667 -0.0577
vn 0.0207 -0.9983 -0.0539
vn 0.0017 -0.9993 -0.0363
vn -0.0000 -0.9981 -0.0612
vn 0.6724 -0.7179 0.1802
vn 0.1381 -0.8816 0.4513
vn 0.3224 -0.9429 -0.0842
vn 0.7898 -0.5546 -0.2620
vn 0.6689 -0.6446 -0.3702
vn -0.0032 -0.9857 0.1682
vn 0.0208 -0.9791 0.2022
vn 0.0275 -0.9927 0.1172
vn 0.8145 -0.5047 -0.2861
vn 0.8524 -0.4728 -0.2233
vn 0.8010 -0.5193 -0.2981
vn 0.7376 -0.4686 -0.4862
vn 0.5387 -0.5223 -0.6610
vn -0.9909 0.1244 0.0507
vn -0.9286 0.0531 -0.3672
vn -0.9853 0.0962 -0.1413
vn -0.9860 0.1663 -0.0147
vn -0.9149 0.4035 -0.0105
vn -0.9840 0.1747 -0.0354
vn -0.9184 0.3794 -0.1124
vn -0.7987 0.5999 0.0462
vn -0.5812 -0.6037 0.5457
vn -0.6981 0.7158 0.0166
vn -0.4358 0.8783 -0.1969
vn -0.5695 -0.6069 0.5544
vn -0.5950 -0.6108 0.5223
vn -0.3566 -0.8942 0.2705
vn -0.4861 -0.8014 0.3484
vn -0.8089 -0.3210 0.4926
vn -0.3869 -0.9110 0.1429
vn -0.8083 -0.3507 -0.4729
vn -0.3314 -0.9373 0.1076
vn -0.1411 -0.9786 0.1499
vn -0.0128 -0.0492 0.9987
vn -0.8563 -0.2645 0.4436
vn -0.9619 -0.2594 0.0864
vn -0.9147 -0.2146 -0.3424
vn -0.0816 -0.9920 0.0960
vn -0.0729 -0.9853 0.1548
vn -0.2493 -0.9667 -0.0577
vn -0.2486 -0.9641 -0.0928
vn -0.0502 -0.9973 -0.0539
vn -0.0207 -0.9983 -0.0539
vn -0.0017 -0.9993 -0.0363
vn -0.1381 -0.8816 0.4513
vn -0.6724 -0.7179 0.1802
vn -0.6689 -0.6446 -0.3702
vn -0.7898 -0.5546 -0.2620
vn -0.3224 -0.9429 -0.0842
vn -0.0208 -0.9791 0.2022
vn 0.0032 -0.9857 0.1682
vn -0.0275 -0.9927 0.1172
vn -0.8010 -0.5193 -0.2981
vn -0.8524 -0.4729 -0.2233
vn -0.8145 -0.5047 -0.2861
vn -0.7376 -0.4686 -0.4862
vn -0.5388 -0.5223 -0.6610
vn -0.5923 0.6234 -0.5104
vn -0.5147 0.6300 -0.5815
vn -0.6576 0.6112 -0.4405
vn 0.5923 0.6234 -0.5104
vn 0.5147 0.6300 -0.5815
vn 0.6576 0.6112 -0.4405
vn -0.9978 -0.0639 -0.0148
vn -0.9995 -0.0002 -0.0327
vn -0.9989 -0.0447 -0.0103
vn -0.9989 -0.0472 0.0020
vn -0.9996 -0.0295 -0.0002
vn -0.9994 -0.0332 -0.0065
vn -0.9995 -0.0263 -0.0163
vn -0.9973 0.0672 -0.0300
vn -0.9905 0.1352 -0.0264
vn -0.9999 0.0105 -0.0007
vn -1.0000 0.0085 -0.0046
vn -0.9997 0.0247 0.0011
vn -0.9999 0.0145 -0.0024
vn -1.0000 0.0007 -0.0067
vn -1.0000 0.0001 -0.0075
vn -0.9999 -0.0108 -0.0076
vn -0.9998 -0.0166 -0.0055
vn -0.9997 -0.0233 -0.0043
vn 0.9989 -0.0447 -0.0103
vn 0.9995 -0.0002 -0.0327
vn 0.9978 -0.0639 -0.0148
vn 0.9989 -0.0472 0.0020
vn 0.9996 -0.0295 -0.0002
vn 0.9994 -0.0332 -0.0065
vn 0.9995 -0.0263 -0.0163
vn 0.9973 0.0672 -0.0300
vn 0.9905 0.1352 -0.0264
vn 0.9999 0.0105 -0.0007
vn 0.9999 0.0145 -0.0024
vn 0.9997 0.0247 0.0011
vn 1.0000 0.0085 -0.0046
vn 1.0000 0.0007 -0.0067
vn 1.0000 0.0001 -0.0075
vn 0.9999 -0.0109 -0.0076
vn 0.9998 -0.0166 -0.0055
vn 0.9997 -0.0233 -0.0043
vn 0.5887 -0.6096 0.5308
vn 0.9587 -0.2845 -0.0000
vn 0.6737 -0.7390 -0.0000
vn 0.5728 -0.5866 0.5725
vn 0.6571 -0.5616 0.5028
vn 0.9877 -0.1564 -0.0000
vn 0.1748 -0.3736 0.9110
vn 0.0233 0.9997 -0.0000
vn 0.4894 0.8721 -0.0000
vn 0.3911 -0.4971 0.7746
vn 0.2834 -0.7548 0.5915
vn 0.1077 -0.9942 -0.0000
vn 0.0183 -0.9998 -0.0000
vn 0.3512 -0.6377 0.6855
vn 0.4639 0.0913 0.8812
vn 0.0007 1.0000 -0.0000
vn 0.3104 0.2675 0.9122
vn 0.5451 -0.4239 0.7233
vn 0.8321 0.5547 -0.0000
vn 0.0001 0.2331 0.9724
vn 0.0001 -1.0000 -0.0000
vn 0.1146 -0.5869 0.8015
vn 0.2238 -0.6893 0.6891
vn 0.7079 -0.4385 0.5537
vn 0.7407 -0.4514 0.4977
vn 0.6230 -0.5769 0.5283
vn 0.5429 -0.6587 0.5210
vn 0.5444 -0.6354 0.5477
vn 0.5083 -0.6329 0.5841
vn 0.2753 -0.5904 0.7587
vn 0.3183 -0.6205 0.7167
vn 0.4047 -0.5987 0.6912
vn 0.3192 -0.5218 0.7911
vn 0.2226 -0.5583 0.7992
vn 0.2834 -0.5851 0.7598
vn 0.2731 -0.5868 0.7623
vn 0.0437 -0.5116 0.8581
vn 0.6611 -0.0529 0.7484
vn 0.2265 -0.6610 0.7154
vn 0.2856 -0.3424 0.8951
vn 0.4072 -0.6202 0.6704
vn 0.0001 -0.5742 0.8187
vn 0.0001 -0.5506 0.8348
vn 0.2062 -0.7018 0.6819
vn -0.0000 -0.7098 0.7044
vn -0.6737 -0.7390 -0.0000
vn -0.9587 -0.2845 -0.0000
vn -0.5887 -0.6096 0.5308
vn -0.5728 -0.5866 0.5725
vn -0.9877 -0.1563 -0.0000
vn -0.6571 -0.5617 0.5028
vn -0.4894 0.8721 -0.0000
vn -0.0233 0.9997 -0.0000
vn -0.1748 -0.3736 0.9110
vn -0.3911 -0.4971 0.7746
vn -0.0183 -0.9998 -0.0000
vn -0.1077 -0.9942 -0.0000
vn -0.2834 -0.7548 0.5915
vn -0.3513 -0.6377 0.6855
vn -0.0007 1.0000 -0.0000
vn -0.4639 0.0913 0.8811
vn -0.3104 0.2675 0.9122
vn -0.8321 0.5547 -0.0000
vn -0.5451 -0.4239 0.7234
vn -0.0001 -1.0000 -0.0000
vn -0.7079 -0.4385 0.5538
vn -0.2238 -0.6893 0.6891
vn -0.7407 -0.4513 0.4977
vn -0.6230 -0.5769 0.5283
vn -0.5428 -0.6587 0.5210
vn -0.5444 -0.6354 0.5477
vn -0.5083 -0.6329 0.5841
vn -0.2753 -0.5904 0.7587
vn -0.3183 -0.6205 0.7167
vn -0.4047 -0.5987 0.6912
vn -0.3193 -0.5217 0.7911
vn -0.2265 -0.6610 0.7154
vn -0.6611 -0.0529 0.7484
vn -0.0437 -0.5116 0.8581
vn -0.2834 -0.5851 0.7598
vn -0.2731 -0.5868 0.7623
vn -0.2225 -0.5583 0.7992
vn -0.2856 -0.3424 0.8951
vn -0.4072 -0.6202 0.6704
vn -0.1186 -0.5467 0.8289
vn -0.3192 -0.5218 0.7911
vn -0.0001 -0.5506 0.8348
vn -0.1185 -0.5467 0.8289
vn -0.2062 -0.7018 0.6819
vn -0.0000 -1.0000 -0.0000
vn -0.9746 0.1869 0.1232
vn -0.9714 0.1959 0.1340
vn -0.9753 0.1822 0.1248
vn -0.9760 0.1773 0.1264
vn -0.9866 0.1382 0.0866
vn -0.9852 0.1423 0.0952
vn -0.9974 -0.0704 -0.0163
vn -0.9974 -0.0705 -0.0163
vn -0.9866 0.1384 0.0865
vn -0.9751 0.2188 0.0349
vn -0.8535 0.5146 0.0821
vn -0.9744 0.2212 0.0402
vn -0.9760 0.2139 0.0402
vn -0.7023 0.7030 0.1118
vn -0.4142 0.8798 0.2332
vn -0.8534 0.5147 0.0821
vn -0.7026 0.7027 0.1122
vn -0.3656 0.8592 0.3578
vn 0.2148 0.9044 0.3687
vn -0.2052 0.9666 0.1538
vn 0.2466 0.9004 0.3585
vn 0.1770 0.9144 0.3641
vn 0.2147 0.9044 0.3687
vn 0.2544 0.8928 0.3718
vn -0.9885 -0.1340 0.0693
vn -0.9911 -0.1292 0.0328
vn -0.9922 -0.1246 -0.0000
vn -0.9893 -0.1236 -0.0773
vn -0.9857 0.1354 0.1001
vn -0.9855 0.1363 0.1012
vn -0.9855 0.1362 0.1011
vn -0.9858 0.1346 0.1007
vn -0.9599 0.0713 0.2710
vn -0.9681 0.1916 0.1616
vn -0.8906 -0.1267 0.4368
vn -0.8989 -0.1258 0.4196
vn -0.9599 0.0713 0.2711
vn -0.9717 0.1844 0.1478
vn -0.9701 0.1926 0.1479
vn -0.9735 0.1734 0.1493
vn -0.9717 0.1843 0.1478
vn -0.9714 0.1959 0.1339
vn -0.9633 0.2238 0.1482
vn -0.9712 0.1889 0.1454
vn -0.8989 -0.1259 0.4196
vn -0.8702 -0.2877 0.4000
vn -0.9530 0.0537 0.2981
vn -0.9641 0.0616 0.2582
vn -0.9641 0.0615 0.2582
vn -0.9550 -0.0912 0.2822
vn -0.9592 0.2177 0.1806
vn -0.9817 0.1530 0.1136
vn -0.9641 0.0617 0.2581
vn -0.9841 0.0482 0.1707
vn -0.9730 0.2267 0.0426
vn -0.9744 0.2213 0.0402
vn -0.9817 0.1531 0.1136
vn -0.9849 0.1486 0.0890
vn -0.9853 0.1371 0.1016
vn 0.0528 0.9278 0.3694
vn 0.1769 0.9144 0.3641
vn 0.9753 0.1822 0.1248
vn 0.9714 0.1959 0.1340
vn 0.9746 0.1869 0.1232
vn 0.9760 0.1773 0.1264
vn 0.9974 -0.0704 -0.0163
vn 0.9852 0.1423 0.0952
vn 0.9866 0.1382 0.0866
vn 0.9866 0.1384 0.0865
vn 0.9744 0.2212 0.0402
vn 0.8535 0.5146 0.0820
vn 0.9751 0.2188 0.0349
vn 0.9760 0.2139 0.0402
vn 0.8534 0.5147 0.0820
vn 0.4142 0.8798 0.2332
vn 0.7023 0.7030 0.1118
vn 0.7026 0.7027 0.1122
vn 0.8534 0.5147 0.0821
vn -0.2148 0.9044 0.3687
vn 0.3656 0.8592 0.3578
vn 0.2052 0.9666 0.1538
vn -0.2147 0.9044 0.3687
vn -0.1770 0.9144 0.3641
vn -0.2466 0.9004 0.3585
vn -0.2544 0.8928 0.3718
vn 0.9885 -0.1341 0.0693
vn 0.9911 -0.1292 0.0328
vn 0.9922 -0.1246 -0.0000
vn 0.9974 -0.0705 -0.0163
vn 0.9893 -0.1236 -0.0773
vn 0.9855 0.1362 0.1010
vn 0.9857 0.1354 0.1001
vn 0.9858 0.1346 0.1007
vn 0.9855 0.1362 0.1011
vn 0.9681 0.1916 0.1616
vn 0.9599 0.0713 0.2710
vn 0.9599 0.0713 0.2711
vn 0.8989 -0.1258 0.4196
vn 0.8906 -0.1267 0.4368
vn 0.9701 0.1926 0.1479
vn 0.9717 0.1843 0.1478
vn 0.9735 0.1734 0.1493
vn 0.9633 0.2238 0.1483
vn 0.9712 0.1889 0.1454
vn 0.8702 -0.2877 0.4000
vn 0.8989 -0.1259 0.4197
vn 0.9641 0.0616 0.2582
vn 0.9530 0.0537 0.2981
vn 0.9550 -0.0912 0.2822
vn 0.9641 0.0615 0.2582
vn 0.9641 0.0616 0.2581
vn 0.9817 0.1530 0.1136
vn 0.9592 0.2177 0.1806
vn 0.9841 0.0482 0.1707
vn 0.9817 0.1530 0.1137
vn 0.9817 0.1531 0.1136
vn 0.9744 0.2213 0.0402
vn 0.9730 0.2267 0.0426
vn 0.9849 0.1486 0.0890
vn 0.9855 0.1363 0.1012
vn 0.9853 0.1371 0.1017
vn -0.0528 0.9278 0.3694
vn -0.1769 0.9144 0.3641
vn -0.9833 -0.1817 -0.0111
vn -0.9776 0.1188 0.1735
vn -0.9151 -0.2640 0.3047
vn -0.9410 -0.2604 0.2164
vn -0.6126 0.6963 0.3740
vn -0.8320 -0.5540 -0.0292
vn -0.8158 -0.5782 -0.0054
vn -0.8897 -0.4377 -0.1298
vn -0.8321 -0.5533 -0.0374
vn -0.8915 -0.4199 -0.1697
vn -0.9863 -0.1308 -0.1009
vn -0.9732 -0.1672 -0.1578
vn 0.2742 -0.0000 0.9617
vn 0.2724 0.0619 0.9602
vn 0.2741 0.0316 0.9612
vn -0.0056 -0.9996 -0.0276
vn -0.0079 -0.9996 -0.0277
vn -0.0033 -0.9996 -0.0274
vn -0.1162 -0.0487 -0.9920
vn -0.1187 -0.0996 -0.9879
vn -0.1144 -0.1011 -0.9883
vn -0.1155 -0.0071 -0.9933
vn 0.2570 0.2888 0.9222
vn 0.2681 0.1659 0.9490
vn -0.1157 0.0768 -0.9903
vn -0.1170 0.1012 -0.9880
vn 0.1984 0.6433 0.7395
vn 0.2035 0.6386 0.7421
vn -0.1155 0.2237 -0.9678
vn -0.1166 0.2622 -0.9579
vn 0.1622 0.6830 0.7122
vn 0.1909 0.6475 0.7378
vn 0.1991 0.6496 0.7337
vn -0.1231 0.1485 -0.9812
vn -0.1211 0.3009 -0.9459
vn -0.1264 0.0314 -0.9915
vn -0.1231 0.1484 -0.9812
vn -0.1270 0.0104 -0.9918
vn -0.1259 0.0107 -0.9920
vn 0.1296 0.7194 0.6824
vn 0.1362 0.6845 0.7162
vn 0.1818 0.6881 0.7024
vn -0.0852 0.7448 -0.6618
vn -0.1264 0.0315 -0.9915
vn -0.1042 0.5612 -0.8211
vn -0.1068 0.5622 -0.8201
vn 0.1295 0.7194 0.6824
vn 0.0139 0.9963 0.0843
vn 0.0783 0.9006 0.4276
vn 0.0810 0.9012 0.4258
vn -0.0321 0.9694 -0.2434
vn -0.0852 0.7449 -0.6617
vn -0.0317 0.9693 -0.2437
vn -0.0330 0.9695 -0.2428
vn -0.0324 0.9694 -0.2433
vn 0.0095 0.9975 0.0695
vn 0.0127 0.9975 0.0694
vn -0.9999 -0.0171 -0.0005
vn -0.9955 -0.0936 0.0155
vn -0.9857 -0.1677 0.0153
vn -0.9959 -0.0904 0.0001
vn -0.9972 -0.0746 -0.0003
vn -0.9977 -0.0673 -0.0009
vn -0.9956 -0.0933 -0.0003
vn -0.9956 -0.0939 -0.0003
vn -0.9955 -0.0943 -0.0002
vn -0.9955 -0.0947 -0.0002
vn 0.4377 -0.1831 0.8803
vn 0.4668 0.2005 0.8613
vn 0.2629 0.1478 0.9534
vn 0.1630 -0.1509 0.9750
vn 0.2855 0.7962 0.5335
vn 0.1043 0.8897 0.4446
vn -0.2008 0.0938 0.9751
vn -0.3197 0.0148 0.9474
vn 0.2514 -0.8178 0.5177
vn 0.2363 -0.9171 0.3211
vn 0.8829 0.1887 0.4300
vn 0.8724 0.0167 0.4885
vn 0.0868 0.9948 0.0537
vn -0.1130 0.9725 0.2037
vn 0.8878 0.4440 -0.1212
vn -0.6177 0.1692 0.7680
vn 0.9870 0.0005 -0.1610
vn -0.5888 0.0682 0.8054
vn 0.1596 -0.9665 0.2009
vn 0.4876 -0.7786 0.3950
vn -0.6083 0.0767 0.7900
vn 0.0246 -0.0375 0.9990
vn 0.7414 -0.3609 0.5658
vn 0.7758 -0.6180 0.1276
vn -0.2147 -0.7988 -0.5620
vn -0.5660 -0.5199 -0.6398
vn -0.0904 -0.5649 -0.8202
vn -0.2863 -0.6558 -0.6986
vn -0.5516 -0.7221 -0.4175
vn -0.5660 -0.5199 -0.6397
vn -0.7838 -0.1166 -0.6099
vn -0.6049 0.3414 -0.7194
vn -0.6048 0.3414 -0.7195
vn -0.7780 -0.1178 -0.6172
vn -0.6807 0.6571 -0.3239
vn -0.6048 0.3414 -0.7194
vn -0.2797 0.4701 -0.8371
vn -0.0427 0.2887 -0.9565
vn -0.6048 0.3415 -0.7195
vn -0.2354 0.8458 -0.4788
vn -0.0426 0.2886 -0.9565
vn -0.2405 0.0258 -0.9703
vn -0.1562 -0.0067 -0.9877
vn -0.0903 -0.5649 -0.8202
vn 0.2173 0.3926 -0.8937
vn -0.2962 -0.0200 -0.9549
vn -0.2700 -0.0034 -0.9629
vn -0.2729 -0.0003 -0.9621
vn -0.1562 -0.0066 -0.9877
vn 0.1072 0.0405 -0.9934
vn 0.3093 0.4482 -0.8387
vn -0.2526 -0.0133 -0.9675
vn -0.2406 0.0258 -0.9703
vn -0.3698 0.0603 -0.9272
vn -0.2701 -0.0041 -0.9628
vn -0.3203 0.0586 -0.9455
vn 0.6468 -0.6621 0.3785
vn 0.6681 -0.7439 0.0166
vn -0.3195 0.0949 -0.9428
vn -0.3092 -0.0055 -0.9510
vn -0.3018 -0.0156 -0.9533
vn -0.3092 -0.0054 -0.9510
vn -0.3169 0.0052 -0.9484
vn 0.9833 -0.1817 -0.0111
vn 0.9410 -0.2604 0.2164
vn 0.9151 -0.2640 0.3047
vn 0.9776 0.1188 0.1736
vn 0.6127 0.6963 0.3739
vn 0.8158 -0.5782 -0.0054
vn 0.8320 -0.5540 -0.0292
vn 0.8321 -0.5533 -0.0374
vn 0.8897 -0.4378 -0.1298
vn 0.8915 -0.4199 -0.1697
vn 0.9732 -0.1672 -0.1578
vn 0.9863 -0.1308 -0.1009
vn -0.2741 0.0316 0.9612
vn -0.2724 0.0619 0.9602
vn -0.2742 -0.0000 0.9617
vn 0.0056 -0.9996 -0.0276
vn 0.0079 -0.9996 -0.0277
vn 0.0033 -0.9996 -0.0274
vn 0.1187 -0.0996 -0.9879
vn 0.1162 -0.0487 -0.9920
vn 0.1155 -0.0070 -0.9933
vn 0.1144 -0.1011 -0.9883
vn -0.2681 0.1659 0.9490
vn -0.2570 0.2888 0.9222
vn 0.1157 0.0769 -0.9903
vn 0.1170 0.1012 -0.9880
vn -0.2035 0.6386 0.7421
vn -0.1984 0.6433 0.7395
vn 0.1155 0.2237 -0.9678
vn 0.1166 0.2622 -0.9579
vn -0.1909 0.6475 0.7378
vn -0.1622 0.6830 0.7122
vn -0.1991 0.6496 0.7337
vn 0.1231 0.1485 -0.9812
vn 0.1211 0.3009 -0.9459
vn 0.1270 0.0104 -0.9918
vn 0.1231 0.1484 -0.9812
vn 0.1264 0.0314 -0.9915
vn 0.1259 0.0107 -0.9920
vn -0.1362 0.6845 0.7162
vn -0.1296 0.7194 0.6824
vn -0.1818 0.6882 0.7024
vn 0.1042 0.5612 -0.8211
vn 0.1264 0.0315 -0.9915
vn 0.0853 0.7448 -0.6618
vn 0.0852 0.7448 -0.6618
vn 0.1068 0.5622 -0.8201
vn -0.0783 0.9006 0.4276
vn -0.0139 0.9963 0.0843
vn -0.1295 0.7194 0.6824
vn -0.0810 0.9012 0.4258
vn 0.0317 0.9693 -0.2437
vn 0.0852 0.7449 -0.6618
vn 0.0323 0.9694 -0.2433
vn 0.0326 0.9694 -0.2432
vn 0.0330 0.9695 -0.2428
vn -0.0095 0.9975 0.0695
vn -0.0127 0.9975 0.0694
vn 0.9999 -0.0171 -0.0005
vn 0.9955 -0.0936 0.0155
vn 0.9857 -0.1677 0.0153
vn 0.9959 -0.0904 0.0001
vn 0.9972 -0.0746 -0.0003
vn 0.9977 -0.0673 -0.0009
vn 0.9956 -0.0938 -0.0003
vn 0.9956 -0.0933 -0.0003
vn 0.9955 -0.0947 -0.0002
vn -0.2629 0.1478 0.9534
vn -0.4668 0.2005 0.8613
vn -0.4377 -0.1831 0.8803
vn -0.1630 -0.1509 0.9750
vn -0.2855 0.7962 0.5335
vn -0.1043 0.8896 0.4446
vn 0.2008 0.0937 0.9751
vn 0.3197 0.0148 0.9474
vn -0.2514 -0.8178 0.5176
vn -0.2363 -0.9171 0.3210
vn -0.8829 0.1887 0.4300
vn -0.8724 0.0167 0.4885
vn -0.0868 0.9948 0.0537
vn 0.1130 0.9725 0.2037
vn -0.8878 0.4440 -0.1212
vn 0.6176 0.1692 0.7680
vn -0.9870 0.0005 -0.1610
vn 0.5888 0.0681 0.8054
vn -0.1596 -0.9665 0.2009
vn -0.4876 -0.7786 0.3950
vn -0.0246 -0.0376 0.9990
vn 0.6083 0.0767 0.7900
vn -0.7414 -0.3609 0.5658
vn -0.7758 -0.6180 0.1276
vn 0.0903 -0.5649 -0.8202
vn 0.5660 -0.5199 -0.6398
vn 0.2147 -0.7988 -0.5620
vn 0.2863 -0.6558 -0.6986
vn 0.0904 -0.5649 -0.8202
vn 0.5660 -0.5199 -0.6397
vn 0.5516 -0.7221 -0.4175
vn 0.6048 0.3414 -0.7195
vn 0.7838 -0.1166 -0.6099
vn 0.7780 -0.1178 -0.6172
vn 0.6807 0.6571 -0.3239
vn 0.0427 0.2887 -0.9565
vn 0.2797 0.4701 -0.8371
vn 0.2354 0.8458 -0.4788
vn 0.1561 -0.0066 -0.9877
vn 0.2405 0.0258 -0.9703
vn 0.0426 0.2887 -0.9565
vn -0.2173 0.3926 -0.8937
vn 0.1563 -0.0067 -0.9877
vn 0.2963 -0.0200 -0.9549
vn 0.2700 -0.0034 -0.9629
vn 0.1562 -0.0066 -0.9877
vn 0.2729 -0.0003 -0.9620
vn -0.1072 0.0405 -0.9934
vn -0.3093 0.4482 -0.8387
vn 0.2526 -0.0133 -0.9675
vn 0.3698 0.0603 -0.9272
vn 0.2406 0.0258 -0.9703
vn 0.2701 -0.0041 -0.9628
vn 0.3203 0.0586 -0.9455
vn 0.2405 0.0257 -0.9703
vn -0.6681 -0.7439 0.0166
vn -0.6468 -0.6621 0.3784
vn 0.3195 0.0949 -0.9428
vn 0.3092 -0.0055 -0.9510
vn 0.3018 -0.0156 -0.9533
vn 0.3092 -0.0054 -0.9510
vn 0.3169 0.0052 -0.9484
vt 0.871648 0.657412
vt 0.871583 0.417517
vt 0.891461 0.384428
vt 0.884889 0.693422
vt 0.869465 0.681929
vt 0.902884 0.377341
vt 0.905633 0.694854
vt 0.906190 0.705904
vt 0.858763 0.705904
vt 0.849042 0.696522
vt 0.831504 0.712883
vt 0.814054 0.707248
vt 0.816351 0.732932
vt 0.799827 0.730428
vt 0.807324 0.768421
vt 0.793840 0.768912
vt 0.810768 0.804641
vt 0.782735 0.803840
vt 0.844885 0.684832
vt 0.806298 0.697743
vt 0.786344 0.725292
vt 0.783854 0.767898
vt 0.774130 0.804930
vt 0.825628 0.657412
vt 0.774960 0.651978
vt 0.760764 0.643300
vt 0.759653 0.760639
vt 0.741134 0.630669
vt 0.747322 0.760730
vt 0.752713 0.807581
vt 0.805705 0.835523
vt 0.786095 0.830663
vt 0.784819 0.841546
vt 0.805705 0.855625
vt 0.759995 0.835125
vt 0.736586 0.413388
vt 0.742802 0.424362
vt 0.653645 0.424952
vt 0.653505 0.413998
vt 0.647978 0.428690
vt 0.647945 0.414248
vt 0.743120 0.412282
vt 0.651586 0.410635
vt 0.739876 0.409785
vt 0.648960 0.324414
vt 0.652248 0.326095
vt 0.731000 0.283923
vt 0.734689 0.282721
vt 0.722830 0.279599
vt 0.729946 0.277197
vt 0.722566 0.276237
vt 0.866985 0.377558
vt 0.864133 0.410557
vt 0.825587 0.406952
vt 0.824623 0.412413
vt 0.789002 0.405472
vt 0.786128 0.415115
vt 0.768103 0.417150
vt 0.772124 0.406201
vt 0.902204 0.340211
vt 0.902204 0.352972
vt 0.876507 0.353892
vt 0.868481 0.339772
vt 0.841581 0.346904
vt 0.840149 0.333018
vt 0.819925 0.331605
vt 0.819852 0.314375
vt 0.805374 0.290652
vt 0.813474 0.290762
vt 0.806982 0.255271
vt 0.815793 0.256830
vt 0.823930 0.239792
vt 0.790904 0.209166
vt 0.837842 0.225526
vt 0.800326 0.202036
vt 0.831589 0.202202
vt 0.830026 0.374446
vt 0.799693 0.362756
vt 0.783808 0.354803
vt 0.780275 0.284183
vt 0.776188 0.251952
vt 0.770413 0.224495
vt 0.744172 0.251341
vt 0.743856 0.238488
vt 0.646760 0.294355
vt 0.644942 0.326839
vt 0.644175 0.422775
vt 0.646226 0.435415
vt 0.647748 0.540322
vt 0.644402 0.544555
vt 0.651666 0.548299
vt 0.742802 0.627688
vt 0.659720 0.147713
vt 0.658174 0.153281
vt 0.641430 0.153355
vt 0.643585 0.147723
vt 0.803083 0.196411
vt 0.831589 0.196437
vt 0.803083 0.189282
vt 0.826229 0.186534
vt 0.692293 0.067989
vt 0.692254 0.094011
vt 0.670639 0.091898
vt 0.670639 0.067989
vt 0.651824 0.094011
vt 0.647901 0.068019
vt 0.745869 0.234198
vt 0.770078 0.221834
vt 0.788453 0.206847
vt 0.795032 0.202301
vt 0.799290 0.196372
vt 0.695709 0.096601
vt 0.670738 0.093345
vt 0.651583 0.095458
vt 0.647468 0.095491
vt 0.647468 0.094057
vt 0.643769 0.068019
vt 0.839259 0.224969
vt 0.833005 0.202228
vt 0.833005 0.196522
vt 0.833005 0.189143
vt 0.833005 0.174199
vt 0.695792 0.063538
vt 0.671229 0.063666
vt 0.645955 0.063666
vt 0.643805 0.063666
vt 0.619002 0.068019
vt 0.619019 0.063666
vt 0.859097 0.196368
vt 0.859097 0.202515
vt 0.859127 0.189214
vt 0.866487 0.220843
vt 0.903851 0.220843
vt 0.902673 0.202602
vt 0.902673 0.198182
vt 0.902673 0.184716
vt 0.859171 0.174172
vt 0.700292 0.014505
vt 0.695475 0.042259
vt 0.671286 0.042259
vt 0.671365 0.014166
vt 0.645990 0.042259
vt 0.646050 0.014279
vt 0.643604 0.042213
vt 0.640491 0.023662
vt 0.618915 0.042213
vt 0.617362 0.029820
vt 0.667015 0.096254
vt 0.670102 0.052518
vt 0.669722 0.048214
vt 0.647335 0.047958
vt 0.647209 0.052646
vt 0.808018 0.859228
vt 0.808018 0.835523
vt 0.813102 0.806947
vt 0.815468 0.837197
vt 0.827000 0.819455
vt 0.830809 0.839246
vt 0.841359 0.824450
vt 0.843474 0.841408
vt 0.872157 0.828774
vt 0.876268 0.841704
vt 0.899350 0.829013
vt 0.883668 0.845251
vt 0.899350 0.845971
vt 0.889757 0.848133
vt 0.885297 0.864517
vt 0.899350 0.860191
vt 0.891402 0.866050
vt 0.899075 0.865993
vt 0.835038 0.864819
vt 0.843889 0.865059
vt 0.816812 0.861826
vt 0.643698 0.910652
vt 0.674738 0.910769
vt 0.672824 0.920503
vt 0.643698 0.920448
vt 0.644330 0.880574
vt 0.669542 0.881056
vt 0.673279 0.890727
vt 0.644330 0.891218
vt 0.596710 0.917368
vt 0.596710 0.926787
vt 0.596799 0.897887
vt 0.596710 0.887290
vt 0.654571 0.969070
vt 0.654644 0.977509
vt 0.596710 0.983944
vt 0.596710 0.975702
vt 0.548911 0.892311
vt 0.548952 0.902608
vt 0.548465 0.922041
vt 0.548498 0.931108
vt 0.548909 0.980375
vt 0.548942 0.988268
vt 0.662692 0.876300
vt 0.644336 0.876470
vt 0.605902 0.883371
vt 0.548813 0.890041
vt 0.548209 0.863479
vt 0.605726 0.860831
vt 0.874415 0.855617
vt 0.596710 0.962822
vt 0.548644 0.967494
vt 0.881834 0.855882
vt 0.596710 0.971111
vt 0.549020 0.975783
vt 0.889691 0.855264
vt 0.668956 0.964379
vt 0.668964 0.967190
vt 0.596710 0.973921
vt 0.549380 0.978521
vt 0.631957 0.265971
vt 0.644466 0.254863
vt 0.652262 0.286169
vt 0.642406 0.287160
vt 0.638818 0.286960
vt 0.624063 0.265524
vt 0.616281 0.281399
vt 0.630547 0.296136
vt 0.641997 0.326960
vt 0.638877 0.287160
vt 0.638910 0.327083
vt 0.638819 0.327120
vt 0.630842 0.327219
vt 0.637027 0.253709
vt 0.641955 0.422810
vt 0.639324 0.423002
vt 0.642379 0.545395
vt 0.639310 0.545203
vt 0.639309 0.422973
vt 0.630917 0.422956
vt 0.639309 0.545204
vt 0.630535 0.544917
vt 0.738047 0.632572
vt 0.736211 0.634050
vt 0.657062 0.630631
vt 0.654196 0.629375
vt 0.604371 0.835842
vt 0.604910 0.850405
vt 0.548269 0.847618
vt 0.548763 0.834519
vt 0.652925 0.833934
vt 0.652908 0.822653
vt 0.661684 0.824125
vt 0.662171 0.856683
vt 0.659088 0.791841
vt 0.648456 0.791737
vt 0.658466 0.745738
vt 0.647243 0.745714
vt 0.655942 0.636665
vt 0.645526 0.647442
vt 0.610506 0.847957
vt 0.652706 0.632369
vt 0.655722 0.636848
vt 0.649922 0.633551
vt 0.642441 0.634678
vt 0.643920 0.638459
vt 0.656418 0.634179
vt 0.650306 0.639479
vt 0.643189 0.640177
vt 0.617037 0.641536
vt 0.617016 0.637598
vt 0.548528 0.644129
vt 0.548096 0.640068
vt 0.616583 0.636292
vt 0.547951 0.638321
vt 0.641877 0.633342
vt 0.647493 0.632316
vt 0.649268 0.629898
vt 0.649681 0.627973
vt 0.627457 0.550280
vt 0.621520 0.551564
vt 0.622970 0.546202
vt 0.610520 0.552867
vt 0.610967 0.547320
vt 0.547772 0.549894
vt 0.547774 0.555090
vt 0.622917 0.422938
vt 0.610594 0.422938
vt 0.547782 0.422810
vt 0.622869 0.326921
vt 0.610136 0.326921
vt 0.547781 0.366548
vt 0.547780 0.318493
vt 0.622674 0.298027
vt 0.610003 0.297786
vt 0.547781 0.289574
vt 0.611205 0.283203
vt 0.604041 0.284905
vt 0.547783 0.274725
vt 0.605477 0.805078
vt 0.608137 0.759075
vt 0.548902 0.802898
vt 0.613361 0.649047
vt 0.548923 0.649688
vt 0.548912 0.757445
vt 0.817786 0.859437
vt 0.669114 0.956220
vt 0.673848 0.891797
vt 0.644389 0.891134
vt 0.548972 0.902600
vt 0.596835 0.897865
vt 0.615553 0.245062
vt 0.636164 0.153503
vt 0.618781 0.245020
vt 0.637322 0.149794
vt 0.609615 0.281855
vt 0.613727 0.279549
vt 0.602576 0.282980
vt 0.547784 0.272798
vt 0.619145 0.068019
vt 0.619025 0.063666
vt 0.547718 0.068019
vt 0.547716 0.063666
vt 0.554090 0.042213
vt 0.572015 0.023662
vt 0.548004 0.068019
vt 0.547727 0.063666
vt 0.515958 0.892311
vt 0.515958 0.902600
vt 0.515958 0.922041
vt 0.515958 0.931108
vt 0.515958 0.980375
vt 0.515958 0.988268
vt 0.515958 0.890041
vt 0.515928 0.863478
vt 0.515958 0.967494
vt 0.515958 0.975783
vt 0.515958 0.978521
vt 0.515902 0.834519
vt 0.515866 0.847616
vt 0.515957 0.644129
vt 0.515957 0.640068
vt 0.515957 0.638321
vt 0.515956 0.802898
vt 0.515957 0.649688
vt 0.515957 0.757445
vt 0.515959 0.068019
vt 0.515959 0.063666
vt 0.515959 0.042213
vt 0.515959 0.023662
vt 0.515957 0.555090
vt 0.515957 0.549894
vt 0.515957 0.422810
vt 0.515957 0.366548
vt 0.515957 0.318493
vt 0.515957 0.289574
vt 0.515956 0.272598
vt 0.515957 0.270671
vt 0.140452 0.384428
vt 0.160329 0.417517
vt 0.160265 0.657412
vt 0.147024 0.693422
vt 0.162448 0.681929
vt 0.126280 0.694854
vt 0.129029 0.377341
vt 0.125723 0.705904
vt 0.173150 0.705904
vt 0.182871 0.696522
vt 0.200409 0.712883
vt 0.217859 0.707248
vt 0.215562 0.732932
vt 0.232086 0.730428
vt 0.224589 0.768421
vt 0.238073 0.768912
vt 0.221146 0.804641
vt 0.249178 0.803840
vt 0.187027 0.684832
vt 0.225615 0.697743
vt 0.245569 0.725292
vt 0.248059 0.767898
vt 0.257783 0.804930
vt 0.206285 0.657412
vt 0.256953 0.651978
vt 0.271149 0.643300
vt 0.272260 0.760639
vt 0.290779 0.630669
vt 0.284591 0.760730
vt 0.279200 0.807581
vt 0.226208 0.835523
vt 0.245818 0.830663
vt 0.247094 0.841546
vt 0.226208 0.855625
vt 0.271918 0.835125
vt 0.378268 0.424952
vt 0.289111 0.424362
vt 0.295326 0.413388
vt 0.378408 0.413998
vt 0.383935 0.428690
vt 0.383968 0.414248
vt 0.288793 0.412282
vt 0.380327 0.410635
vt 0.292037 0.409785
vt 0.382953 0.324414
vt 0.379665 0.326095
vt 0.300913 0.283923
vt 0.297223 0.282721
vt 0.309083 0.279599
vt 0.301967 0.277197
vt 0.309347 0.276237
vt 0.164927 0.377558
vt 0.167780 0.410557
vt 0.206326 0.406952
vt 0.207290 0.412413
vt 0.242911 0.405472
vt 0.245785 0.415115
vt 0.263810 0.417150
vt 0.259789 0.406201
vt 0.155406 0.353892
vt 0.129709 0.352972
vt 0.129709 0.340211
vt 0.163432 0.339772
vt 0.190332 0.346904
vt 0.191764 0.333018
vt 0.211987 0.331605
vt 0.212061 0.314375
vt 0.226539 0.290652
vt 0.218439 0.290762
vt 0.224931 0.255271
vt 0.216119 0.256830
vt 0.207983 0.239792
vt 0.241008 0.209166
vt 0.194070 0.225526
vt 0.231587 0.202036
vt 0.200324 0.202202
vt 0.201887 0.374446
vt 0.232220 0.362756
vt 0.248104 0.354803
vt 0.251638 0.284183
vt 0.255726 0.251952
vt 0.261500 0.224495
vt 0.287741 0.251341
vt 0.288057 0.238488
vt 0.385153 0.294355
vt 0.386971 0.326839
vt 0.387738 0.422775
vt 0.385687 0.435415
vt 0.384165 0.540322
vt 0.387511 0.544555
vt 0.380247 0.548299
vt 0.289111 0.627688
vt 0.390483 0.153355
vt 0.373739 0.153281
vt 0.372193 0.147713
vt 0.388328 0.147723
vt 0.228830 0.196411
vt 0.200324 0.196437
vt 0.228830 0.189282
vt 0.205684 0.186534
vt 0.361274 0.091898
vt 0.339658 0.094011
vt 0.339620 0.067989
vt 0.361274 0.067989
vt 0.380089 0.094011
vt 0.384011 0.068019
vt 0.286044 0.234198
vt 0.261835 0.221834
vt 0.243460 0.206847
vt 0.236880 0.202301
vt 0.232623 0.196372
vt 0.336204 0.096601
vt 0.361175 0.093345
vt 0.380329 0.095458
vt 0.384444 0.095491
vt 0.384444 0.094057
vt 0.388143 0.068019
vt 0.192654 0.224969
vt 0.198907 0.202228
vt 0.198907 0.196522
vt 0.198907 0.189143
vt 0.198907 0.174199
vt 0.336121 0.063538
vt 0.360684 0.063666
vt 0.385958 0.063666
vt 0.388108 0.063666
vt 0.412894 0.063666
vt 0.412911 0.068019
vt 0.172816 0.196368
vt 0.172816 0.202515
vt 0.172786 0.189214
vt 0.165425 0.220843
vt 0.128062 0.220843
vt 0.129239 0.202602
vt 0.129239 0.198182
vt 0.129239 0.184716
vt 0.172742 0.174172
vt 0.360627 0.042259
vt 0.336437 0.042259
vt 0.331621 0.014505
vt 0.360548 0.014166
vt 0.385923 0.042259
vt 0.385863 0.014279
vt 0.388309 0.042213
vt 0.391422 0.023662
vt 0.414551 0.029820
vt 0.412998 0.042213
vt 0.364898 0.096254
vt 0.361811 0.052518
vt 0.362191 0.048214
vt 0.384578 0.047958
vt 0.384704 0.052646
vt 0.223895 0.859228
vt 0.223895 0.835523
vt 0.218810 0.806947
vt 0.216445 0.837197
vt 0.204913 0.819455
vt 0.201104 0.839246
vt 0.190554 0.824450
vt 0.188439 0.841408
vt 0.159756 0.828774
vt 0.155645 0.841704
vt 0.132563 0.829013
vt 0.148245 0.845251
vt 0.132563 0.845971
vt 0.142156 0.848133
vt 0.146616 0.864517
vt 0.132563 0.860191
vt 0.140511 0.866050
vt 0.132837 0.865993
vt 0.196875 0.864819
vt 0.188023 0.865059
vt 0.215101 0.861826
vt 0.359089 0.920503
vt 0.357175 0.910769
vt 0.388215 0.910652
vt 0.388215 0.920448
vt 0.358634 0.890727
vt 0.362371 0.881056
vt 0.387583 0.880574
vt 0.387583 0.891218
vt 0.435202 0.917368
vt 0.435202 0.926787
vt 0.435113 0.897887
vt 0.435202 0.887290
vt 0.435202 0.983944
vt 0.377269 0.977509
vt 0.377342 0.969070
vt 0.435202 0.975702
vt 0.483001 0.892311
vt 0.482961 0.902608
vt 0.483448 0.922041
vt 0.483415 0.931108
vt 0.483004 0.980375
vt 0.482970 0.988268
vt 0.369221 0.876300
vt 0.387577 0.876470
vt 0.426011 0.883371
vt 0.483100 0.890041
vt 0.483703 0.863479
vt 0.426187 0.860831
vt 0.157498 0.855617
vt 0.435202 0.962822
vt 0.483269 0.967494
vt 0.150079 0.855882
vt 0.435202 0.971111
vt 0.482893 0.975783
vt 0.142222 0.855264
vt 0.362949 0.967190
vt 0.362957 0.964379
vt 0.435202 0.973921
vt 0.482533 0.978521
vt 0.379651 0.286169
vt 0.387447 0.254863
vt 0.399956 0.265971
vt 0.389507 0.287160
vt 0.393095 0.286960
vt 0.407850 0.265524
vt 0.415632 0.281399
vt 0.401365 0.296136
vt 0.389916 0.326960
vt 0.393036 0.287160
vt 0.393003 0.327083
vt 0.393094 0.327120
vt 0.401071 0.327219
vt 0.394886 0.253709
vt 0.389958 0.422810
vt 0.392589 0.423002
vt 0.389534 0.545395
vt 0.392603 0.545203
vt 0.392604 0.422973
vt 0.400996 0.422956
vt 0.392604 0.545204
vt 0.401377 0.544917
vt 0.293866 0.632572
vt 0.295702 0.634050
vt 0.374851 0.630631
vt 0.377717 0.629375
vt 0.483644 0.847618
vt 0.427002 0.850405
vt 0.427542 0.835842
vt 0.483150 0.834519
vt 0.370229 0.824125
vt 0.379005 0.822653
vt 0.378988 0.833934
vt 0.369741 0.856683
vt 0.372825 0.791841
vt 0.383457 0.791737
vt 0.373447 0.745738
vt 0.384670 0.745714
vt 0.375971 0.636665
vt 0.386387 0.647442
vt 0.421407 0.847957
vt 0.379207 0.632369
vt 0.376191 0.636848
vt 0.381991 0.633551
vt 0.389472 0.634678
vt 0.387993 0.638459
vt 0.375494 0.634179
vt 0.381606 0.639479
vt 0.388724 0.640177
vt 0.414876 0.641536
vt 0.414897 0.637598
vt 0.483385 0.644129
vt 0.483817 0.640068
vt 0.415330 0.636292
vt 0.483961 0.638321
vt 0.390036 0.633342
vt 0.384420 0.632316
vt 0.382645 0.629898
vt 0.382232 0.627973
vt 0.404456 0.550280
vt 0.410393 0.551564
vt 0.408943 0.546202
vt 0.421393 0.552867
vt 0.420946 0.547320
vt 0.484141 0.549894
vt 0.484139 0.555090
vt 0.408996 0.422938
vt 0.421319 0.422938
vt 0.484131 0.422810
vt 0.409044 0.326921
vt 0.421776 0.326921
vt 0.484133 0.318493
vt 0.484132 0.366548
vt 0.409239 0.298027
vt 0.421909 0.297786
vt 0.484132 0.289574
vt 0.420708 0.283203
vt 0.427872 0.284905
vt 0.484130 0.274725
vt 0.423776 0.759075
vt 0.426436 0.805078
vt 0.483011 0.802898
vt 0.418552 0.649047
vt 0.482990 0.649688
vt 0.483001 0.757445
vt 0.214127 0.859437
vt 0.362798 0.956220
vt 0.387524 0.891134
vt 0.358065 0.891797
vt 0.482940 0.902600
vt 0.435078 0.897865
vt 0.395748 0.153503
vt 0.416360 0.245062
vt 0.413132 0.245020
vt 0.394590 0.149794
vt 0.418186 0.279549
vt 0.422298 0.281855
vt 0.429336 0.282980
vt 0.484129 0.272798
vt 0.412888 0.063666
vt 0.412768 0.068019
vt 0.484197 0.063666
vt 0.484195 0.068019
vt 0.459897 0.023662
vt 0.477823 0.042213
vt 0.484186 0.063666
vt 0.483909 0.068019
vt 0.515957 0.272598
vt 0.610679 0.219110
vt 0.621621 0.219078
vt 0.620635 0.223862
vt 0.606114 0.223995
vt 0.622767 0.166535
vt 0.633589 0.166723
vt 0.619742 0.158492
vt 0.615781 0.155874
vt 0.635594 0.155847
vt 0.596868 0.245008
vt 0.547864 0.242987
vt 0.548180 0.226495
vt 0.599099 0.227830
vt 0.619486 0.227778
vt 0.574039 0.130028
vt 0.574068 0.104756
vt 0.583065 0.100672
vt 0.583362 0.135980
vt 0.547451 0.100648
vt 0.547423 0.104759
vt 0.621318 0.256582
vt 0.596596 0.257584
vt 0.596658 0.245001
vt 0.615343 0.245055
vt 0.547646 0.255568
vt 0.547655 0.242981
vt 0.621774 0.260091
vt 0.597052 0.261594
vt 0.596805 0.257590
vt 0.621527 0.256588
vt 0.547853 0.259722
vt 0.547855 0.255574
vt 0.597062 0.277809
vt 0.621924 0.264615
vt 0.547861 0.266174
vt 0.646701 0.246405
vt 0.647858 0.257022
vt 0.655990 0.250650
vt 0.547865 0.272804
vt 0.547423 0.130032
vt 0.616825 0.135591
vt 0.583854 0.155866
vt 0.639817 0.137724
vt 0.547450 0.135939
vt 0.547455 0.155871
vt 0.623287 0.162250
vt 0.634554 0.163591
vt 0.618604 0.099316
vt 0.646666 0.099375
vt 0.547458 0.095498
vt 0.618636 0.095493
vt 0.619062 0.094065
vt 0.620166 0.068019
vt 0.573829 0.130022
vt 0.583153 0.135974
vt 0.547240 0.135933
vt 0.547214 0.130025
vt 0.547458 0.094085
vt 0.549879 0.068022
vt 0.515959 0.100626
vt 0.515959 0.104763
vt 0.515959 0.130035
vt 0.515959 0.135902
vt 0.515959 0.155876
vt 0.515959 0.095501
vt 0.516036 0.240867
vt 0.516038 0.224376
vt 0.515827 0.253446
vt 0.515827 0.240861
vt 0.516036 0.257600
vt 0.516036 0.253452
vt 0.516036 0.264048
vt 0.515750 0.135895
vt 0.515750 0.130029
vt 0.515959 0.094095
vt 0.411277 0.223862
vt 0.410293 0.219078
vt 0.421234 0.219110
vt 0.425799 0.223995
vt 0.398324 0.166723
vt 0.409145 0.166535
vt 0.416131 0.155874
vt 0.412171 0.158492
vt 0.396319 0.155847
vt 0.483733 0.226495
vt 0.484049 0.242987
vt 0.435045 0.245008
vt 0.432814 0.227830
vt 0.412427 0.227778
vt 0.448638 0.100665
vt 0.457635 0.104749
vt 0.457665 0.130022
vt 0.448341 0.135974
vt 0.457845 0.104756
vt 0.448847 0.100672
vt 0.484462 0.100648
vt 0.484489 0.104759
vt 0.434836 0.245001
vt 0.434898 0.257584
vt 0.410176 0.256582
vt 0.416151 0.245055
vt 0.483840 0.242981
vt 0.483848 0.255568
vt 0.435108 0.257590
vt 0.434860 0.261594
vt 0.410139 0.260091
vt 0.410386 0.256588
vt 0.484058 0.255574
vt 0.484060 0.259722
vt 0.434851 0.277809
vt 0.409989 0.264615
vt 0.484052 0.266174
vt 0.484048 0.272804
vt 0.484490 0.130032
vt 0.457874 0.130028
vt 0.415088 0.135591
vt 0.448551 0.135980
vt 0.448059 0.155866
vt 0.392096 0.137724
vt 0.484463 0.135939
vt 0.484458 0.155871
vt 0.397359 0.163591
vt 0.408625 0.162250
vt 0.413309 0.099316
vt 0.385247 0.099375
vt 0.413276 0.095493
vt 0.484455 0.095498
vt 0.412851 0.094065
vt 0.411747 0.068019
vt 0.484254 0.135933
vt 0.484280 0.130025
vt 0.484455 0.094085
vt 0.482034 0.068022
vt 0.516026 0.224355
vt 0.377571 0.384620
vt 0.385703 0.390992
vt 0.386860 0.380375
vt 0.097505 0.911017
vt 0.019867 0.911017
vt 0.019939 0.904734
vt 0.097438 0.904706
vt 0.174664 0.911017
vt 0.174658 0.904706
vt 0.252043 0.911017
vt 0.252028 0.904706
vt 0.329139 0.911017
vt 0.329284 0.904698
vt 0.097505 0.965178
vt 0.097481 0.970889
vt 0.019885 0.970953
vt 0.019867 0.965178
vt 0.174664 0.965178
vt 0.174664 0.970887
vt 0.252043 0.965178
vt 0.252247 0.970889
vt 0.329139 0.965178
vt 0.329142 0.970899
vt 0.337391 0.911019
vt 0.337353 0.965178
vt 0.011225 0.965179
vt 0.011554 0.911016
vt 0.160329 0.417526
vt 0.245785 0.415124
vt 0.271149 0.643310
vt 0.289111 0.625386
vt 0.378268 0.426297
vt 0.377847 0.547699
vt 0.380247 0.548300
vt 0.383935 0.428690
vt 0.382618 0.429843
vt 0.382411 0.539553
vt 0.384165 0.540331
vt 0.385687 0.435416
vt 0.383935 0.435608
vt 0.376241 0.430815
vt 0.290418 0.429974
vt 0.380352 0.435859
vt 0.378994 0.539324
vt 0.372964 0.547011
vt 0.290418 0.614435
vt 0.375426 0.433521
vt 0.293165 0.432920
vt 0.377344 0.436884
vt 0.376535 0.538667
vt 0.293713 0.607293
vt 0.871583 0.417526
vt 0.786128 0.415124
vt 0.760764 0.643310
vt 0.742802 0.625386
vt 0.653645 0.426297
vt 0.651666 0.548300
vt 0.654065 0.547699
vt 0.649295 0.429843
vt 0.647978 0.428690
vt 0.647748 0.540331
vt 0.649502 0.539553
vt 0.647978 0.435608
vt 0.646226 0.435416
vt 0.741495 0.429974
vt 0.655672 0.430815
vt 0.651560 0.435859
vt 0.652919 0.539324
vt 0.658949 0.547011
vt 0.741495 0.614435
vt 0.738748 0.432920
vt 0.656487 0.433521
vt 0.654569 0.436884
vt 0.655378 0.538667
vt 0.738200 0.607293
vt 0.702333 0.745035
vt 0.704106 0.861160
vt 0.579677 0.857877
vt 0.516576 0.745400
vt 0.510194 0.756714
vt 0.939124 0.668765
vt 0.859096 0.668527
vt 0.859080 0.734537
vt 0.940209 0.734520
vt 0.948185 0.610782
vt 0.858805 0.610073
vt 0.954607 0.732158
vt 0.962379 0.728663
vt 0.982330 0.612620
vt 0.989960 0.613284
vt 0.992284 0.615410
vt 0.992825 0.618420
vt 0.815796 0.734537
vt 0.815796 0.668527
vt 0.815796 0.610073
vt 0.914541 0.990480
vt 0.790112 0.993762
vt 0.791885 0.877638
vt 0.977642 0.878003
vt 0.984024 0.889317
vt 0.773163 0.734537
vt 0.773148 0.668527
vt 0.693120 0.668765
vt 0.692034 0.734520
vt 0.773439 0.610073
vt 0.684059 0.610782
vt 0.677636 0.732158
vt 0.669865 0.728663
vt 0.649914 0.612620
vt 0.642283 0.613284
vt 0.639960 0.615410
vt 0.639419 0.618420
vt 0.952369 0.593553
vt 0.871449 0.590778
vt 0.867749 0.551698
vt 0.943892 0.552158
vt 0.930109 0.474536
vt 0.982354 0.480422
vt 0.872922 0.470525
vt 0.988192 0.482942
vt 0.992779 0.487983
vt 0.994916 0.497025
vt 0.967355 0.582525
vt 0.962143 0.588827
vt 0.813942 0.588889
vt 0.814051 0.551697
vt 0.815469 0.466735
vt 0.764176 0.551698
vt 0.760531 0.590778
vt 0.679611 0.593553
vt 0.688034 0.552158
vt 0.762053 0.470525
vt 0.704866 0.474536
vt 0.652622 0.480422
vt 0.646784 0.482942
vt 0.642197 0.487983
vt 0.640059 0.497025
vt 0.664624 0.582525
vt 0.669837 0.588827
vt 0.519387 0.883417
vt 0.776741 0.882687
vt 0.620420 0.993704
vt 0.770373 0.993339
vt 0.775336 0.990784
vt 0.729462 0.750110
vt 0.986815 0.750840
vt 0.885782 0.861126
vt 0.735829 0.860761
vt 0.730866 0.858206
vt 0.204487 0.284425
vt 0.210700 0.286074
vt 0.210712 0.288742
vt 0.204525 0.286524
vt 0.211042 0.218322
vt 0.210984 0.220990
vt 0.204743 0.222530
vt 0.204818 0.220432
vt 0.368131 0.923094
vt 0.368215 0.947054
vt 0.374290 0.947054
vt 0.373490 0.923094
vt 0.360632 0.923094
vt 0.360453 0.947054
vt 0.353719 0.923094
vt 0.353481 0.947054
vt 0.348322 0.923094
vt 0.348350 0.947054
vt 0.461741 0.597489
vt 0.493246 0.596860
vt 0.496259 0.607659
vt 0.452538 0.607684
vt 0.751423 0.234129
vt 0.759449 0.210508
vt 0.813295 0.234877
vt 0.067091 0.780484
vt 0.013170 0.781005
vt 0.013170 0.783449
vt 0.067091 0.780692
vt 0.013170 0.789072
vt 0.067091 0.786687
vt 0.012369 0.806300
vt 0.065105 0.804825
vt 0.013170 0.826966
vt 0.067091 0.826519
vt 0.013170 0.854792
vt 0.067091 0.855820
vt 0.013170 0.869130
vt 0.067033 0.870878
vt 0.013270 0.881142
vt 0.067091 0.883899
vt 0.010210 0.881454
vt 0.010170 0.888115
vt 0.067091 0.892145
vt 0.013103 0.887415
vt 0.067275 0.867767
vt 0.528037 0.448669
vt 0.451910 0.449308
vt 0.450308 0.424984
vt 0.527805 0.424764
vt 0.403555 0.449716
vt 0.404692 0.425679
vt 0.061034 0.364335
vt 0.038276 0.366707
vt 0.031134 0.365739
vt 0.061034 0.351605
vt 0.026913 0.373651
vt 0.061034 0.357699
vt 0.025765 0.380469
vt 0.061034 0.364779
vt 0.025826 0.394735
vt 0.061034 0.385831
vt 0.028430 0.395667
vt 0.028618 0.424078
vt 0.061034 0.410827
vt 0.028618 0.454247
vt 0.061034 0.450986
vt 0.029423 0.470484
vt 0.061840 0.467802
vt 0.029372 0.481940
vt 0.061788 0.474402
vt 0.028618 0.482205
vt 0.061034 0.479610
vt 0.797268 0.314503
vt 0.735693 0.345091
vt 0.823903 0.257762
vt 0.824898 0.244669
vt 0.895336 0.104970
vt 0.887372 0.192774
vt 0.992707 0.180678
vt 0.974334 0.104591
vt 0.898845 0.011817
vt 0.978521 0.015378
vt 0.747023 0.376467
vt 0.833549 0.362615
vt 0.833945 0.407861
vt 0.706871 0.416188
vt 0.705700 0.376809
vt 0.823183 0.433703
vt 0.727688 0.461853
vt 0.510157 0.359297
vt 0.552931 0.359297
vt 0.554541 0.368994
vt 0.508755 0.368994
vt 0.554541 0.383911
vt 0.508755 0.383911
vt 0.510157 0.392116
vt 0.553610 0.392116
vt 0.567737 0.349594
vt 0.496333 0.349606
vt 0.569996 0.372824
vt 0.569092 0.380898
vt 0.566622 0.402465
vt 0.496273 0.402465
vt 0.494977 0.380277
vt 0.494977 0.372824
vt 0.150418 0.904590
vt 0.150418 0.812819
vt 0.149457 0.439770
vt 0.149457 0.338657
vt 0.038150 0.492627
vt 0.149457 0.451648
vt 0.149458 0.504378
vt 0.032716 0.753490
vt 0.149457 0.695300
vt 0.150418 0.742163
vt 0.013170 0.771808
vt 0.150418 0.778317
vt 0.041752 0.351643
vt 0.052763 0.333883
vt 0.064731 0.322793
vt 0.111365 0.307295
vt 0.149893 0.296399
vt 0.074236 0.930486
vt 0.074690 0.888038
vt 0.069655 0.928901
vt 0.131924 0.935401
vt 0.150418 0.923694
vt 0.091991 0.945563
vt 0.131926 0.967228
vt 0.048790 0.924367
vt 0.024947 0.910193
vt 0.019615 0.903499
vt 0.016209 0.898048
vt 0.340997 0.923094
vt 0.340998 0.947054
vt 0.335119 0.923094
vt 0.335148 0.947054
vt 0.329687 0.923094
vt 0.329776 0.947054
vt 0.322181 0.923094
vt 0.322217 0.947054
vt 0.380535 0.923094
vt 0.380667 0.947054
vt 0.388611 0.947054
vt 0.388574 0.923094
vt 0.554719 0.282529
vt 0.554221 0.339583
vt 0.462417 0.338782
vt 0.462915 0.281728
vt 0.461385 0.281714
vt 0.460886 0.338915
vt 0.443955 0.338767
vt 0.444454 0.281566
vt 0.428103 0.334542
vt 0.428567 0.281427
vt 0.424496 0.332961
vt 0.424946 0.281396
vt 0.034045 0.246572
vt 0.035305 0.318761
vt 0.013561 0.319141
vt 0.012301 0.246952
vt 0.051390 0.246270
vt 0.052558 0.313205
vt 0.056936 0.246173
vt 0.058086 0.312063
vt 0.066890 0.245999
vt 0.067979 0.308396
vt 0.418489 0.330928
vt 0.418922 0.281343
vt 0.451793 0.419822
vt 0.533143 0.420990
vt 0.399906 0.454100
vt 0.400851 0.421524
vt 0.532640 0.453793
vt 0.453473 0.453956
vt 0.331584 0.312067
vt 0.329376 0.310166
vt 0.328474 0.311080
vt 0.328461 0.311624
vt 0.218252 0.286140
vt 0.294373 0.304983
vt 0.284795 0.303755
vt 0.287944 0.304740
vt 0.327456 0.311589
vt 0.329664 0.313490
vt 0.209108 0.283733
vt 0.775255 0.355196
vt 0.775255 0.349613
vt 0.778458 0.346462
vt 0.779345 0.352046
vt 0.768257 0.357743
vt 0.768257 0.352159
vt 0.713493 0.358160
vt 0.713493 0.352561
vt 0.532306 0.056963
vt 0.547398 0.056963
vt 0.547495 0.071193
vt 0.547591 0.085424
vt 0.532490 0.080729
vt 0.373964 0.932653
vt 0.373964 0.989420
vt 0.382273 0.989420
vt 0.382273 0.932653
vt 0.315880 0.932653
vt 0.315880 0.989420
vt 0.324105 0.989420
vt 0.324105 0.932653
vt 0.332292 0.989420
vt 0.332292 0.932653
vt 0.340502 0.989420
vt 0.340502 0.932653
vt 0.348790 0.989420
vt 0.348790 0.932653
vt 0.357162 0.989420
vt 0.357162 0.932653
vt 0.365577 0.989420
vt 0.365577 0.932653
vt 0.497627 0.080729
vt 0.497444 0.056963
vt 0.477487 0.080032
vt 0.477706 0.056463
vt 0.097040 0.232433
vt 0.099725 0.232558
vt 0.099245 0.205065
vt 0.096565 0.205201
vt 0.463030 0.056962
vt 0.463030 0.081823
vt 0.132932 0.196712
vt 0.121182 0.202163
vt 0.121750 0.234692
vt 0.123197 0.235850
vt 0.133604 0.235199
vt 0.126962 0.244818
vt 0.120157 0.240652
vt 0.121453 0.244914
vt 0.074726 0.255956
vt 0.075294 0.288485
vt 0.130681 0.190488
vt 0.118533 0.195375
vt 0.099394 0.236015
vt 0.096814 0.258171
vt 0.097290 0.285403
vt 0.098744 0.201634
vt 0.329481 0.310381
vt 0.328579 0.311294
vt 0.331689 0.312281
vt 0.556471 0.072851
vt 0.556418 0.087307
vt 0.556562 0.056874
vt 0.176500 0.742163
vt 0.176500 0.695602
vt 0.176499 0.336706
vt 0.176500 0.439770
vt 0.176500 0.451648
vt 0.176500 0.504378
vt 0.176499 0.294448
vt 0.282621 0.262262
vt 0.323656 0.261265
vt 0.282497 0.256386
vt 0.254567 0.261389
vt 0.176500 0.939510
vt 0.176500 0.927803
vt 0.176500 0.908699
vt 0.176500 0.816928
vt 0.176500 0.778317
vt 0.176500 0.971337
vt 0.681708 0.358073
vt 0.681706 0.352419
vt 0.532306 0.047153
vt 0.547398 0.047153
vt 0.497444 0.047153
vt 0.472520 0.047155
vt 0.463030 0.047153
vt 0.556439 0.047154
vt 0.414037 0.330271
vt 0.414675 0.281305
vt 0.409764 0.328086
vt 0.406802 0.325183
vt 0.405383 0.315783
vt 0.405584 0.297536
vt 0.408091 0.281251
vt 0.510097 0.476930
vt 0.516026 0.468225
vt 0.474211 0.466067
vt 0.477734 0.473647
vt 0.502638 0.975105
vt 0.497008 0.960257
vt 0.528256 0.959703
vt 0.517495 0.989364
vt 0.535997 0.989228
vt 0.549925 0.981916
vt 0.557068 0.959920
vt 0.554114 0.941208
vt 0.542082 0.929907
vt 0.521919 0.929304
vt 0.504325 0.940873
vt 0.374223 0.947078
vt 0.368148 0.947078
vt 0.368064 0.923118
vt 0.373423 0.923118
vt 0.360386 0.947078
vt 0.360565 0.923118
vt 0.353414 0.947078
vt 0.353652 0.923118
vt 0.348283 0.947078
vt 0.348255 0.923118
vt 0.405712 0.607697
vt 0.408725 0.596898
vt 0.440231 0.597527
vt 0.449434 0.607722
vt 0.644309 0.235726
vt 0.698154 0.211357
vt 0.706181 0.234978
vt 0.339830 0.783449
vt 0.339830 0.781005
vt 0.285908 0.780484
vt 0.285908 0.780692
vt 0.339830 0.789072
vt 0.285909 0.786687
vt 0.340630 0.806300
vt 0.287894 0.804825
vt 0.339830 0.826966
vt 0.285909 0.826519
vt 0.339830 0.854792
vt 0.285909 0.855820
vt 0.339830 0.869130
vt 0.285967 0.870878
vt 0.285909 0.883899
vt 0.339729 0.881142
vt 0.342789 0.881454
vt 0.342830 0.888115
vt 0.285909 0.892145
vt 0.339896 0.887415
vt 0.286153 0.869906
vt 0.626640 0.424598
vt 0.625142 0.448541
vt 0.549058 0.448957
vt 0.549367 0.424242
vt 0.672816 0.425712
vt 0.672628 0.448463
vt 0.321865 0.365739
vt 0.314723 0.366707
vt 0.291965 0.364335
vt 0.291965 0.351605
vt 0.326086 0.373651
vt 0.291965 0.357699
vt 0.327235 0.380469
vt 0.291965 0.364779
vt 0.327174 0.394735
vt 0.291965 0.385831
vt 0.324569 0.395667
vt 0.324382 0.424078
vt 0.291965 0.410827
vt 0.324382 0.454247
vt 0.291965 0.450986
vt 0.323576 0.470484
vt 0.291160 0.467802
vt 0.323627 0.481940
vt 0.291211 0.474402
vt 0.324382 0.482205
vt 0.291965 0.479610
vt 0.660336 0.315352
vt 0.633701 0.258611
vt 0.721911 0.345940
vt 0.632706 0.245518
vt 0.769306 0.187191
vt 0.875229 0.191910
vt 0.861159 0.104875
vt 0.782327 0.110007
vt 0.851161 0.012193
vt 0.771928 0.021304
vt 0.947612 0.374809
vt 0.988936 0.375151
vt 0.987764 0.414530
vt 0.860690 0.406202
vt 0.861086 0.360957
vt 0.966947 0.460195
vt 0.871453 0.432045
vt 0.416159 0.368429
vt 0.417769 0.358733
vt 0.460543 0.358733
vt 0.461945 0.368429
vt 0.416159 0.383347
vt 0.461945 0.383347
vt 0.460543 0.391552
vt 0.417090 0.391552
vt 0.402181 0.348443
vt 0.475148 0.348455
vt 0.399872 0.371950
vt 0.400795 0.380664
vt 0.403320 0.402472
vt 0.475210 0.402472
vt 0.476533 0.380029
vt 0.476533 0.371950
vt 0.202581 0.904590
vt 0.202581 0.812819
vt 0.203543 0.439770
vt 0.203542 0.338657
vt 0.314850 0.492627
vt 0.203542 0.451648
vt 0.203541 0.504378
vt 0.320283 0.753490
vt 0.203543 0.695300
vt 0.202581 0.742163
vt 0.339830 0.771808
vt 0.202581 0.778317
vt 0.311247 0.351643
vt 0.300236 0.333883
vt 0.288268 0.322793
vt 0.241634 0.307295
vt 0.203106 0.296399
vt 0.278309 0.888038
vt 0.278763 0.930485
vt 0.283345 0.928900
vt 0.202581 0.923694
vt 0.221075 0.935401
vt 0.221073 0.967228
vt 0.261008 0.945563
vt 0.304210 0.924367
vt 0.328052 0.910193
vt 0.333384 0.903499
vt 0.336790 0.898048
vt 0.494793 0.651367
vt 0.427287 0.659101
vt 0.427423 0.658697
vt 0.494969 0.650704
vt 0.426977 0.657534
vt 0.494315 0.648954
vt 0.468937 0.658389
vt 0.428421 0.658441
vt 0.428254 0.658875
vt 0.468736 0.656156
vt 0.428550 0.657606
vt 0.428313 0.657235
vt 0.340930 0.947078
vt 0.340930 0.923118
vt 0.335081 0.947078
vt 0.335052 0.923118
vt 0.329708 0.947078
vt 0.329620 0.923118
vt 0.322150 0.947078
vt 0.322114 0.923118
vt 0.388543 0.947078
vt 0.380599 0.947078
vt 0.380468 0.923118
vt 0.388507 0.923118
vt 0.463413 0.224680
vt 0.555217 0.225481
vt 0.444953 0.224372
vt 0.461884 0.224520
vt 0.429030 0.228319
vt 0.425396 0.229838
vt 0.011100 0.174754
vt 0.032833 0.174374
vt 0.034093 0.246563
vt 0.012360 0.246942
vt 0.050251 0.179325
vt 0.051419 0.246260
vt 0.055809 0.180274
vt 0.056959 0.246164
vt 0.065808 0.183593
vt 0.066897 0.245990
vt 0.419354 0.231765
vt 0.544260 0.420884
vt 0.625972 0.421440
vt 0.676191 0.421502
vt 0.677015 0.453506
vt 0.624438 0.453999
vt 0.544384 0.453609
vt 0.329177 0.198043
vt 0.330063 0.198972
vt 0.332304 0.197110
vt 0.329173 0.197499
vt 0.294974 0.203544
vt 0.218536 0.221056
vt 0.285376 0.204604
vt 0.288542 0.203675
vt 0.328167 0.197516
vt 0.330409 0.195654
vt 0.209351 0.223303
vt 0.584927 0.346319
vt 0.588130 0.349470
vt 0.588130 0.355054
vt 0.584041 0.351903
vt 0.595129 0.352016
vt 0.595129 0.357600
vt 0.649893 0.352419
vt 0.649893 0.358018
vt 0.532306 0.037349
vt 0.532490 0.013583
vt 0.547591 0.008888
vt 0.547495 0.023119
vt 0.547398 0.037349
vt 0.382205 0.989445
vt 0.373897 0.989445
vt 0.373897 0.932677
vt 0.382205 0.932677
vt 0.324038 0.989445
vt 0.315812 0.989445
vt 0.315812 0.932677
vt 0.324038 0.932677
vt 0.332224 0.989445
vt 0.332224 0.932677
vt 0.340435 0.989445
vt 0.340435 0.932677
vt 0.348722 0.989445
vt 0.348722 0.932677
vt 0.357095 0.989445
vt 0.357095 0.932677
vt 0.365510 0.989445
vt 0.365510 0.932677
vt 0.497444 0.037349
vt 0.497627 0.013583
vt 0.477706 0.037849
vt 0.477487 0.014279
vt 0.099973 0.285446
vt 0.099494 0.257953
vt 0.463030 0.037349
vt 0.463030 0.012489
vt 0.134541 0.289507
vt 0.133869 0.251020
vt 0.122836 0.253844
vt 0.121430 0.255051
vt 0.121998 0.287580
vt 0.119904 0.249146
vt 0.066738 0.185876
vt 0.073811 0.203237
vt 0.074379 0.235766
vt 0.119588 0.294456
vt 0.131027 0.298577
vt 0.132531 0.299118
vt 0.099042 0.254509
vt 0.099592 0.288892
vt 0.332412 0.196898
vt 0.329286 0.197830
vt 0.330171 0.198760
vt 0.556418 0.007005
vt 0.556471 0.021461
vt 0.556562 0.037438
vt 0.279644 0.249649
vt 0.323669 0.244472
vt 0.279870 0.243776
vt 0.251805 0.244159
vt 0.414892 0.232344
vt 0.407569 0.237305
vt 0.410581 0.234455
vt 0.405869 0.264927
vt 0.405986 0.246679
vt 0.385946 0.468263
vt 0.391875 0.476968
vt 0.424237 0.473685
vt 0.427761 0.466105
vt 0.527937 0.959585
vt 0.496690 0.960138
vt 0.502319 0.974987
vt 0.517177 0.989246
vt 0.535678 0.989110
vt 0.549606 0.981797
vt 0.556749 0.959802
vt 0.553795 0.941090
vt 0.541763 0.929789
vt 0.521600 0.929186
vt 0.504006 0.940755
vt 0.589356 0.203087
vt 0.592554 0.221366
vt 0.576416 0.221256
vt 0.644297 0.203117
vt 0.631478 0.221410
vt 0.657395 0.201741
vt 0.659459 0.217638
vt 0.611948 0.194200
vt 0.661001 0.196492
vt 0.610233 0.191339
vt 0.662837 0.196812
vt 0.611948 0.170341
vt 0.612815 0.163337
vt 0.624255 0.171481
vt 0.613070 0.177945
vt 0.612136 0.173077
vt 0.664854 0.165937
vt 0.663054 0.168513
vt 0.670255 0.166832
vt 0.671157 0.168734
vt 0.670106 0.198059
vt 0.668435 0.197250
vt 0.653672 0.127302
vt 0.600734 0.126674
vt 0.649627 0.114197
vt 0.598962 0.114197
vt 0.715966 0.163111
vt 0.715966 0.167552
vt 0.675669 0.167501
vt 0.675669 0.163059
vt 0.715472 0.114146
vt 0.675175 0.114197
vt 0.673036 0.165836
vt 0.673036 0.167654
vt 0.722899 0.163084
vt 0.721955 0.165420
vt 0.719061 0.167994
vt 0.724054 0.114197
vt 0.723822 0.126670
vt 0.723251 0.151349
vt 0.748088 0.191623
vt 0.748089 0.197539
vt 0.746907 0.198102
vt 0.751543 0.196766
vt 0.748870 0.192367
vt 0.589356 0.025266
vt 0.576416 0.007097
vt 0.592554 0.006987
vt 0.631478 0.006943
vt 0.644297 0.025236
vt 0.659459 0.010715
vt 0.657395 0.026612
vt 0.611948 0.034153
vt 0.610233 0.037014
vt 0.661001 0.031861
vt 0.662837 0.031541
vt 0.613070 0.050408
vt 0.624255 0.056872
vt 0.612815 0.065016
vt 0.611948 0.058012
vt 0.612136 0.055276
vt 0.663054 0.059840
vt 0.664854 0.062416
vt 0.670106 0.030294
vt 0.671157 0.059619
vt 0.670255 0.061521
vt 0.668435 0.031103
vt 0.653672 0.101051
vt 0.600734 0.101679
vt 0.675669 0.060852
vt 0.715966 0.060801
vt 0.715966 0.065242
vt 0.675669 0.065294
vt 0.673036 0.060699
vt 0.673036 0.062517
vt 0.719061 0.060359
vt 0.721955 0.062933
vt 0.722899 0.065269
vt 0.723822 0.101683
vt 0.723251 0.077004
vt 0.746907 0.030251
vt 0.748089 0.030814
vt 0.748088 0.036730
vt 0.751543 0.031587
vt 0.748870 0.035986
vt 0.194456 0.006415
vt 0.145244 0.184167
vt 0.118343 0.183670
vt 0.162104 0.006557
vt 0.102222 0.183670
vt 0.075320 0.184167
vt 0.026109 0.006415
vt 0.058461 0.006557
vt 0.166014 0.139214
vt 0.261278 0.139179
vt 0.260468 0.159342
vt 0.165705 0.170034
vt 0.258317 0.183281
vt 0.171671 0.190736
vt 0.253408 0.197827
vt 0.185246 0.203121
vt 0.243401 0.207409
vt 0.212375 0.208985
vt 0.165700 0.170048
vt 0.166014 0.139214
vt 0.261276 0.139164
vt 0.260472 0.159346
vt 0.258306 0.183291
vt 0.171609 0.190784
vt 0.253418 0.197814
vt 0.185266 0.203115
vt 0.212382 0.208988
vt 0.243394 0.207401
vt 0.260468 0.159342
vt 0.261280 0.139179
vt 0.166014 0.139214
vt 0.165707 0.170034
vt 0.258319 0.183281
vt 0.171677 0.190737
vt 0.253410 0.197827
vt 0.185247 0.203121
vt 0.243403 0.207410
vt 0.212375 0.208985
vt 0.261278 0.139164
vt 0.166014 0.139214
vt 0.165702 0.170048
vt 0.260472 0.159346
vt 0.258308 0.183291
vt 0.171615 0.190785
vt 0.253420 0.197814
vt 0.185267 0.203115
vt 0.212382 0.208988
vt 0.243396 0.207401
vt 0.568037 0.194324
vt 0.564684 0.191590
vt 0.563061 0.194059
vt 0.566300 0.197151
vt 0.573893 0.166456
vt 0.570157 0.167247
vt 0.569861 0.159505
vt 0.566388 0.161176
vt 0.568162 0.162224
vt 0.571759 0.160706
vt 0.563060 0.199171
vt 0.560033 0.195824
vt 0.532516 0.193617
vt 0.533617 0.196644
vt 0.552957 0.156709
vt 0.550591 0.158733
vt 0.534376 0.154478
vt 0.533225 0.156784
vt 0.573238 0.162811
vt 0.569545 0.164063
vt 0.516649 0.153831
vt 0.516658 0.156219
vt 0.515949 0.193055
vt 0.515897 0.196128
vt 0.566971 0.219809
vt 0.569269 0.217035
vt 0.570360 0.211080
vt 0.571815 0.201649
vt 0.572276 0.198633
vt 0.572861 0.194784
vt 0.580389 0.165288
vt 0.583005 0.154655
vt 0.581839 0.159920
vt 0.563055 0.220804
vt 0.533366 0.216379
vt 0.563467 0.133254
vt 0.584450 0.145772
vt 0.588906 0.119654
vt 0.589588 0.115319
vt 0.587599 0.096797
vt 0.574778 0.094238
vt 0.534304 0.130472
vt 0.581225 0.162105
vt 0.516578 0.129826
vt 0.515639 0.215735
vt 0.535034 0.090903
vt 0.517307 0.090258
vt 0.467995 0.193560
vt 0.466399 0.191074
vt 0.462872 0.193733
vt 0.464580 0.196579
vt 0.461721 0.166677
vt 0.457866 0.165804
vt 0.463880 0.161676
vt 0.465712 0.160647
vt 0.462137 0.158900
vt 0.460176 0.160079
vt 0.499257 0.193442
vt 0.471005 0.195356
vt 0.467800 0.198636
vt 0.498030 0.196444
vt 0.482115 0.158373
vt 0.479688 0.156297
vt 0.499966 0.156609
vt 0.498789 0.154278
vt 0.462429 0.163501
vt 0.458624 0.162168
vt 0.515897 0.196128
vt 0.460818 0.216426
vt 0.463082 0.219226
vt 0.459757 0.210459
vt 0.458597 0.201013
vt 0.458244 0.197992
vt 0.457816 0.194137
vt 0.451189 0.164562
vt 0.448922 0.153902
vt 0.449928 0.159179
vt 0.466974 0.220265
vt 0.497780 0.216179
vt 0.458943 0.093587
vt 0.445514 0.095998
vt 0.443376 0.114497
vt 0.447701 0.145004
vt 0.443951 0.118839
vt 0.468915 0.132723
vt 0.498717 0.130271
vt 0.450468 0.161371
vt 0.499447 0.090703
vt 0.238896 0.260862
vt 0.254358 0.256166
vt 0.240687 0.256055
vt 0.201866 0.269858
vt 0.201613 0.274832
vt 0.196823 0.274792
vt 0.197225 0.269817
vt 0.211953 0.255799
vt 0.213600 0.260882
vt 0.223309 0.260787
vt 0.223573 0.255891
vt 0.264966 0.270410
vt 0.264833 0.275385
vt 0.262512 0.275346
vt 0.262666 0.270385
vt 0.267209 0.270424
vt 0.267092 0.275385
vt 0.270446 0.270464
vt 0.270349 0.275434
vt 0.313573 0.270843
vt 0.313541 0.275651
vt 0.223645 0.264121
vt 0.195302 0.255653
vt 0.197036 0.260738
vt 0.201458 0.260777
vt 0.199912 0.255694
vt 0.206293 0.274872
vt 0.206498 0.269898
vt 0.250697 0.270281
vt 0.250285 0.275243
vt 0.203472 0.274848
vt 0.203764 0.269874
vt 0.253428 0.270305
vt 0.252938 0.275265
vt 0.255621 0.270324
vt 0.255068 0.275283
vt 0.350969 0.269126
vt 0.348456 0.274758
vt 0.251504 0.249378
vt 0.236127 0.244412
vt 0.237834 0.249250
vt 0.193005 0.231027
vt 0.197795 0.231070
vt 0.197962 0.236048
vt 0.193321 0.236007
vt 0.220541 0.244215
vt 0.210835 0.243951
vt 0.209100 0.249004
vt 0.220719 0.249115
vt 0.258694 0.231619
vt 0.261015 0.231620
vt 0.261061 0.236597
vt 0.258762 0.236582
vt 0.263273 0.231660
vt 0.263304 0.236623
vt 0.266531 0.231668
vt 0.266542 0.236639
vt 0.309721 0.232204
vt 0.309668 0.237012
vt 0.220936 0.240888
vt 0.198693 0.243844
vt 0.194272 0.243806
vt 0.192449 0.248860
vt 0.197059 0.248899
vt 0.246793 0.236477
vt 0.202593 0.236089
vt 0.202476 0.231112
vt 0.246467 0.231509
vt 0.199860 0.236065
vt 0.199654 0.231087
vt 0.249523 0.236501
vt 0.249120 0.231533
vt 0.251716 0.236520
vt 0.251250 0.231552
vt 0.344615 0.233706
vt 0.347029 0.239382
vt 0.323790 0.189755
vt 0.420168 0.190112
vt 0.426357 0.188684
vt 0.422787 0.115627
vt 0.421912 0.181753
vt 0.429797 0.184068
vt 0.430654 0.112324
vt 0.418817 0.183316
vt 0.325321 0.183539
vt 0.316457 0.186564
vt 0.262327 0.116073
vt 0.243559 0.112324
vt 0.357556 0.784600
vt 0.357556 0.767669
vt 0.363399 0.767667
vt 0.363069 0.784597
vt 0.357544 0.898225
vt 0.363070 0.898225
vt 0.341760 0.327107
vt 0.347305 0.280663
vt 0.363521 0.280663
vt 0.362728 0.327107
vt 0.358975 0.747463
vt 0.363394 0.747463
vt 0.351174 0.364143
vt 0.363567 0.364143
vt 0.360063 0.740256
vt 0.363186 0.740256
vt 0.352715 0.385285
vt 0.363500 0.385285
vt 0.360041 0.725932
vt 0.362709 0.725932
vt 0.358064 0.406536
vt 0.362893 0.406536
vt 0.358399 0.487664
vt 0.363263 0.487664
vt 0.360099 0.591837
vt 0.362767 0.591837
vt 0.359781 0.492884
vt 0.364646 0.492884
vt 0.360619 0.583008
vt 0.363287 0.583008
vt 0.360182 0.494498
vt 0.365047 0.494498
vt 0.360711 0.496748
vt 0.363380 0.496749
vt 0.436953 0.009237
vt 0.216197 0.009184
vt 0.216197 0.050308
vt 0.441659 0.050308
vt 0.220910 0.088897
vt 0.439163 0.083061
vt 0.229191 0.097692
vt 0.437299 0.093532
vt 0.896310 0.251678
vt 0.897311 0.276223
vt 0.860484 0.277006
vt 0.859716 0.247815
vt 0.896756 0.284492
vt 0.854658 0.285992
vt 0.849218 0.278436
vt 0.848347 0.248166
vt 0.855289 0.242552
vt 0.900103 0.245881
vt 0.900004 0.281083
vt 0.905090 0.251003
vt 0.896401 0.287982
vt 0.852281 0.288502
vt 0.902804 0.283760
vt 0.843949 0.282250
vt 0.907878 0.250818
vt 0.841510 0.249035
vt 0.902607 0.245280
vt 0.857958 0.240612
vt 0.840377 0.230558
vt 0.846607 0.229794
vt 0.853292 0.229914
vt 0.854542 0.230857
vt 0.897736 0.287594
vt 0.898076 0.291459
vt 0.859189 0.291804
vt 0.852440 0.289051
vt 0.904619 0.291394
vt 0.912567 0.323747
vt 0.906571 0.324780
vt 0.907689 0.329623
vt 0.862387 0.336492
vt 0.862570 0.330248
vt 0.859033 0.330980
vt 0.857348 0.311867
vt 0.844532 0.295895
vt 0.844977 0.329291
vt 0.856375 0.293426
vt 0.859824 0.346603
vt 0.845439 0.347824
vt 0.844513 0.219531
vt 0.844336 0.220058
vt 0.850547 0.358451
vt 0.422386 0.190191
vt 0.323820 0.189834
vt 0.426387 0.188763
vt 0.429827 0.184147
vt 0.421942 0.181832
vt 0.422818 0.115706
vt 0.430684 0.112403
vt 0.418848 0.183395
vt 0.325351 0.183618
vt 0.316488 0.186643
vt 0.243589 0.112403
vt 0.262357 0.116152
vt 0.374547 0.766903
vt 0.380389 0.766905
vt 0.380389 0.783836
vt 0.374877 0.783833
vt 0.380402 0.897461
vt 0.374876 0.897461
vt 0.374425 0.279899
vt 0.390641 0.279899
vt 0.396186 0.326343
vt 0.375218 0.326343
vt 0.374552 0.746699
vt 0.378971 0.746699
vt 0.386772 0.363379
vt 0.374379 0.363379
vt 0.374760 0.739492
vt 0.377883 0.739492
vt 0.385231 0.384521
vt 0.374446 0.384521
vt 0.375257 0.725668
vt 0.377905 0.725168
vt 0.379882 0.405771
vt 0.375053 0.405771
vt 0.379547 0.486900
vt 0.374683 0.486900
vt 0.375179 0.591072
vt 0.377847 0.591072
vt 0.378165 0.492120
vt 0.373300 0.492120
vt 0.374659 0.582244
vt 0.377327 0.582244
vt 0.377764 0.493734
vt 0.372899 0.493734
vt 0.374566 0.495984
vt 0.377235 0.495984
vt 0.216228 0.050387
vt 0.216228 0.009263
vt 0.436984 0.009316
vt 0.441689 0.050387
vt 0.220940 0.088976
vt 0.439194 0.083140
vt 0.229222 0.097771
vt 0.437330 0.093611
vt 0.970823 0.276221
vt 0.933996 0.275438
vt 0.934997 0.250893
vt 0.971591 0.247030
vt 0.934551 0.283707
vt 0.976649 0.285207
vt 0.982089 0.277651
vt 0.982959 0.247381
vt 0.976018 0.241767
vt 0.931204 0.245096
vt 0.931303 0.280298
vt 0.926217 0.250218
vt 0.934906 0.287197
vt 0.979026 0.287717
vt 0.928503 0.282975
vt 0.987358 0.281465
vt 0.923429 0.250033
vt 0.989797 0.248250
vt 0.928700 0.244495
vt 0.973349 0.239827
vt 0.984700 0.229008
vt 0.990930 0.229773
vt 0.978015 0.229129
vt 0.976765 0.230072
vt 0.972118 0.291019
vt 0.933231 0.290674
vt 0.933571 0.286809
vt 0.978867 0.288266
vt 0.926688 0.290609
vt 0.924736 0.323995
vt 0.918740 0.322962
vt 0.923617 0.328838
vt 0.968737 0.329463
vt 0.968920 0.335707
vt 0.973959 0.311082
vt 0.972273 0.330195
vt 0.986774 0.295110
vt 0.986330 0.328506
vt 0.974932 0.292641
vt 0.971483 0.345818
vt 0.985868 0.347039
vt 0.986970 0.219273
vt 0.986793 0.218746
vt 0.980760 0.357666
s 1
usemtl 24_-_Default
f 1064/753/825 1065/754/826 1074/755/827
f 1074/755/827 1075/756/828 1064/753/825
f 1075/756/828 1076/757/829 1064/753/825
f 1074/755/827 1078/758/830 1077/759/831
f 1077/759/831 1075/756/828 1074/755/827
f 1077/759/831 1079/760/832 1075/756/828
f 1075/756/828 1079/760/832 1080/761/833
f 1080/761/833 1081/762/834 1075/756/828
f 1081/762/834 1080/761/833 1082/763/835
f 1082/763/835 1083/764/836 1081/762/834
f 1083/764/836 1082/763/835 1084/765/837
f 1084/765/837 1085/766/838 1083/764/836
f 1085/766/838 1084/765/837 1086/767/839
f 1086/767/839 1087/768/840 1085/766/838
f 1087/768/840 1086/767/839 1088/769/841
f 1088/769/841 1089/770/842 1087/768/840
f 1076/757/829 1075/756/828 1081/762/834
f 1081/762/834 1090/771/843 1076/757/829
f 1090/771/843 1081/762/834 1083/764/836
f 1083/764/836 1091/772/844 1090/771/843
f 1091/772/844 1083/764/836 1085/766/838
f 1085/766/838 1092/773/845 1091/772/844
f 1092/773/845 1085/766/838 1087/768/840
f 1087/768/840 1093/774/846 1092/773/845
f 1093/774/846 1087/768/840 1089/770/842
f 1089/770/842 1094/775/847 1093/774/846
f 1090/771/843 1066/776/848 1064/753/825
f 1064/753/825 1076/757/829 1090/771/843
f 1091/772/844 1068/777/849 1066/776/848
f 1066/776/848 1090/771/843 1091/772/844
f 1068/777/849 1091/772/844 1092/773/845
f 1092/773/845 1093/774/846 1068/777/849
f 1070/778/850 1068/777/849 1093/774/846
f 1093/774/846 1095/779/851 1070/778/850
f 1328/780/852 1070/778/850 1095/779/851
f 1095/779/851 1096/781/853 1328/780/852
f 1095/779/851 1093/774/846 1094/775/847
f 1094/775/847 1097/782/854 1095/779/851
f 1095/779/851 1097/782/854 1096/781/853
f 1089/770/842 1088/769/841 1098/783/855
f 1098/783/855 1099/784/856 1089/770/842
f 1094/775/847 1089/770/842 1099/784/856
f 1099/784/856 1100/785/857 1094/775/847
f 1099/784/856 1098/783/855 1101/786/858
f 1101/786/858 1100/785/857 1099/784/856
f 1102/787/859 1097/782/854 1094/775/847
f 1094/775/847 1100/785/857 1102/787/859
f 1108/788/860 1073/789/861 1103/790/862
f 1103/790/862 1109/791/863 1108/788/860
f 1109/791/863 1103/790/862 1105/792/864
f 1105/792/864 1110/793/865 1109/791/863
f 1111/794/866 1073/789/861 1108/788/860
f 1110/793/865 1112/795/867 1109/791/863
f 1108/788/860 1113/796/868 1111/794/866
f 1112/795/867 1110/793/865 1114/797/869
f 1114/797/869 1115/798/870 1112/795/867
f 2130/794/871 2131/796/872 1116/799/873
f 1116/799/873 1117/800/874 2130/794/871
f 2132/800/875 2133/799/876 1118/801/877
f 1118/801/877 1119/802/878 2132/800/875
f 1118/801/877 1120/803/879 1119/802/878
f 1118/801/877 1115/798/870 1114/797/869
f 1114/797/869 1120/803/879 1118/801/877
f 1121/804/880 1074/755/827 1065/754/826
f 1065/754/826 1122/805/881 1121/804/880
f 1123/806/882 1122/805/881 1065/754/826
f 1065/754/826 1067/807/883 1123/806/882
f 1124/808/884 1123/806/882 1067/807/883
f 1067/807/883 1069/809/885 1124/808/884
f 1124/808/884 1069/809/885 1071/810/886
f 1071/810/886 1148/811/887 1124/808/884
f 1125/812/888 1127/813/889 1126/814/890
f 1126/814/890 1128/815/888 1125/812/888
f 1128/815/888 1126/814/890 1129/816/891
f 1129/816/891 1130/817/892 1128/815/888
f 1130/817/892 1129/816/891 1131/818/893
f 1131/818/893 1132/819/894 1130/817/892
f 1132/819/894 1131/818/893 1133/820/895
f 1133/820/895 1134/821/896 1132/819/894
f 1134/821/896 1133/820/895 1135/822/897
f 1135/822/897 1136/823/898 1134/821/896
f 1135/822/897 1138/824/899 1136/823/898
f 1137/825/900 1138/824/899 1135/822/897
f 1137/825/900 1139/826/901 1138/824/899
f 1139/826/901 1137/825/900 1140/827/902
f 1140/827/902 1141/828/903 1139/826/901
f 1078/758/830 1074/755/827 1126/814/890
f 1126/814/890 1127/813/889 1078/758/830
f 1121/804/880 1126/814/890 1074/755/827
f 1126/814/890 1121/804/880 1142/829/904
f 1142/829/904 1129/816/891 1126/814/890
f 1131/818/893 1129/816/891 1142/829/904
f 1142/829/904 1143/830/905 1131/818/893
f 1144/831/906 1131/818/893 1143/830/905
f 1133/820/895 1131/818/893 1144/831/906
f 1144/831/906 1145/832/907 1133/820/895
f 1135/822/897 1133/820/895 1145/832/907
f 1145/832/907 1146/833/908 1135/822/897
f 1137/825/900 1135/822/897 1146/833/908
f 1146/833/908 1147/834/909 1137/825/900
f 1143/830/905 1124/808/884 1148/811/887
f 1148/811/887 1144/831/906 1143/830/905
f 1071/810/886 1073/789/861 1111/794/866
f 1111/794/866 1148/811/887 1071/810/886
f 1111/794/866 1144/831/906 1148/811/887
f 1144/831/906 1111/794/866 2132/800/875
f 2132/800/875 1145/832/907 1144/831/906
f 1146/833/908 1145/832/907 2132/800/875
f 2132/800/875 1149/835/910 1146/833/908
f 1147/834/909 1146/833/908 1149/835/910
f 1149/835/910 1150/836/911 1147/834/909
f 2132/800/875 1119/802/878 1149/835/910
f 1149/835/910 1119/802/878 1120/803/879
f 1120/803/879 1150/836/911 1149/835/910
f 1151/837/912 1150/836/911 1120/803/879
f 1120/803/879 1114/797/869 1151/837/912
f 1114/797/869 1152/838/913 1151/837/912
f 1152/838/913 1114/797/869 1110/793/865
f 1110/793/865 1153/839/914 1152/838/913
f 1153/839/914 1110/793/865 1105/792/864
f 1105/792/864 1107/840/915 1153/839/914
f 1153/839/914 1107/840/915 1106/841/916
f 1106/841/916 1154/842/917 1153/839/914
f 1106/841/916 1104/843/918 1154/842/917
f 1154/842/917 1104/843/918 1072/844/919
f 1072/844/919 1328/780/852 1154/842/917
f 1072/844/919 1070/778/850 1328/780/852
f 1156/845/920 1856/846/921 1155/847/922
f 1155/847/922 1157/848/923 1156/845/920
f 1141/828/903 1140/827/902 1158/849/924
f 1158/849/924 1159/850/925 1141/828/903
f 1159/850/925 1158/849/924 1160/851/926
f 1160/851/926 1161/852/927 1159/850/925
f 1857/853/928 1858/854/928 1162/855/929
f 1162/855/929 1163/856/930 1859/853/931
f 1163/856/930 1162/855/929 1164/857/932
f 1164/857/932 1165/858/933 1163/856/930
f 1147/834/909 1150/836/911 1860/859/934
f 1861/859/935 1166/860/936 1147/834/909
f 1137/825/900 1147/834/909 1166/860/936
f 1166/860/936 1167/861/937 1137/825/900
f 1137/825/900 1167/861/937 1168/862/938
f 1168/862/938 1140/827/902 1137/825/900
f 1140/827/902 1168/862/938 1169/863/939
f 1169/863/939 1158/849/924 1140/827/902
f 1160/851/926 1158/849/924 1169/863/939
f 1162/855/940 1862/854/941 1863/864/941
f 1864/864/942 1170/865/943 1162/855/929
f 1164/857/932 1162/855/929 1170/865/943
f 1170/865/943 1171/866/944 1164/857/932
f 1164/857/932 1171/866/944 1172/867/945
f 1172/867/945 1173/868/946 1164/857/932
f 1165/858/933 1164/857/932 1173/868/946
f 1173/868/946 1049/869/947 1165/858/933
f 1174/870/948 2134/826/949 2135/828/950
f 2135/828/950 1175/871/951 1174/870/948
f 1175/871/951 2135/828/950 2136/850/952
f 2136/850/952 1176/872/953 1175/871/951
f 1176/872/953 2136/850/952 2137/852/954
f 2137/852/954 1177/873/955 1176/872/953
f 2137/852/954 1178/874/956 1177/873/955
f 1865/875/957 1866/853/957 2138/856/958
f 2138/856/959 1179/876/960 1867/875/961
f 1179/876/960 2138/856/959 2139/858/962
f 2139/858/962 1180/877/963 1179/876/960
f 1180/877/963 2139/858/962 2140/869/964
f 2140/869/964 1181/878/965 1180/877/963
f 1309/879/966 1308/880/967 1181/878/965
f 1181/878/965 2140/869/964 1309/879/966
f 2141/871/968 2142/872/969 1182/881/970
f 1182/881/970 1183/882/971 2141/871/968
f 2142/872/969 2143/873/972 1184/883/973
f 1184/883/973 1182/881/970 2142/872/969
f 2144/870/974 2141/871/968 1183/882/971
f 1183/882/971 1185/884/975 2144/870/974
f 1190/885/976 1185/884/975 1183/882/971
f 1183/882/971 1191/886/977 1190/885/976
f 1191/886/977 1183/882/971 1182/881/970
f 1182/881/970 1192/887/978 1191/886/977
f 1184/883/973 1192/887/978 1182/881/970
f 1193/888/979 1192/887/978 1184/883/973
f 1184/883/973 1186/889/980 1193/888/979
f 1868/890/981 1869/891/981 1187/892/982
f 1187/892/983 1194/893/984 1870/890/985
f 1194/893/984 1187/892/983 1188/894/986
f 1188/894/986 1195/895/987 1194/893/984
f 1195/895/987 1188/894/986 1189/896/988
f 1189/896/988 1196/897/989 1195/895/987
f 1189/896/988 1311/898/990 1310/899/991
f 1310/899/991 1196/897/989 1189/896/988
f 1170/865/943 1197/900/992 1171/866/944
f 1871/875/993 2145/876/993 1187/892/982
f 1187/892/982 1872/891/994 1873/875/994
f 2143/873/972 2146/874/995 1186/889/980
f 1186/889/980 1184/883/973 2143/873/972
f 2147/892/996 2148/876/997 1198/901/998
f 1198/901/998 1199/902/999 2147/892/996
f 1188/894/986 1187/892/983 2149/902/1000
f 2149/902/1000 1200/903/1001 1188/894/986
f 2150/901/1002 2151/876/1003 2152/877/1002
f 2152/877/1002 1201/904/1004 2150/901/1002
f 2153/903/1005 2154/904/1006 2155/877/1007
f 2155/877/1007 2156/894/1008 2153/903/1005
f 2157/901/1009 2158/904/1010 1200/903/1001
f 1200/903/1001 2149/902/1000 2157/901/1009
f 1188/894/986 2159/877/1011 2160/878/1012
f 2160/878/1012 1189/896/988 1188/894/986
f 2160/878/1012 2161/880/1013 1311/898/990
f 1311/898/990 1189/896/988 2160/878/1012
f 1202/905/1014 2162/786/1015 2163/783/1016
f 2163/783/1016 1203/906/1017 1202/905/1014
f 1203/906/1017 2163/783/1016 2164/769/1018
f 2164/769/1018 1204/907/1019 1203/906/1017
f 1204/907/1019 1205/908/1020 1203/906/1017
f 1205/908/1020 1204/907/1019 1206/909/1021
f 1206/909/1021 1207/910/1022 1205/908/1020
f 1207/910/1022 1206/909/1021 1208/911/1023
f 1208/911/1023 1209/912/1024 1207/910/1022
f 1209/912/1024 1208/911/1023 1210/913/1025
f 1210/913/1025 1211/914/1026 1209/912/1024
f 1211/914/1026 1210/913/1025 1212/915/1027
f 1212/915/1027 1213/916/1028 1211/914/1026
f 1213/916/1028 1212/915/1027 1214/917/1029
f 1214/917/1029 1215/918/1030 1213/916/1028
f 1216/919/1031 1215/918/1030 1214/917/1029
f 1214/917/1029 1217/920/1032 1216/919/1031
f 1218/921/1033 1216/919/1031 1217/920/1032
f 1217/920/1032 1219/922/1034 1218/921/1033
f 1220/923/1035 1207/910/1022 1209/912/1024
f 1209/912/1024 1221/924/1036 1220/923/1035
f 1202/905/1014 1203/906/1017 1205/908/1020
f 1205/908/1020 1222/925/1037 1202/905/1014
f 1223/926/1038 1874/927/1039 1875/928/1039
f 1876/928/1040 1224/929/1041 1223/926/1038
f 1225/930/1042 1877/931/1043 1878/932/1043
f 1879/932/1044 1226/933/1045 1225/930/1046
f 1227/934/1047 1223/926/1038 1224/929/1041
f 1224/929/1041 1228/935/1048 1227/934/1047
f 1225/930/1046 1226/933/1045 1229/936/1049
f 1229/936/1049 1230/937/1050 1225/930/1046
f 1880/938/1051 1881/939/1051 1231/940/1052
f 1231/940/1053 1232/941/1054 1882/938/1055
f 1313/942/1056 1230/937/1050 1229/936/1049
f 1229/936/1049 1314/943/1057 1313/942/1056
f 1315/944/1058 1227/934/1047 1228/935/1048
f 1228/935/1048 1316/945/1059 1315/944/1058
f 1317/946/1060 1232/941/1054 1231/940/1053
f 1231/940/1053 1318/947/1061 1317/946/1060
f 1883/948/1062 1884/931/1062 1225/930/1042
f 1225/930/1046 1233/949/1063 1885/948/1064
f 1233/949/1063 1225/930/1046 1230/937/1050
f 1230/937/1050 1234/950/1065 1233/949/1063
f 1052/951/1066 1234/950/1065 1230/937/1050
f 1230/937/1050 1313/942/1056 1052/951/1066
f 2165/950/1067 2166/951/1068 1053/952/1069
f 1053/952/1069 1260/953/1070 2165/950/1067
f 1221/924/1036 1209/912/1024 1211/914/1026
f 1211/914/1026 1235/954/1071 1221/924/1036
f 1316/945/1059 1228/935/1048 1236/955/1072
f 1236/955/1072 1319/956/1073 1316/945/1059
f 1235/954/1071 1211/914/1026 1213/916/1028
f 1213/916/1028 1237/957/1074 1235/954/1071
f 1319/956/1073 1236/955/1072 1238/958/1075
f 1238/958/1075 1320/959/1076 1319/956/1073
f 1237/957/1074 1213/916/1028 1215/918/1030
f 1215/918/1030 1239/960/1077 1237/957/1074
f 1238/958/1075 1886/961/1078 1887/962/1078
f 1888/962/1079 1240/963/1080 1238/958/1075
f 1320/959/1076 1238/958/1075 1240/963/1080
f 1240/963/1080 1054/964/1081 1320/959/1076
f 1239/960/1077 1215/918/1030 1216/919/1031
f 1216/919/1031 1218/921/1033 1239/960/1077
f 1240/963/1082 1889/962/1083 1890/938/1083
f 1891/938/1084 1232/941/1054 1240/963/1080
f 1054/964/1081 1240/963/1080 1232/941/1054
f 1232/941/1054 1317/946/1060 1054/964/1081
f 1241/965/1085 1773/966/1086 1892/967/1086
f 1893/967/1087 1242/968/1088 1241/965/1089
f 2167/965/1090 2168/968/1091 1243/969/1092
f 1243/969/1092 1244/970/1093 2167/965/1090
f 1774/971/1094 1244/970/1093 1243/969/1092
f 1243/969/1092 1245/972/1095 1774/971/1094
f 1242/968/1088 2169/837/1096 2170/838/1097
f 2170/838/1097 1246/973/1098 1242/968/1088
f 1894/974/1099 2168/968/1100 2171/973/1101
f 2171/973/1101 1247/975/1102 1895/974/1103
f 1245/972/1095 1243/969/1092 1896/976/1104
f 1897/976/1105 1248/977/1106 1245/972/1095
f 2172/965/1107 2173/970/1108 1898/978/1108
f 1899/978/1109 2174/966/1109 2172/965/1107
f 1246/973/1098 2170/838/1097 2175/839/1110
f 2175/839/1110 1249/979/1111 1246/973/1098
f 1247/975/1102 2171/973/1101 2176/979/1112
f 2176/979/1112 1250/980/1113 1247/975/1102
f 1249/979/1111 2175/839/1110 2177/842/1114
f 2177/842/1114 1251/981/1115 1249/979/1111
f 1250/980/1113 2176/979/1112 2178/981/1116
f 2178/981/1116 1252/982/1117 1250/980/1113
f 1248/977/1106 1900/976/1118 1901/983/1118
f 1902/983/1119 1253/984/1120 1248/977/1106
f 1253/984/1121 1903/983/1122 1904/985/1122
f 1905/985/1123 1254/986/1124 1253/984/1120
f 2178/981/1116 1154/842/917 1328/780/852
f 1328/780/852 1255/987/1125 2178/981/1116
f 1252/982/1117 2178/981/1116 1255/987/1125
f 1255/987/1125 1256/988/1126 1252/982/1117
f 1254/986/1127 1906/985/1128 1907/989/1128
f 1908/989/1129 1257/990/1130 1254/986/1124
f 1258/991/1131 1259/992/1132 1055/993/1133
f 1055/993/1133 1056/994/1134 1258/991/1131
f 1262/995/1135 1261/996/1136 1909/997/1137
f 1910/997/1138 1911/998/1138 1262/995/1139
f 1912/999/1140 1913/997/1140 1261/996/1141
f 1261/996/1136 1263/1000/1142 1914/999/1143
f 1915/1001/1144 1916/999/1144 1263/1000/1142
f 1263/1000/1142 1264/1002/1145 1917/1001/1146
f 1918/1003/1147 1919/1001/1147 1264/1002/1148
f 1264/1002/1145 1265/1004/1149 1920/1003/1150
f 1258/991/1131 1266/1005/1151 1259/992/1132
f 1262/995/1135 1266/1005/1151 1258/991/1131
f 1258/991/1131 1261/996/1136 1262/995/1135
f 1921/989/1152 1267/1006/1153 1257/990/1130
f 1267/1006/1153 1922/989/1154 1268/1007/1155
f 1268/1007/1155 1269/1008/1156 1267/1006/1153
f 1270/1009/1157 1269/1008/1156 1268/1007/1155
f 1268/1007/1155 1271/1010/1158 1270/1009/1157
f 2179/1007/1159 1923/989/1160 1924/1011/1160
f 1925/1011/1161 1329/1012/1162 2179/1007/1163
f 1271/1010/1158 1268/1007/1155 2180/1012/1164
f 2180/1012/1164 1272/1013/1165 1271/1010/1158
f 1926/1003/1166 1329/1012/1167 1927/1011/1166
f 2180/1012/1164 1928/1003/1168 1265/1004/1149
f 1272/1013/1165 2180/1012/1164 1265/1004/1149
f 1271/1010/1158 1272/1013/1165 1270/1009/1157
f 1270/1009/1157 1272/1013/1165 1273/1014/1169
f 1273/1014/1169 1274/1015/1170 1270/1009/1157
f 1274/1015/1170 1273/1014/1169 1326/1016/1171
f 1326/1016/1171 1321/1017/1172 1274/1015/1170
f 1275/1018/1173 1274/1015/1170 1321/1017/1172
f 1321/1017/1172 1322/1019/1174 1275/1018/1173
f 1270/1009/1157 1274/1015/1170 1275/1018/1173
f 1275/1018/1173 1276/1020/1175 1270/1009/1157
f 1269/1008/1156 1270/1009/1157 1276/1020/1175
f 1276/1020/1175 1277/1021/1176 1269/1008/1156
f 1267/1006/1153 1269/1008/1156 1277/1021/1176
f 1277/1021/1176 1278/1022/1177 1267/1006/1153
f 1257/990/1130 1267/1006/1153 1278/1022/1177
f 1278/1022/1177 1279/1023/1178 1257/990/1130
f 1254/986/1124 1257/990/1130 1279/1023/1178
f 1279/1023/1178 1280/1024/1179 1254/986/1124
f 1254/986/1124 1280/1024/1179 1281/1025/1180
f 1281/1025/1180 1282/1026/1181 1254/986/1124
f 1282/1026/1181 1281/1025/1180 1283/1027/1182
f 1283/1027/1182 1284/1028/1183 1282/1026/1181
f 1306/1029/1184 1284/1028/1183 1283/1027/1182
f 1283/1027/1182 1057/1030/1185 1306/1029/1184
f 1253/984/1120 1254/986/1124 1282/1026/1181
f 1282/1026/1181 1285/1031/1186 1253/984/1120
f 1285/1031/1186 1282/1026/1181 1284/1028/1183
f 1284/1028/1183 1286/1032/1187 1285/1031/1186
f 1286/1032/1187 1284/1028/1183 1306/1029/1184
f 1306/1029/1184 1058/1033/1188 1286/1032/1187
f 1248/977/1106 1253/984/1120 1285/1031/1186
f 1285/1031/1186 1288/1034/1189 1248/977/1106
f 1288/1034/1189 1285/1031/1186 1286/1032/1187
f 1286/1032/1187 1289/1035/1190 1288/1034/1189
f 1286/1032/1187 1058/1033/1188 1327/1036/1191
f 1289/1035/1190 1286/1032/1187 1327/1036/1191
f 1289/1035/1190 1327/1036/1191 1059/1037/1192
f 1245/972/1095 1248/977/1106 1288/1034/1189
f 1288/1034/1189 1290/1038/1193 1245/972/1095
f 1290/1038/1193 1288/1034/1189 1289/1035/1190
f 1289/1035/1190 1291/1039/1194 1290/1038/1193
f 1291/1039/1194 1289/1035/1190 1059/1037/1192
f 1059/1037/1192 1060/1040/1195 1291/1039/1194
f 1774/971/1094 1245/972/1095 1290/1038/1193
f 1290/1038/1193 1287/1041/1196 1774/971/1094
f 1287/1041/1196 1290/1038/1193 1291/1039/1194
f 1291/1039/1194 1292/1042/1197 1287/1041/1196
f 1292/1042/1197 1291/1039/1194 1060/1040/1195
f 1060/1040/1195 1061/1043/1198 1292/1042/1197
f 1053/952/1069 1055/993/1133 1259/992/1132
f 1259/992/1132 1260/953/1070 1053/952/1069
f 1293/1044/1199 1294/1045/1200 1264/1002/1145
f 1264/1002/1145 1263/1000/1142 1293/1044/1199
f 1293/1044/1199 1263/1000/1142 1261/996/1136
f 1261/996/1136 1258/991/1131 1293/1044/1199
f 1293/1044/1199 1258/991/1131 1056/994/1134
f 1056/994/1134 1062/1046/1201 1293/1044/1199
f 1265/1004/1149 1264/1002/1145 1294/1045/1200
f 1294/1045/1200 1295/1047/1202 1265/1004/1149
f 1273/1014/1169 1272/1013/1165 1265/1004/1149
f 1265/1004/1149 1295/1047/1202 1273/1014/1169
f 1326/1016/1171 1273/1014/1169 1295/1047/1202
f 1295/1047/1202 1323/1048/1203 1326/1016/1171
f 1323/1048/1203 1295/1047/1202 1294/1045/1200
f 1294/1045/1200 1324/1049/1204 1323/1048/1203
f 1294/1045/1200 1293/1044/1199 1062/1046/1201
f 1062/1046/1201 1324/1049/1204 1294/1045/1200
f 2181/925/1205 2182/908/1205 1296/1050/1205
f 1220/923/1035 2183/1050/1206 1205/908/1020
f 1205/908/1020 1207/910/1022 1220/923/1035
f 1266/1005/1151 1260/953/1070 1259/992/1132
f 1236/955/1072 1228/935/1048 1224/929/1041
f 1929/1051/1207 1236/955/1072 1224/929/1041
f 1930/1051/1208 1224/929/1041 1931/928/1208
f 1932/1051/1209 1933/961/1209 1238/958/1210
f 1238/958/1075 1236/955/1072 1934/1051/1211
f 1108/788/860 1109/791/863 1112/795/867
f 1112/795/867 1113/796/868 1108/788/860
f 1935/932/1212 1936/1052/1212 1298/1053/1213
f 1298/1053/1214 2184/933/1215 1937/932/1216
f 1227/934/1047 1315/944/1058 1325/1054/1217
f 1325/1054/1217 1297/1055/1218 1227/934/1047
f 2185/1054/1219 2186/943/1220 2187/936/1221
f 2187/936/1221 2188/1055/1222 2185/1054/1219
f 2184/933/1215 1298/1053/1214 2188/1055/1222
f 2188/1055/1222 2187/936/1221 2184/933/1215
f 1775/1056/1223 1299/1057/1224 1155/847/922
f 1155/847/922 1938/1058/1225 1775/1056/1223
f 1157/848/923 1155/847/922 1299/1057/1224
f 1299/1057/1224 1300/1059/1226 1157/848/923
f 1171/866/944 1157/848/923 1300/1059/1226
f 1300/1059/1226 1172/867/945 1171/866/944
f 1301/1060/1227 1776/1061/1228 1774/971/1094
f 1774/971/1094 1287/1041/1196 1301/1060/1227
f 1302/1062/1229 1301/1060/1227 1287/1041/1196
f 1287/1041/1196 1292/1042/1197 1302/1062/1229
f 1063/1063/1230 1302/1062/1229 1292/1042/1197
f 1292/1042/1197 1061/1043/1198 1063/1063/1230
f 1312/1064/1231 1939/1065/1232 1940/878/1232
f 1941/878/1233 1303/869/1233 1312/1064/1234
f 1304/1066/1235 1050/1067/1236 1308/880/967
f 1308/880/967 1309/879/966 1304/1066/1235
f 1311/898/990 1051/1068/1237 1305/1069/1238
f 1305/1069/1238 1310/899/991 1311/898/990
f 2161/880/1013 2189/1067/1239 1051/1068/1237
f 1051/1068/1237 1311/898/990 2161/880/1013
f 1307/1070/1240 1942/1071/1241 1943/1065/1241
f 1944/1065/1242 1312/1064/1231 1307/1070/1240
f 1343/1072/1243 1313/942/1056 1314/943/1057
f 1314/943/1057 1344/1073/1244 1343/1072/1243
f 1345/1074/1245 1315/944/1058 1316/945/1059
f 1316/945/1059 1346/1075/1246 1345/1074/1245
f 1347/1076/1247 1317/946/1060 1318/947/1061
f 1318/947/1061 1348/1077/1248 1347/1076/1247
f 1349/1078/1249 1052/951/1066 1313/942/1056
f 1313/942/1056 1343/1072/1243 1349/1078/1249
f 1053/952/1069 2166/951/1068 2190/1078/1250
f 2190/1078/1250 1350/1079/1251 1053/952/1069
f 1346/1075/1246 1316/945/1059 1319/956/1073
f 1319/956/1073 1351/1080/1252 1346/1075/1246
f 1319/956/1073 1320/959/1076 1352/1081/1253
f 1352/1081/1253 1351/1080/1252 1319/956/1073
f 1320/959/1076 1054/964/1081 1353/1082/1254
f 1353/1082/1254 1352/1081/1253 1320/959/1076
f 1353/1082/1254 1054/964/1081 1317/946/1060
f 1317/946/1060 1347/1076/1247 1353/1082/1254
f 1354/1083/1255 1056/994/1134 1055/993/1133
f 1055/993/1133 1355/1084/1256 1354/1083/1255
f 1321/1017/1172 1326/1016/1171 1643/1085/1257
f 1643/1085/1257 1356/1086/1258 1321/1017/1172
f 1357/1087/1259 1322/1019/1174 1321/1017/1172
f 1321/1017/1172 1356/1086/1258 1357/1087/1259
f 1355/1084/1256 1055/993/1133 1053/952/1069
f 1053/952/1069 1350/1079/1251 1355/1084/1256
f 1062/1046/1201 1056/994/1134 1354/1083/1255
f 1354/1083/1255 1358/1088/1260 1062/1046/1201
f 1326/1016/1171 1323/1048/1203 1359/1089/1261
f 1359/1089/1261 1643/1085/1257 1326/1016/1171
f 1359/1089/1261 1323/1048/1203 1324/1049/1204
f 1324/1049/1204 1360/1090/1262 1359/1089/1261
f 1324/1049/1204 1062/1046/1201 1358/1088/1260
f 1358/1088/1260 1360/1090/1262 1324/1049/1204
f 1361/1073/1263 1325/1054/1217 1315/944/1058
f 1315/944/1058 1345/1074/1245 1361/1073/1263
f 2191/1073/1264 2186/943/1220 2185/1054/1219
f 2185/1054/1219 2192/1073/1264 2191/1073/1264
f 1304/1066/1235 1330/1091/1265 1331/1092/1266
f 1331/1092/1266 1050/1067/1236 1304/1066/1235
f 1051/1068/1237 1332/1093/1267 1333/1094/1268
f 1333/1094/1268 1305/1069/1238 1051/1068/1237
f 2189/1067/1239 2193/1092/1269 1332/1093/1267
f 1332/1093/1267 1051/1068/1237 2189/1067/1239
f 1057/1030/1185 1334/1095/1270 1335/1096/1271
f 1335/1096/1271 1306/1029/1184 1057/1030/1185
f 1306/1029/1184 1335/1096/1271 1336/1097/1272
f 1336/1097/1272 1058/1033/1188 1306/1029/1184
f 1058/1033/1188 1336/1097/1272 1337/1098/1273
f 1337/1098/1273 1327/1036/1191 1058/1033/1188
f 1059/1037/1192 1338/1099/1274 1339/1100/1275
f 1339/1100/1275 1060/1040/1195 1059/1037/1192
f 1060/1040/1195 1339/1100/1275 1340/1101/1276
f 1340/1101/1276 1061/1043/1198 1060/1040/1195
f 1061/1043/1198 1340/1101/1276 1341/1102/1277
f 1341/1102/1277 1063/1063/1230 1061/1043/1198
f 1307/1070/1240 1342/1091/1278 1330/1091/1265
f 1330/1091/1265 1304/1066/1235 1307/1070/1240
f 1327/1036/1191 1337/1098/1273 1338/1099/1274
f 1338/1099/1274 1059/1037/1192 1327/1036/1191
f 1387/1103/1279 1378/1104/1280 1377/1105/1281
f 1377/1105/1281 1388/1106/1282 1387/1103/1279
f 1389/1107/1283 1388/1106/1282 1377/1105/1281
f 1390/1108/1284 1391/1109/1285 1387/1103/1279
f 1387/1103/1279 1388/1106/1282 1390/1108/1284
f 1392/1110/1286 1390/1108/1284 1388/1106/1282
f 1393/1111/1287 1392/1110/1286 1388/1106/1282
f 1388/1106/1282 1394/1112/1288 1393/1111/1287
f 1395/1113/1289 1393/1111/1287 1394/1112/1288
f 1394/1112/1288 1396/1114/1290 1395/1113/1289
f 1397/1115/1291 1395/1113/1289 1396/1114/1290
f 1396/1114/1290 1398/1116/1292 1397/1115/1291
f 1399/1117/1293 1397/1115/1291 1398/1116/1292
f 1398/1116/1292 1400/1118/1294 1399/1117/1293
f 1401/1119/1295 1399/1117/1293 1400/1118/1294
f 1400/1118/1294 1402/1120/1296 1401/1119/1295
f 1394/1112/1288 1388/1106/1282 1389/1107/1283
f 1389/1107/1283 1403/1121/1297 1394/1112/1288
f 1396/1114/1290 1394/1112/1288 1403/1121/1297
f 1403/1121/1297 1404/1122/1298 1396/1114/1290
f 1398/1116/1292 1396/1114/1290 1404/1122/1298
f 1404/1122/1298 1405/1123/1299 1398/1116/1292
f 1400/1118/1294 1398/1116/1292 1405/1123/1299
f 1405/1123/1299 1406/1124/1300 1400/1118/1294
f 1402/1120/1296 1400/1118/1294 1406/1124/1300
f 1406/1124/1300 1407/1125/1301 1402/1120/1296
f 1377/1105/1281 1379/1126/1302 1403/1121/1297
f 1403/1121/1297 1389/1107/1283 1377/1105/1281
f 1379/1126/1302 1381/1127/1303 1404/1122/1298
f 1404/1122/1298 1403/1121/1297 1379/1126/1302
f 1405/1123/1299 1404/1122/1298 1381/1127/1303
f 1381/1127/1303 1406/1124/1300 1405/1123/1299
f 1406/1124/1300 1381/1127/1303 1383/1128/1304
f 1383/1128/1304 1408/1129/1305 1406/1124/1300
f 1408/1129/1305 1383/1128/1304 1641/1130/1306
f 1641/1130/1306 1409/1131/1307 1408/1129/1305
f 1407/1125/1301 1406/1124/1300 1408/1129/1305
f 1408/1129/1305 1410/1132/1308 1407/1125/1301
f 1410/1132/1308 1408/1129/1305 1409/1131/1307
f 1411/1133/1309 1401/1119/1295 1402/1120/1296
f 1402/1120/1296 1412/1134/1310 1411/1133/1309
f 1412/1134/1310 1402/1120/1296 1407/1125/1301
f 1407/1125/1301 1413/1135/1311 1412/1134/1310
f 1414/1136/1312 1411/1133/1309 1412/1134/1310
f 1412/1134/1310 1413/1135/1311 1414/1136/1312
f 1407/1125/1301 1410/1132/1308 1415/1137/1313
f 1415/1137/1313 1413/1135/1311 1407/1125/1301
f 1416/1138/1314 1386/1139/1315 1421/1140/1316
f 1421/1140/1316 1422/1141/1317 1416/1138/1314
f 1418/1142/1318 1416/1138/1314 1422/1141/1317
f 1422/1141/1317 1423/1143/1319 1418/1142/1318
f 1386/1139/1315 1424/1144/1320 1421/1140/1316
f 1425/1145/1321 1423/1143/1319 1422/1141/1317
f 1426/1146/1322 1421/1140/1316 1424/1144/1320
f 1427/1147/1323 1423/1143/1319 1425/1145/1321
f 1425/1145/1321 1428/1148/1324 1427/1147/1323
f 1429/1149/1325 2194/1146/1326 2195/1144/1327
f 2195/1144/1327 1430/1150/1328 1429/1149/1325
f 1431/1151/1329 2196/1149/1330 2197/1150/1331
f 2197/1150/1331 1432/1152/1332 1431/1151/1329
f 1433/1153/1333 1431/1151/1329 1432/1152/1332
f 1427/1147/1323 1428/1148/1324 1431/1151/1329
f 1431/1151/1329 1433/1153/1333 1427/1147/1323
f 1378/1104/1280 1387/1103/1279 1434/1154/1334
f 1434/1154/1334 1435/1155/1335 1378/1104/1280
f 1378/1104/1280 1435/1155/1335 1436/1156/1336
f 1436/1156/1336 1380/1157/1337 1378/1104/1280
f 1380/1157/1337 1436/1156/1336 1437/1158/1338
f 1437/1158/1338 1382/1159/1339 1380/1157/1337
f 1384/1160/1340 1382/1159/1339 1437/1158/1338
f 1437/1158/1338 1461/1161/1341 1384/1160/1340
f 1439/1162/1342 1440/1163/1343 1438/1164/1344
f 1438/1164/1344 1441/1165/1344 1439/1162/1342
f 1442/1166/1345 1439/1162/1342 1441/1165/1344
f 1441/1165/1344 1443/1167/1346 1442/1166/1345
f 1444/1168/1347 1442/1166/1345 1443/1167/1346
f 1443/1167/1346 1445/1169/1348 1444/1168/1347
f 1446/1170/1349 1444/1168/1347 1445/1169/1348
f 1445/1169/1348 1447/1171/1350 1446/1170/1349
f 1448/1172/1351 1446/1170/1349 1447/1171/1350
f 1447/1171/1350 1449/1173/1352 1448/1172/1351
f 1451/1174/1353 1448/1172/1351 1449/1173/1352
f 1451/1174/1353 1450/1175/1354 1448/1172/1351
f 1452/1176/1355 1450/1175/1354 1451/1174/1353
f 1453/1177/1356 1450/1175/1354 1452/1176/1355
f 1452/1176/1355 1454/1178/1357 1453/1177/1356
f 1439/1162/1342 1387/1103/1279 1391/1109/1285
f 1391/1109/1285 1440/1163/1343 1439/1162/1342
f 1439/1162/1342 1434/1154/1334 1387/1103/1279
f 1455/1179/1358 1434/1154/1334 1439/1162/1342
f 1439/1162/1342 1442/1166/1345 1455/1179/1358
f 1455/1179/1358 1442/1166/1345 1444/1168/1347
f 1444/1168/1347 1456/1180/1359 1455/1179/1358
f 1444/1168/1347 1457/1181/1360 1456/1180/1359
f 1457/1181/1360 1444/1168/1347 1446/1170/1349
f 1446/1170/1349 1458/1182/1361 1457/1181/1360
f 1458/1182/1361 1446/1170/1349 1448/1172/1351
f 1448/1172/1351 1459/1183/1362 1458/1182/1361
f 1459/1183/1362 1448/1172/1351 1450/1175/1354
f 1450/1175/1354 1460/1184/1363 1459/1183/1362
f 1461/1161/1341 1437/1158/1338 1456/1180/1359
f 1456/1180/1359 1457/1181/1360 1461/1161/1341
f 1424/1144/1320 1386/1139/1315 1384/1160/1340
f 1384/1160/1340 1461/1161/1341 1424/1144/1320
f 1457/1181/1360 1424/1144/1320 1461/1161/1341
f 2197/1150/1331 1424/1144/1320 1457/1181/1360
f 1457/1181/1360 1458/1182/1361 2197/1150/1331
f 2197/1150/1331 1458/1182/1361 1459/1183/1362
f 1459/1183/1362 1462/1185/1364 2197/1150/1331
f 1462/1185/1364 1459/1183/1362 1460/1184/1363
f 1460/1184/1363 1463/1186/1365 1462/1185/1364
f 1432/1152/1332 2197/1150/1331 1462/1185/1364
f 1433/1153/1333 1432/1152/1332 1462/1185/1364
f 1462/1185/1364 1463/1186/1365 1433/1153/1333
f 1433/1153/1333 1463/1186/1365 1464/1187/1366
f 1464/1187/1366 1427/1147/1323 1433/1153/1333
f 1465/1188/1367 1427/1147/1323 1464/1187/1366
f 1423/1143/1319 1427/1147/1323 1465/1188/1367
f 1465/1188/1367 1466/1189/1368 1423/1143/1319
f 1418/1142/1318 1423/1143/1319 1466/1189/1368
f 1466/1189/1368 1420/1190/1369 1418/1142/1318
f 1419/1191/1370 1420/1190/1369 1466/1189/1368
f 1466/1189/1368 1467/1192/1371 1419/1191/1370
f 1417/1193/1372 1419/1191/1370 1467/1192/1371
f 1385/1194/1373 1417/1193/1372 1467/1192/1371
f 1467/1192/1371 1641/1130/1306 1385/1194/1373
f 1383/1128/1304 1385/1194/1373 1641/1130/1306
f 1468/1195/1374 1945/1196/1375 1469/1197/1376
f 1469/1197/1376 1470/1198/1377 1468/1195/1374
f 1471/1199/1378 1453/1177/1356 1454/1178/1357
f 1454/1178/1357 1472/1200/1379 1471/1199/1378
f 1473/1201/1380 1471/1199/1378 1472/1200/1379
f 1472/1200/1379 1474/1202/1381 1473/1201/1380
f 1475/1203/1382 1946/1204/1383 1947/1205/1383
f 1948/1205/1384 1476/1206/1385 1475/1203/1382
f 1477/1207/1386 1475/1203/1382 1476/1206/1385
f 1476/1206/1385 1478/1208/1387 1477/1207/1386
f 1949/1209/1388 1463/1186/1365 1460/1184/1363
f 1460/1184/1363 1479/1210/1389 1950/1209/1390
f 1479/1210/1389 1460/1184/1363 1450/1175/1354
f 1450/1175/1354 1480/1211/1391 1479/1210/1389
f 1481/1212/1392 1480/1211/1391 1450/1175/1354
f 1450/1175/1354 1453/1177/1356 1481/1212/1392
f 1482/1213/1393 1481/1212/1392 1453/1177/1356
f 1453/1177/1356 1471/1199/1378 1482/1213/1393
f 1471/1199/1378 1473/1201/1380 1482/1213/1393
f 1951/1214/1394 1952/1204/1394 1475/1203/1395
f 1475/1203/1382 1483/1215/1396 1953/1214/1397
f 1483/1215/1396 1475/1203/1382 1477/1207/1386
f 1477/1207/1386 1484/1216/1398 1483/1215/1396
f 1485/1217/1399 1484/1216/1398 1477/1207/1386
f 1477/1207/1386 1486/1218/1400 1485/1217/1399
f 1486/1218/1400 1477/1207/1386 1478/1208/1387
f 1478/1208/1387 1362/1219/1401 1486/1218/1400
f 2198/1178/1402 2199/1176/1403 1487/1220/1404
f 1487/1220/1404 1488/1221/1405 2198/1178/1402
f 2200/1200/1406 2198/1178/1402 1488/1221/1405
f 1488/1221/1405 1489/1222/1407 2200/1200/1406
f 2201/1202/1408 2200/1200/1406 1489/1222/1407
f 1489/1222/1407 1490/1223/1409 2201/1202/1408
f 1491/1224/1410 2201/1202/1408 1490/1223/1409
f 2202/1206/1411 1954/1205/1412 1955/1225/1412
f 1956/1225/1413 1492/1226/1414 2202/1206/1415
f 2203/1208/1416 2202/1206/1415 1492/1226/1414
f 1492/1226/1414 1493/1227/1417 2203/1208/1416
f 2204/1219/1418 2203/1208/1416 1493/1227/1417
f 1493/1227/1417 1494/1228/1419 2204/1219/1418
f 1494/1228/1419 1621/1229/1420 1622/1230/1421
f 1622/1230/1421 2204/1219/1418 1494/1228/1419
f 1495/1231/1422 2205/1222/1423 2206/1221/1424
f 2206/1221/1424 1496/1232/1425 1495/1231/1422
f 1497/1233/1426 2207/1223/1427 2205/1222/1423
f 2205/1222/1423 1495/1231/1422 1497/1233/1426
f 1496/1232/1425 2206/1221/1424 2208/1220/1428
f 2208/1220/1428 1498/1234/1429 1496/1232/1425
f 1496/1232/1425 1498/1234/1429 1503/1235/1430
f 1503/1235/1430 1504/1236/1431 1496/1232/1425
f 1495/1231/1422 1496/1232/1425 1504/1236/1431
f 1504/1236/1431 1505/1237/1432 1495/1231/1422
f 1505/1237/1432 1497/1233/1426 1495/1231/1422
f 1497/1233/1426 1505/1237/1432 1506/1238/1433
f 1506/1238/1433 1499/1239/1434 1497/1233/1426
f 1500/1240/1435 1957/1241/1436 1958/1242/1436
f 1959/1242/1437 1507/1243/1438 1500/1240/1439
f 1501/1244/1440 1500/1240/1439 1507/1243/1438
f 1507/1243/1438 1508/1245/1441 1501/1244/1440
f 1502/1246/1442 1501/1244/1440 1508/1245/1441
f 1508/1245/1441 1509/1247/1443 1502/1246/1442
f 1623/1248/1444 1624/1249/1445 1502/1246/1442
f 1502/1246/1442 1509/1247/1443 1623/1248/1444
f 1510/1250/1446 1483/1215/1396 1484/1216/1398
f 1500/1240/1435 2209/1226/1447 1960/1225/1447
f 1961/1225/1448 1962/1241/1448 1500/1240/1435
f 1499/1239/1434 2210/1224/1449 2207/1223/1427
f 2207/1223/1427 1497/1233/1426 1499/1239/1434
f 1511/1251/1450 2211/1226/1451 2212/1240/1452
f 2212/1240/1452 1512/1252/1453 1511/1251/1450
f 2213/1252/1454 1500/1240/1439 1501/1244/1440
f 1501/1244/1440 1513/1253/1455 2213/1252/1454
f 2214/1227/1456 2215/1226/1457 2216/1251/1456
f 2216/1251/1456 1514/1254/1458 2214/1227/1456
f 2217/1227/1459 2218/1254/1460 2219/1253/1461
f 2219/1253/1461 2220/1244/1462 2217/1227/1459
f 1513/1253/1455 2221/1254/1463 2222/1251/1464
f 2222/1251/1464 2213/1252/1454 1513/1253/1455
f 2223/1228/1465 2224/1227/1466 1501/1244/1440
f 1501/1244/1440 1502/1246/1442 2223/1228/1465
f 1624/1249/1445 2225/1229/1467 2223/1228/1465
f 2223/1228/1465 1502/1246/1442 1624/1249/1445
f 2226/1133/1468 2227/1136/1469 1515/1255/1470
f 1515/1255/1470 1516/1256/1471 2226/1133/1468
f 2228/1119/1472 2226/1133/1468 1516/1256/1471
f 1516/1256/1471 1517/1257/1473 2228/1119/1472
f 1518/1258/1474 1517/1257/1473 1516/1256/1471
f 1519/1259/1475 1517/1257/1473 1518/1258/1474
f 1518/1258/1474 1520/1260/1476 1519/1259/1475
f 1521/1261/1477 1519/1259/1475 1520/1260/1476
f 1520/1260/1476 1522/1262/1478 1521/1261/1477
f 1523/1263/1479 1521/1261/1477 1522/1262/1478
f 1522/1262/1478 1524/1264/1480 1523/1263/1479
f 1525/1265/1481 1523/1263/1479 1524/1264/1480
f 1524/1264/1480 1526/1266/1482 1525/1265/1481
f 1527/1267/1483 1525/1265/1481 1526/1266/1482
f 1526/1266/1482 1528/1268/1484 1527/1267/1483
f 1527/1267/1483 1528/1268/1484 1529/1269/1485
f 1529/1269/1485 1530/1270/1486 1527/1267/1483
f 1530/1270/1486 1529/1269/1485 1531/1271/1487
f 1531/1271/1487 1532/1272/1488 1530/1270/1486
f 1522/1262/1478 1520/1260/1476 1533/1273/1489
f 1533/1273/1489 1534/1274/1490 1522/1262/1478
f 1518/1258/1474 1516/1256/1471 1515/1255/1470
f 1515/1255/1470 1535/1275/1491 1518/1258/1474
f 1963/1276/1492 1964/1277/1492 1536/1278/1493
f 1536/1278/1493 1537/1279/1494 1965/1276/1495
f 1966/1280/1496 1967/1281/1496 1538/1282/1497
f 1538/1282/1498 1539/1283/1499 1968/1280/1500
f 1537/1279/1494 1536/1278/1493 1540/1284/1501
f 1540/1284/1501 1541/1285/1502 1537/1279/1494
f 1542/1286/1503 1539/1283/1499 1538/1282/1498
f 1538/1282/1498 1543/1287/1504 1542/1286/1503
f 1544/1288/1505 1969/1289/1506 1970/1290/1506
f 1971/1290/1507 1545/1291/1508 1544/1288/1509
f 1542/1286/1503 1543/1287/1504 1626/1292/1510
f 1626/1292/1510 1627/1293/1511 1542/1286/1503
f 1541/1285/1502 1540/1284/1501 1628/1294/1512
f 1628/1294/1512 1629/1295/1513 1541/1285/1502
f 1544/1288/1509 1545/1291/1508 1630/1296/1514
f 1630/1296/1514 1631/1297/1515 1544/1288/1509
f 1538/1282/1497 1972/1281/1516 1973/1298/1516
f 1974/1298/1517 1546/1299/1518 1538/1282/1498
f 1543/1287/1504 1538/1282/1498 1546/1299/1518
f 1546/1299/1518 1547/1300/1519 1543/1287/1504
f 1543/1287/1504 1547/1300/1519 1365/1301/1520
f 1365/1301/1520 1626/1292/1510 1543/1287/1504
f 1366/1302/1521 2229/1301/1522 2230/1300/1523
f 2230/1300/1523 1573/1303/1524 1366/1302/1521
f 1524/1264/1480 1522/1262/1478 1534/1274/1490
f 1534/1274/1490 1548/1304/1525 1524/1264/1480
f 1549/1305/1526 1541/1285/1502 1629/1295/1513
f 1629/1295/1513 1632/1306/1527 1549/1305/1526
f 1526/1266/1482 1524/1264/1480 1548/1304/1525
f 1548/1304/1525 1550/1307/1528 1526/1266/1482
f 1551/1308/1529 1549/1305/1526 1632/1306/1527
f 1632/1306/1527 1633/1309/1530 1551/1308/1529
f 1528/1268/1484 1526/1266/1482 1550/1307/1528
f 1550/1307/1528 1552/1310/1531 1528/1268/1484
f 1975/1311/1532 1976/1312/1532 1551/1308/1529
f 1551/1308/1529 1553/1313/1533 1977/1311/1534
f 1553/1313/1533 1551/1308/1529 1633/1309/1530
f 1633/1309/1530 1367/1314/1535 1553/1313/1533
f 1529/1269/1485 1528/1268/1484 1552/1310/1531
f 1552/1310/1531 1531/1271/1487 1529/1269/1485
f 1978/1290/1536 1979/1311/1536 1553/1313/1537
f 1553/1313/1533 1545/1291/1508 1980/1290/1538
f 1545/1291/1508 1553/1313/1533 1367/1314/1535
f 1367/1314/1535 1630/1296/1514 1545/1291/1508
f 1981/1315/1539 1777/1316/1539 1554/1317/1540
f 1554/1317/1541 1555/1318/1542 1982/1315/1543
f 1556/1319/1544 2231/1318/1545 2232/1317/1546
f 2232/1317/1546 1557/1320/1547 1556/1319/1544
f 1556/1319/1544 1557/1320/1547 1778/1321/1548
f 1778/1321/1548 1558/1322/1549 1556/1319/1544
f 2233/1188/1550 2234/1187/1551 1555/1318/1542
f 1555/1318/1542 1559/1323/1552 2233/1188/1550
f 2235/1323/1553 2231/1318/1554 1983/1324/1555
f 1984/1324/1556 1560/1325/1557 2235/1323/1553
f 1985/1326/1558 1556/1319/1544 1558/1322/1549
f 1558/1322/1549 1561/1327/1559 1986/1326/1560
f 1987/1328/1561 2236/1320/1561 2237/1317/1562
f 2237/1317/1562 2238/1316/1563 1988/1328/1563
f 2239/1189/1564 2233/1188/1550 1559/1323/1552
f 1559/1323/1552 1562/1329/1565 2239/1189/1564
f 2240/1329/1566 2235/1323/1553 1560/1325/1557
f 1560/1325/1557 1563/1330/1567 2240/1329/1566
f 2241/1192/1568 2239/1189/1564 1562/1329/1565
f 1562/1329/1565 1564/1331/1569 2241/1192/1568
f 2242/1331/1570 2240/1329/1566 1563/1330/1567
f 1563/1330/1567 1565/1332/1571 2242/1331/1570
f 1989/1333/1572 1990/1326/1572 1561/1327/1573
f 1561/1327/1559 1566/1334/1574 1991/1333/1575
f 1992/1335/1576 1993/1333/1576 1566/1334/1577
f 1566/1334/1574 1567/1336/1578 1994/1335/1579
f 1641/1130/1306 1467/1192/1371 2242/1331/1570
f 2242/1331/1570 1568/1337/1580 1641/1130/1306
f 1568/1337/1580 2242/1331/1570 1565/1332/1571
f 1565/1332/1571 1569/1338/1581 1568/1337/1580
f 1995/1339/1582 1996/1335/1582 1567/1336/1578
f 1567/1336/1578 1570/1340/1583 1997/1339/1584
f 1368/1341/1585 1572/1342/1586 1571/1343/1587
f 1571/1343/1587 1369/1344/1588 1368/1341/1585
f 1998/1345/1589 1574/1346/1590 1575/1347/1591
f 1575/1347/1592 1999/1348/1593 2000/1345/1593
f 1574/1346/1594 2001/1345/1595 2002/1349/1595
f 2003/1349/1596 1576/1350/1597 1574/1346/1590
f 1576/1350/1597 2004/1349/1598 2005/1351/1598
f 2006/1351/1599 1577/1352/1600 1576/1350/1597
f 1577/1352/1601 2007/1351/1602 2008/1353/1602
f 2009/1353/1603 1578/1354/1604 1577/1352/1600
f 1579/1355/1605 1571/1343/1587 1572/1342/1586
f 1571/1343/1587 1579/1355/1605 1575/1347/1591
f 1575/1347/1591 1574/1346/1590 1571/1343/1587
f 1580/1356/1606 2010/1339/1607 1570/1340/1583
f 1581/1357/1608 2011/1339/1609 1580/1356/1606
f 1580/1356/1606 1582/1358/1610 1581/1357/1608
f 1581/1357/1608 1582/1358/1610 1583/1359/1611
f 1583/1359/1611 1584/1360/1612 1581/1357/1608
f 2012/1361/1613 2013/1339/1613 2243/1357/1614
f 2243/1357/1615 1642/1362/1616 2014/1361/1617
f 2244/1362/1618 1581/1357/1608 1584/1360/1612
f 1584/1360/1612 1585/1363/1619 2244/1362/1618
f 1642/1362/1620 2015/1353/1621 2016/1361/1621
f 2017/1353/1622 2244/1362/1618 1578/1354/1604
f 2244/1362/1618 1585/1363/1619 1578/1354/1604
f 1585/1363/1619 1584/1360/1612 1583/1359/1611
f 1586/1364/1623 1585/1363/1619 1583/1359/1611
f 1583/1359/1611 1587/1365/1624 1586/1364/1623
f 1639/1366/1625 1586/1364/1623 1587/1365/1624
f 1587/1365/1624 1634/1367/1626 1639/1366/1625
f 1634/1367/1626 1587/1365/1624 1588/1368/1627
f 1588/1368/1627 1635/1369/1628 1634/1367/1626
f 1588/1368/1627 1587/1365/1624 1583/1359/1611
f 1583/1359/1611 1589/1370/1629 1588/1368/1627
f 1589/1370/1629 1583/1359/1611 1582/1358/1610
f 1582/1358/1610 1590/1371/1630 1589/1370/1629
f 1590/1371/1630 1582/1358/1610 1580/1356/1606
f 1580/1356/1606 1591/1372/1631 1590/1371/1630
f 1591/1372/1631 1580/1356/1606 1570/1340/1583
f 1570/1340/1583 1592/1373/1632 1591/1372/1631
f 1592/1373/1632 1570/1340/1583 1567/1336/1578
f 1567/1336/1578 1593/1374/1633 1592/1373/1632
f 1594/1375/1634 1593/1374/1633 1567/1336/1578
f 1567/1336/1578 1595/1376/1635 1594/1375/1634
f 1596/1377/1636 1594/1375/1634 1595/1376/1635
f 1595/1376/1635 1597/1378/1637 1596/1377/1636
f 1596/1377/1636 1597/1378/1637 1619/1379/1638
f 1619/1379/1638 1370/1380/1639 1596/1377/1636
f 1595/1376/1635 1567/1336/1578 1566/1334/1574
f 1566/1334/1574 1598/1381/1640 1595/1376/1635
f 1597/1378/1637 1595/1376/1635 1598/1381/1640
f 1598/1381/1640 1599/1382/1641 1597/1378/1637
f 1619/1379/1638 1597/1378/1637 1599/1382/1641
f 1599/1382/1641 1371/1383/1642 1619/1379/1638
f 1598/1381/1640 1566/1334/1574 1561/1327/1559
f 1561/1327/1559 1601/1384/1643 1598/1381/1640
f 1599/1382/1641 1598/1381/1640 1601/1384/1643
f 1601/1384/1643 1602/1385/1644 1599/1382/1641
f 1602/1385/1644 1372/1386/1645 1640/1387/1646
f 1599/1382/1641 1602/1385/1644 1640/1387/1646
f 1599/1382/1641 1640/1387/1646 1371/1383/1642
f 1601/1384/1643 1561/1327/1559 1558/1322/1549
f 1558/1322/1549 1603/1388/1647 1601/1384/1643
f 1602/1385/1644 1601/1384/1643 1603/1388/1647
f 1603/1388/1647 1604/1389/1648 1602/1385/1644
f 1372/1386/1645 1602/1385/1644 1604/1389/1648
f 1604/1389/1648 1373/1390/1649 1372/1386/1645
f 1603/1388/1647 1558/1322/1549 1778/1321/1548
f 1778/1321/1548 1600/1391/1650 1603/1388/1647
f 1604/1389/1648 1603/1388/1647 1600/1391/1650
f 1600/1391/1650 1605/1392/1651 1604/1389/1648
f 1373/1390/1649 1604/1389/1648 1605/1392/1651
f 1605/1392/1651 1374/1393/1652 1373/1390/1649
f 1572/1342/1586 1368/1341/1585 1366/1302/1521
f 1366/1302/1521 1573/1303/1524 1572/1342/1586
f 1577/1352/1600 1607/1394/1653 1606/1395/1654
f 1606/1395/1654 1576/1350/1597 1577/1352/1600
f 1574/1346/1590 1576/1350/1597 1606/1395/1654
f 1606/1395/1654 1571/1343/1587 1574/1346/1590
f 1369/1344/1588 1571/1343/1587 1606/1395/1654
f 1606/1395/1654 1375/1396/1655 1369/1344/1588
f 1607/1394/1653 1577/1352/1600 1578/1354/1604
f 1578/1354/1604 1608/1397/1656 1607/1394/1653
f 1578/1354/1604 1585/1363/1619 1586/1364/1623
f 1586/1364/1623 1608/1397/1656 1578/1354/1604
f 1608/1397/1656 1586/1364/1623 1639/1366/1625
f 1639/1366/1625 1636/1398/1657 1608/1397/1656
f 1607/1394/1653 1608/1397/1656 1636/1398/1657
f 1636/1398/1657 1637/1399/1658 1607/1394/1653
f 1375/1396/1655 1606/1395/1654 1607/1394/1653
f 1607/1394/1653 1637/1399/1658 1375/1396/1655
f 2245/1258/1659 2246/1275/1659 1609/1400/1659
f 1518/1258/1474 2247/1400/1660 1533/1273/1489
f 1533/1273/1489 1520/1260/1476 1518/1258/1474
f 1573/1303/1524 1579/1355/1605 1572/1342/1586
f 2018/1401/1661 2019/1276/1661 1537/1279/1494
f 1549/1305/1526 2020/1401/1662 1537/1279/1494
f 1549/1305/1526 1537/1279/1494 1541/1285/1502
f 1551/1308/1663 2021/1312/1664 2022/1401/1664
f 2023/1401/1665 1549/1305/1526 1551/1308/1529
f 1425/1145/1321 1422/1141/1317 1421/1140/1316
f 1421/1140/1316 1426/1146/1322 1425/1145/1321
f 1611/1402/1666 2024/1403/1667 2025/1280/1667
f 2026/1280/1668 2248/1283/1669 1611/1402/1670
f 1638/1404/1671 1628/1294/1512 1540/1284/1501
f 1540/1284/1501 1610/1405/1672 1638/1404/1671
f 2249/1286/1673 2250/1293/1674 2251/1404/1675
f 2251/1404/1675 2252/1405/1676 2249/1286/1673
f 2252/1405/1676 1611/1402/1670 2248/1283/1669
f 2248/1283/1669 2249/1286/1673 2252/1405/1676
f 1468/1195/1374 1612/1406/1677 1779/1407/1678
f 1779/1407/1678 2027/1408/1679 1468/1195/1374
f 1612/1406/1677 1468/1195/1374 1470/1198/1377
f 1470/1198/1377 1613/1409/1680 1612/1406/1677
f 1613/1409/1680 1470/1198/1377 1484/1216/1398
f 1484/1216/1398 1485/1217/1399 1613/1409/1680
f 1778/1321/1548 1780/1410/1681 1614/1411/1682
f 1614/1411/1682 1600/1391/1650 1778/1321/1548
f 1600/1391/1650 1614/1411/1682 1615/1412/1683
f 1615/1412/1683 1605/1392/1651 1600/1391/1650
f 1605/1392/1651 1615/1412/1683 1376/1413/1684
f 1376/1413/1684 1374/1393/1652 1605/1392/1651
f 2028/1228/1685 2029/1414/1685 1625/1415/1686
f 1625/1415/1687 1616/1219/1688 2030/1228/1688
f 1621/1229/1420 1363/1416/1689 1617/1417/1690
f 1617/1417/1690 1622/1230/1421 1621/1229/1420
f 1618/1418/1691 1364/1419/1692 1624/1249/1445
f 1624/1249/1445 1623/1248/1444 1618/1418/1691
f 1364/1419/1692 2253/1416/1693 2225/1229/1467
f 2225/1229/1467 1624/1249/1445 1364/1419/1692
f 2031/1414/1694 2032/1420/1694 1620/1421/1695
f 1620/1421/1695 1625/1415/1686 2033/1414/1696
f 1627/1293/1511 1626/1292/1510 1343/1072/1243
f 1343/1072/1243 1344/1073/1244 1627/1293/1511
f 1629/1295/1513 1628/1294/1512 1345/1074/1245
f 1345/1074/1245 1346/1075/1246 1629/1295/1513
f 1631/1297/1515 1630/1296/1514 1347/1076/1247
f 1347/1076/1247 1348/1077/1248 1631/1297/1515
f 1626/1292/1510 1365/1301/1520 1349/1078/1249
f 1349/1078/1249 1343/1072/1243 1626/1292/1510
f 2190/1078/1250 2229/1301/1522 1366/1302/1521
f 1366/1302/1521 1350/1079/1251 2190/1078/1250
f 1632/1306/1527 1629/1295/1513 1346/1075/1246
f 1346/1075/1246 1351/1080/1252 1632/1306/1527
f 1352/1081/1253 1633/1309/1530 1632/1306/1527
f 1632/1306/1527 1351/1080/1252 1352/1081/1253
f 1353/1082/1254 1367/1314/1535 1633/1309/1530
f 1633/1309/1530 1352/1081/1253 1353/1082/1254
f 1630/1296/1514 1367/1314/1535 1353/1082/1254
f 1353/1082/1254 1347/1076/1247 1630/1296/1514
f 1368/1341/1585 1369/1344/1588 1354/1083/1255
f 1354/1083/1255 1355/1084/1256 1368/1341/1585
f 1643/1085/1257 1639/1366/1625 1634/1367/1626
f 1634/1367/1626 1356/1086/1258 1643/1085/1257
f 1634/1367/1626 1635/1369/1628 1357/1087/1259
f 1357/1087/1259 1356/1086/1258 1634/1367/1626
f 1366/1302/1521 1368/1341/1585 1355/1084/1256
f 1355/1084/1256 1350/1079/1251 1366/1302/1521
f 1354/1083/1255 1369/1344/1588 1375/1396/1655
f 1375/1396/1655 1358/1088/1260 1354/1083/1255
f 1359/1089/1261 1636/1398/1657 1639/1366/1625
f 1639/1366/1625 1643/1085/1257 1359/1089/1261
f 1637/1399/1658 1636/1398/1657 1359/1089/1261
f 1359/1089/1261 1360/1090/1262 1637/1399/1658
f 1358/1088/1260 1375/1396/1655 1637/1399/1658
f 1637/1399/1658 1360/1090/1262 1358/1088/1260
f 1628/1294/1512 1638/1404/1671 1361/1073/1263
f 1361/1073/1263 1345/1074/1245 1628/1294/1512
f 2251/1404/1675 2250/1293/1674 2191/1073/1264
f 2191/1073/1264 2192/1073/1264 2251/1404/1675
f 1331/1092/1266 1330/1091/1265 1617/1417/1690
f 1617/1417/1690 1363/1416/1689 1331/1092/1266
f 1333/1094/1268 1332/1093/1267 1364/1419/1692
f 1364/1419/1692 1618/1418/1691 1333/1094/1268
f 1332/1093/1267 2193/1092/1269 2253/1416/1693
f 2253/1416/1693 1364/1419/1692 1332/1093/1267
f 1335/1096/1271 1334/1095/1270 1370/1380/1639
f 1370/1380/1639 1619/1379/1638 1335/1096/1271
f 1336/1097/1272 1335/1096/1271 1619/1379/1638
f 1619/1379/1638 1371/1383/1642 1336/1097/1272
f 1337/1098/1273 1336/1097/1272 1371/1383/1642
f 1371/1383/1642 1640/1387/1646 1337/1098/1273
f 1339/1100/1275 1338/1099/1274 1372/1386/1645
f 1372/1386/1645 1373/1390/1649 1339/1100/1275
f 2034/1422/1697 1339/1100/1275 1373/1390/1649
f 1373/1390/1649 1374/1393/1652 2035/1422/1697
f 1341/1102/1277 2036/1422/1698 1374/1393/1652
f 1374/1393/1652 1376/1413/1684 1341/1102/1277
f 1330/1091/1265 1342/1091/1278 1620/1421/1695
f 1620/1421/1695 1617/1417/1690 1330/1091/1265
f 1338/1099/1274 1337/1098/1273 1640/1387/1646
f 1640/1387/1646 1372/1386/1645 1338/1099/1274
f 1782/1423/1699 1818/1424/1700 1819/1425/1701
f 1819/1425/1701 1781/1426/1702 1782/1423/1699
f 1782/1423/1699 1783/1427/1703 1815/1428/1704
f 1815/1428/1704 1818/1424/1700 1782/1423/1699
f 1784/1429/1705 1785/1430/1706 1807/1059/1707
f 1807/1059/1707 1817/1431/1708 1784/1429/1705
f 1646/1432/1709 1660/1433/1710 1786/1434/1711
f 1786/1434/1711 1787/1435/1712 1646/1432/1709
f 1646/1432/1709 1787/1435/1712 1820/1436/1713
f 1820/1436/1713 1808/1056/1714 1646/1432/1709
f 1647/1437/1715 1648/1438/1716 1645/1439/1715
f 1645/1439/1715 1644/1440/1717 1647/1437/1715
f 1664/1441/1718 2254/1439/1719 2255/1438/1720
f 2255/1438/1720 1665/1442/1721 1664/1441/1718
f 1649/1443/1722 1650/1444/1723 2037/1445/1724
f 2038/1445/1725 2039/1446/1725 1649/1443/1722
f 1650/1444/1726 1661/1447/1727 2040/1448/1728
f 2041/1448/1729 2042/1445/1729 1650/1444/1726
f 1651/1449/1730 1652/1450/1731 2043/1451/1732
f 2044/1451/1733 2045/1452/1733 1651/1449/1733
f 1652/1450/1734 1662/1453/1735 2046/1454/1736
f 2047/1454/1737 2048/1451/1737 1652/1450/1738
f 1809/1061/1739 1653/1455/1740 2256/1450/1741
f 2256/1450/1741 2049/1456/1742 1809/1061/1739
f 1653/1455/1740 1663/1457/1743 2257/1453/1744
f 2257/1453/1744 2256/1450/1741 1653/1455/1740
f 2050/1458/1745 2051/1459/1745 2052/1460/1745
f 2053/1460/1746 2054/1460/1746 2055/1458/1746
f 1810/1060/1747 1653/1455/1740 1809/1061/1739
f 1811/1062/1748 1653/1455/1740 1810/1060/1747
f 1811/1062/1748 1822/1461/1749 1663/1457/1743
f 1663/1457/1743 1653/1455/1740 1811/1062/1748
f 1667/1462/1750 1665/1442/1721 2255/1438/1720
f 2255/1438/1720 2258/1437/1751 1667/1462/1750
f 2259/1440/1752 1654/1463/1753 1785/1430/1706
f 1785/1430/1706 1788/1464/1754 2259/1440/1752
f 1785/1430/1706 1654/1463/1753 1814/1465/1755
f 1814/1465/1755 1807/1059/1707 1785/1430/1706
f 1666/1466/1756 2259/1440/1752 1788/1464/1754
f 1788/1464/1754 1789/1467/1757 1666/1466/1756
f 1790/1468/1758 1816/1469/1759 1815/1428/1704
f 1815/1428/1704 1783/1427/1703 1790/1468/1758
f 1817/1431/1708 1816/1469/1759 1790/1468/1758
f 1790/1468/1758 1784/1429/1705 1817/1431/1708
f 1819/1425/1701 1820/1436/1713 1787/1435/1712
f 1787/1435/1712 1781/1426/1702 1819/1425/1701
f 2254/1439/1719 1655/1470/1760 1654/1463/1753
f 1654/1463/1753 2259/1440/1752 2254/1439/1719
f 1814/1465/1755 1654/1463/1753 1655/1470/1760
f 1655/1470/1760 1821/1471/1761 1814/1465/1755
f 2254/1439/1719 1664/1441/1718 1658/1472/1762
f 1655/1470/1760 2254/1439/1719 1658/1472/1762
f 1655/1470/1760 1658/1472/1762 1656/1473/1763
f 1655/1470/1760 1656/1473/1763 1806/867/1764
f 1806/867/1764 1821/1471/1761 1655/1470/1760
f 1656/1473/1763 1657/1474/1765 1812/868/1766
f 1812/868/1766 1806/867/1764 1656/1473/1763
f 1812/868/1766 1657/1474/1765 1823/1475/1767
f 1823/1475/1767 1813/869/1768 1812/868/1766
f 2056/1476/1769 2057/1477/1769 2058/1478/1769
f 2059/1478/1770 2060/1479/1770 2061/1476/1770
f 1659/1480/1771 1657/1474/1765 1656/1473/1763
f 1656/1473/1763 1658/1472/1762 1659/1480/1771
f 1793/1481/1772 1823/1475/1767 1657/1474/1765
f 1657/1474/1765 1659/1480/1771 1793/1481/1772
f 1672/1482/1773 1664/1441/1718 1665/1442/1721
f 1665/1442/1721 1673/1483/1774 1672/1482/1773
f 1673/1483/1774 1665/1442/1721 1667/1462/1750
f 1667/1462/1750 1675/1484/1775 1673/1483/1774
f 1674/1485/1776 1666/1466/1756 1789/1467/1757
f 1789/1467/1757 1791/1486/1776 1674/1485/1776
f 1676/1487/1777 1658/1472/1762 1664/1441/1718
f 1664/1441/1718 1672/1482/1773 1676/1487/1777
f 1660/1433/1710 1668/1488/1778 1792/1489/1779
f 1792/1489/1779 1786/1434/1711 1660/1433/1710
f 1661/1447/1727 1669/1490/1780 2062/1491/1781
f 2063/1491/1782 2064/1448/1782 1661/1447/1727
f 1662/1453/1783 1670/1492/1784 2065/1493/1785
f 2066/1493/1786 2067/1454/1786 1662/1453/1787
f 1663/1457/1743 1671/1494/1788 2260/1492/1789
f 2260/1492/1789 2257/1453/1744 1663/1457/1743
f 1822/1461/1749 1824/1102/1790 1671/1494/1788
f 1671/1494/1788 1663/1457/1743 1822/1461/1749
f 2068/1478/1791 2069/1495/1791 2070/1496/1791
f 2071/1496/1791 2072/1479/1791 2073/1478/1791
f 1658/1472/1762 1676/1487/1777 1677/1497/1792
f 1677/1497/1792 1659/1480/1771 1658/1472/1762
f 1659/1480/1771 1677/1497/1792 1794/1091/1793
f 1794/1091/1793 1793/1481/1772 1659/1480/1771
f 1838/1498/1794 1837/1499/1795 1795/1500/1796
f 1795/1500/1796 1796/1501/1797 1838/1498/1794
f 1834/1502/1798 1797/1503/1799 1795/1500/1796
f 1795/1500/1796 1837/1499/1795 1834/1502/1798
f 1826/1409/1800 1800/1504/1801 1799/1505/1802
f 1799/1505/1802 1836/1506/1803 1826/1409/1800
f 1804/1507/1804 1694/1508/1805 1680/1509/1806
f 1680/1509/1806 1801/1510/1807 1804/1507/1804
f 1839/1511/1808 1801/1510/1807 1680/1509/1806
f 1680/1509/1806 1827/1407/1809 1839/1511/1808
f 1679/1512/1810 1682/1513/1811 1681/1514/1810
f 1681/1514/1810 1678/1515/1812 1679/1512/1810
f 2074/1516/1813 2075/1517/1813 1698/1518/1814
f 1698/1518/1815 1699/1519/1816 2076/1516/1817
f 2077/1520/1818 1684/1521/1819 1683/1522/1820
f 1683/1522/1820 2078/1523/1821 2079/1520/1821
f 2080/1524/1822 1695/1525/1823 1684/1521/1824
f 1684/1521/1824 2081/1520/1825 2082/1524/1825
f 2083/1526/1826 1686/1527/1827 1685/1528/1826
f 1685/1528/1826 2084/1529/1828 2085/1526/1828
f 2086/1530/1829 1696/1531/1830 1686/1527/1831
f 1686/1527/1832 2087/1526/1833 2088/1530/1833
f 2261/1527/1834 1687/1532/1835 1828/1410/1836
f 1828/1410/1836 2089/1533/1837 2261/1527/1834
f 2262/1531/1838 1697/1534/1839 1687/1532/1835
f 1687/1532/1835 2261/1527/1834 2262/1531/1838
f 1687/1532/1835 1829/1411/1840 1828/1410/1836
f 1687/1532/1835 1830/1412/1841 1829/1411/1840
f 1697/1534/1839 1841/1535/1842 1830/1412/1841
f 1830/1412/1841 1687/1532/1835 1697/1534/1839
f 2090/1516/1843 1699/1519/1816 1701/1536/1844
f 1701/1536/1845 2091/1537/1846 2092/1516/1846
f 1800/1504/1801 1688/1538/1847 2093/1539/1848
f 2094/1539/1849 1802/1540/1850 1800/1504/1851
f 1833/1541/1852 1688/1538/1847 1800/1504/1801
f 1800/1504/1801 1826/1409/1800 1833/1541/1852
f 1802/1540/1850 2095/1539/1853 1700/1542/1854
f 1700/1542/1854 1803/1543/1855 1802/1540/1850
f 1834/1502/1798 1835/1544/1856 1798/1545/1857
f 1798/1545/1857 1797/1503/1799 1834/1502/1798
f 1798/1545/1857 1835/1544/1856 1836/1506/1803
f 1836/1506/1803 1799/1505/1802 1798/1545/1857
f 1801/1510/1807 1839/1511/1808 1838/1498/1794
f 1838/1498/1794 1796/1501/1797 1801/1510/1807
f 1688/1538/1847 1689/1546/1858 2096/1517/1859
f 2097/1517/1860 2098/1539/1860 1688/1538/1861
f 1689/1546/1858 1688/1538/1847 1833/1541/1852
f 1833/1541/1852 1840/1547/1862 1689/1546/1858
f 1689/1546/1858 1690/1548/1863 1692/1549/1864
f 2099/1517/1865 1689/1546/1858 1692/1549/1864
f 2100/1517/1866 1692/1549/1864 1698/1518/1815
f 1825/1217/1867 1690/1548/1863 1689/1546/1858
f 1689/1546/1858 1840/1547/1862 1825/1217/1867
f 1831/1218/1868 1691/1550/1869 1690/1548/1863
f 1690/1548/1863 1825/1217/1867 1831/1218/1868
f 1842/1551/1870 1691/1550/1869 1831/1218/1868
f 1831/1218/1868 1832/1219/1871 1842/1551/1870
f 2101/1552/1872 2263/1515/1872 2264/1514/1873
f 2264/1514/1873 2102/1553/1874 2103/1552/1874
f 1690/1548/1863 1691/1550/1869 1693/1554/1875
f 1693/1554/1875 1692/1549/1864 1690/1548/1863
f 1691/1550/1869 1842/1551/1870 1805/1555/1876
f 1805/1555/1876 1693/1554/1875 1691/1550/1869
f 1699/1519/1816 1698/1518/1815 1672/1482/1773
f 1672/1482/1773 1673/1483/1774 1699/1519/1816
f 1701/1536/1844 1699/1519/1816 1673/1483/1774
f 1673/1483/1774 1675/1484/1775 1701/1536/1844
f 1803/1543/1855 1700/1542/1854 1674/1485/1776
f 1674/1485/1776 1791/1486/1776 1803/1543/1855
f 1698/1518/1815 1692/1549/1864 1676/1487/1777
f 1676/1487/1777 1672/1482/1773 1698/1518/1815
f 2104/1556/1877 1668/1488/1778 1694/1508/1878
f 1694/1508/1805 1804/1507/1804 2105/1556/1879
f 2106/1491/1880 1669/1490/1780 1695/1525/1823
f 1695/1525/1823 2107/1524/1881 2108/1491/1881
f 2109/1493/1882 1670/1492/1883 1696/1531/1884
f 1696/1531/1885 2110/1530/1886 2111/1493/1886
f 2260/1492/1789 1671/1494/1788 1697/1534/1839
f 1697/1534/1839 2262/1531/1838 2260/1492/1789
f 1671/1494/1788 1824/1102/1790 1841/1535/1842
f 1841/1535/1842 1697/1534/1839 1671/1494/1788
f 2112/1496/1887 2113/1495/1887 2114/1552/1887
f 2115/1552/1887 2116/1553/1887 2117/1496/1887
f 1677/1497/1792 1676/1487/1777 1692/1549/1864
f 1692/1549/1864 1693/1554/1875 1677/1497/1792
f 1794/1091/1793 1677/1497/1792 1693/1554/1875
f 1693/1554/1875 1805/1555/1876 1794/1091/1793
f 2118/1557/1888 2119/1558/1888 2120/1559/1888
f 2121/1559/1889 2122/1557/1889 2123/1557/1889
f 1708/1560/1890 1707/1561/1891 1702/1562/1891
f 1702/1562/1891 1703/1563/1892 1708/1560/1890
f 1709/1564/1893 1708/1560/1890 1703/1563/1892
f 1703/1563/1892 1704/1565/1894 1709/1564/1893
f 1710/1566/1895 1709/1564/1893 1704/1565/1894
f 1704/1565/1894 1705/1567/1896 1710/1566/1895
f 1711/1568/1897 1710/1566/1895 1705/1567/1896
f 1705/1567/1896 1706/1569/1897 1711/1568/1897
f 1718/1570/1898 1713/1571/1899 1712/1572/1900
f 1712/1572/1900 1717/1573/1900 1718/1570/1898
f 1719/1574/1901 1714/1575/1902 1713/1571/1899
f 1713/1571/1899 1718/1570/1898 1719/1574/1901
f 1720/1576/1903 1715/1577/1904 1714/1575/1902
f 1714/1575/1902 1719/1574/1901 1720/1576/1903
f 1721/1578/1905 1716/1579/1905 1715/1577/1904
f 1715/1577/1904 1720/1576/1903 1721/1578/1905
f 2265/1578/888 2266/1568/888 2124/1580/888
f 2125/1580/888 2126/1581/888 2265/1578/888
f 2267/1576/1906 2268/1566/1907 2269/1568/1908
f 2269/1568/1908 2270/1578/1908 2267/1576/1906
f 2271/1574/1909 2272/1564/1910 2268/1566/1907
f 2268/1566/1907 2267/1576/1906 2271/1574/1909
f 2273/1570/1911 2274/1560/1912 2272/1564/1910
f 2272/1564/1910 2271/1574/1909 2273/1570/1911
f 2275/1573/1913 2276/1561/1913 2274/1560/1912
f 2274/1560/1912 2273/1570/1911 2275/1573/1913
f 2127/1582/1344 2128/1583/1344 2277/1561/1344
f 2277/1561/1344 2278/1573/1344 2129/1582/1344
f 1726/1584/1914 1728/1157/1915 1727/1126/1916
f 1727/1126/1916 1725/1105/1917 1726/1584/1914
f 1728/1157/1915 1730/1585/1918 1729/1127/1919
f 1729/1127/1919 1727/1126/1916 1728/1157/1915
f 1730/1585/1918 1732/1160/1920 1731/1586/1921
f 1731/1586/1921 1729/1127/1919 1730/1585/1918
f 1733/1587/1922 1753/1194/1923 2279/1586/1924
f 1732/1160/1920 1734/1139/1925 2280/1587/1926
f 2280/1587/1926 1731/1586/1921 1732/1160/1920
f 2281/1139/1927 1736/1138/1928 1735/1588/1929
f 1733/1587/1922 1738/1589/1930 1737/1590/1931
f 1737/1590/1931 1753/1194/1923 1733/1587/1922
f 1739/1591/1932 1740/1592/1933 1735/1588/1929
f 1735/1588/1929 1736/1138/1928 1739/1591/1932
f 1738/1589/1930 1742/1593/1934 1741/1594/1935
f 1741/1594/1935 1737/1590/1931 1738/1589/1930
f 1743/1595/1936 1744/1596/1937 1740/1592/1933
f 1740/1592/1933 1739/1591/1932 1743/1595/1936
f 1742/1593/1934 1744/1596/1937 1743/1595/1936
f 1743/1595/1936 1741/1594/1935 1742/1593/1934
f 1745/1597/1938 1746/1598/1939 1734/1139/1925
f 1734/1139/1925 2282/1588/1940 1745/1597/1938
f 2283/1592/1941 1747/1599/1942 1745/1597/1938
f 1745/1597/1938 2282/1588/1940 2283/1592/1941
f 2283/1592/1941 2284/1596/1943 1747/1599/1942
f 2285/1593/1944 1748/1600/1945 1747/1599/1942
f 1747/1599/1942 2284/1596/1943 2285/1593/1944
f 2286/1589/1946 1749/1601/1947 1748/1600/1945
f 1748/1600/1945 2285/1593/1944 2286/1589/1946
f 2280/1587/1926 1750/1602/1948 1749/1601/1947
f 1749/1601/1947 2286/1589/1946 2280/1587/1926
f 1746/1598/1939 1750/1602/1948 2280/1587/1926
f 2280/1587/1926 1734/1139/1925 1746/1598/1939
f 2287/1597/1949 1722/1603/1950 1752/1604/1951
f 1752/1604/1951 2288/1598/1952 2287/1597/1949
f 2289/1599/1953 1751/1605/1954 1722/1603/1950
f 1722/1603/1950 2287/1597/1949 2289/1599/1953
f 2290/1600/1955 1723/1606/1956 1751/1605/1954
f 1751/1605/1954 2289/1599/1953 2290/1600/1955
f 2291/1601/1957 1723/1606/1956 2290/1600/1955
f 2292/1602/1958 1724/1607/1959 1723/1606/1956
f 1723/1606/1956 2291/1601/1957 2292/1602/1958
f 1752/1604/1951 1724/1607/1959 2292/1602/1958
f 2292/1602/1958 2288/1598/1952 1752/1604/1951
f 1758/776/1960 1844/807/1961 1843/1608/1962
f 1843/1608/1962 1757/753/1963 1758/776/1960
f 1845/777/1964 1846/1609/1965 1844/807/1961
f 1844/807/1961 1758/776/1960 1845/777/1964
f 1847/1610/1966 1848/810/1967 1846/1609/1965
f 1846/1609/1965 1845/777/1964 1847/1610/1966
f 1855/844/1968 1759/1611/1969 2293/1610/1970
f 2294/1611/1971 1849/789/1972 1848/810/1967
f 1848/810/1967 1847/1610/1966 2294/1611/1971
f 1850/790/1973 2295/789/1974 1760/1612/1975
f 1851/1613/1976 1761/1614/1977 1759/1611/1969
f 1759/1611/1969 1855/844/1968 1851/1613/1976
f 1760/1612/1975 1762/1615/1978 1852/1616/1979
f 1852/1616/1979 1850/790/1973 1760/1612/1975
f 1853/1617/1980 1763/1618/1981 1761/1614/1977
f 1761/1614/1977 1851/1613/1976 1853/1617/1980
f 1762/1615/1978 1764/1619/1982 1854/1620/1983
f 1854/1620/1983 1852/1616/1979 1762/1615/1978
f 1854/1620/1983 1764/1619/1982 1763/1618/1981
f 1763/1618/1981 1853/1617/1980 1854/1620/1983
f 1849/789/1972 1766/1621/1984 1765/1622/1985
f 1765/1622/1985 2296/1612/1986 1849/789/1972
f 1765/1622/1985 1767/1623/1987 2297/1615/1988
f 2297/1615/1988 2296/1612/1986 1765/1622/1985
f 2298/1619/1989 2297/1615/1988 1767/1623/1987
f 1767/1623/1987 1768/1624/1990 2299/1618/1991
f 2299/1618/1991 2298/1619/1989 1767/1623/1987
f 1768/1624/1990 1769/1625/1992 2300/1614/1993
f 2300/1614/1993 2299/1618/1991 1768/1624/1990
f 1769/1625/1992 1770/1626/1994 2294/1611/1971
f 2294/1611/1971 2300/1614/1993 1769/1625/1992
f 2294/1611/1971 1770/1626/1994 1766/1621/1984
f 1766/1621/1984 1849/789/1972 2294/1611/1971
f 1772/1627/1995 1754/1628/1996 2301/1622/1997
f 2301/1622/1997 2302/1621/1998 1772/1627/1995
f 1754/1628/1996 1771/1629/1999 2303/1623/2000
f 2303/1623/2000 2301/1622/1997 1754/1628/1996
f 1771/1629/1999 1755/1630/2001 2304/1624/2002
f 2304/1624/2002 2303/1623/2000 1771/1629/1999
f 1755/1630/2001 2305/1625/2003 2304/1624/2002
f 1755/1630/2001 1756/1631/2004 2306/1626/2005
f 2306/1626/2005 2305/1625/2003 1755/1630/2001
f 2306/1626/2005 1756/1631/2004 1772/1627/1995
f 1772/1627/1995 2302/1621/1998 2306/1626/2005
usemtl 24_-_Default.001
f 2310/1632/2006 2309/1633/2007 2311/1634/2008
f 2311/1634/2008 2312/1635/2009 2310/1632/2006
f 2311/1634/2008 2313/1636/2010 2312/1635/2009
f 2322/1637/2011 2308/1638/2012 2323/1639/2013
f 2323/1639/2013 2321/1640/2014 2322/1637/2011
f 2314/1641/2015 2307/1642/2016 2308/1638/2012
f 2308/1638/2012 2322/1637/2011 2314/1641/2015
f 2320/1643/2017 2322/1637/2011 2321/1640/2014
f 2319/1644/2018 2322/1637/2011 2320/1643/2017
f 2322/1637/2011 2315/1645/2019 2314/1641/2015
f 2322/1637/2011 2316/1646/2020 2315/1645/2019
f 2322/1637/2011 2317/1647/2021 2316/1646/2020
f 2322/1637/2011 2318/1648/2022 2317/1647/2021
f 2319/1644/2018 2318/1648/2022 2322/1637/2011
f 2324/1649/2023 2323/1639/2013 2308/1638/2012
f 2308/1638/2012 2325/1650/2024 2324/1649/2023
f 2325/1650/2024 2308/1638/2012 2307/1642/2016
f 2307/1642/2016 2326/1651/2025 2325/1650/2024
f 2331/1652/2026 2329/1653/2027 2330/1654/2028
f 2330/1654/2028 2332/1655/2029 2331/1652/2026
f 2333/1656/2030 2331/1652/2026 2332/1655/2029
f 2343/1657/2031 2328/1658/2032 2342/1659/2033
f 2342/1659/2033 2341/1660/2034 2343/1657/2031
f 2328/1658/2032 2327/1661/2035 2334/1662/2036
f 2334/1662/2036 2342/1659/2033 2328/1658/2032
f 2342/1659/2033 2340/1663/2037 2341/1660/2034
f 2342/1659/2033 2339/1664/2038 2340/1663/2037
f 2335/1665/2039 2342/1659/2033 2334/1662/2036
f 2336/1666/2040 2342/1659/2033 2335/1665/2039
f 2337/1667/2041 2342/1659/2033 2336/1666/2040
f 2338/1668/2042 2342/1659/2033 2337/1667/2041
f 2338/1668/2042 2339/1664/2038 2342/1659/2033
f 2328/1658/2032 2343/1657/2031 2324/1649/2023
f 2324/1649/2023 2325/1650/2024 2328/1658/2032
f 2327/1661/2035 2328/1658/2032 2325/1650/2024
f 2325/1650/2024 2326/1651/2025 2327/1661/2035
f 2346/1669/2043 2344/1670/2044 2345/1671/2045
f 2345/1671/2045 2353/1672/2046 2346/1669/2043
f 2355/1673/2047 2352/1674/2048 2353/1672/2046
f 2354/1675/2049 2355/1673/2047 2353/1672/2046
f 2354/1675/2049 2353/1672/2046 2345/1671/2045
f 2352/1674/2048 2351/1676/2050 2353/1672/2046
f 2350/1677/2051 2353/1672/2046 2351/1676/2050
f 2350/1677/2051 2349/1678/2052 2353/1672/2046
f 2349/1678/2052 2348/1679/2053 2353/1672/2046
f 2347/1680/2054 2353/1672/2046 2348/1679/2053
f 2346/1669/2043 2353/1672/2046 2347/1680/2054
f 2344/1670/2044 2356/1681/2055 2357/1682/2056
f 2357/1682/2056 2345/1671/2045 2344/1670/2044
f 2345/1671/2045 2357/1682/2056 2358/1683/2057
f 2358/1683/2057 2354/1675/2049 2345/1671/2045
f 2360/1684/2058 2359/1685/2059 2361/1686/2060
f 2361/1686/2060 2368/1687/2061 2360/1684/2058
f 2369/1688/2062 2360/1684/2058 2368/1687/2061
f 2370/1689/2063 2369/1688/2062 2368/1687/2061
f 2370/1689/2063 2368/1687/2061 2367/1690/2064
f 2366/1691/2065 2367/1690/2064 2368/1687/2061
f 2368/1687/2061 2365/1692/2066 2366/1691/2065
f 2364/1693/2067 2365/1692/2066 2368/1687/2061
f 2363/1694/2068 2364/1693/2067 2368/1687/2061
f 2368/1687/2061 2362/1695/2069 2363/1694/2068
f 2368/1687/2061 2361/1686/2060 2362/1695/2069
f 2357/1682/2056 2356/1681/2055 2359/1685/2059
f 2359/1685/2059 2360/1684/2058 2357/1682/2056
f 2358/1683/2057 2357/1682/2056 2360/1684/2058
f 2360/1684/2058 2369/1688/2062 2358/1683/2057
f 2373/1696/2070 2371/1697/2071 2372/1698/2072
f 2374/1699/2073 2372/1698/2072 2371/1697/2071
f 2371/1697/2071 2375/1700/2074 2374/1699/2073
f 2376/1701/2075 2378/1702/2076 2377/1703/2077
f 2377/1703/2077 2379/1704/2078 2376/1701/2075
f 2380/1705/2079 2376/1701/2075 2379/1704/2078
f 2384/1706/2080 2383/1707/2081 2381/1708/2080
f 2381/1708/2080 2382/1709/2082 2384/1706/2080
f 2385/1710/2083 2387/1711/2084 2388/1712/2083
f 2388/1712/2083 2386/1713/2085 2385/1710/2083
f 2406/1714/2086 2405/1715/2087 2403/1716/2088
f 2403/1716/2088 2404/1717/2089 2406/1714/2086
f 2408/1718/2090 2407/1719/2091 2405/1715/2087
f 2405/1715/2087 2406/1714/2086 2408/1718/2090
f 2410/1720/2092 2409/1721/2093 2407/1719/2091
f 2407/1719/2091 2408/1718/2090 2410/1720/2092
f 2412/1722/2094 2411/1723/2095 2409/1721/2093
f 2409/1721/2093 2410/1720/2092 2412/1722/2094
f 2638/1724/2096 2637/1725/2097 2449/1726/2098
f 2449/1726/2098 2450/1727/2099 2638/1724/2096
f 2468/1728/2100 2455/1729/2101 2454/1730/2102
f 2469/1731/2103 2438/1732/2104 2440/1733/2105
f 2440/1733/2105 2470/1734/2106 2469/1731/2103
f 2470/1734/2106 2440/1733/2105 2441/1735/2107
f 2441/1735/2107 2471/1736/2108 2470/1734/2106
f 2471/1736/2108 2441/1735/2107 2442/1737/2109
f 2442/1737/2109 2472/1738/2110 2471/1736/2108
f 2472/1738/2110 2442/1737/2109 2443/1739/2111
f 2443/1739/2111 2473/1740/2112 2472/1738/2110
f 2473/1740/2112 2443/1739/2111 2444/1741/2113
f 2444/1741/2113 2474/1742/2114 2473/1740/2112
f 2474/1742/2114 2444/1741/2113 2445/1743/2115
f 2445/1743/2115 2478/1744/2116 2474/1742/2114
f 2445/1743/2115 2446/1745/2117 2475/1746/2118
f 2475/1746/2118 2478/1744/2116 2445/1743/2115
f 2475/1746/2118 2446/1745/2117 2459/1747/2119
f 2475/1746/2118 2459/1747/2119 2460/1748/2120
f 2460/1748/2120 2476/1749/2121 2475/1746/2118
f 2476/1749/2121 2460/1748/2120 2461/1750/2122
f 2461/1750/2122 2477/1751/2123 2476/1749/2121
f 2540/1752/2124 2541/1753/2125 2536/1754/2126
f 2536/1754/2126 2537/1755/2127 2540/1752/2124
f 2541/1753/2125 2538/1756/2128 2539/1757/2129
f 2539/1757/2129 2536/1754/2126 2541/1753/2125
f 2498/1758/2130 2483/1759/2131 2482/1760/2132
f 2482/1760/2132 2499/1761/2133 2498/1758/2130
f 2499/1761/2133 2482/1760/2132 2481/1762/2134
f 2481/1762/2134 2500/1763/2135 2499/1761/2133
f 2500/1763/2135 2481/1762/2134 2480/1764/2136
f 2480/1764/2136 2501/1765/2137 2500/1763/2135
f 2501/1765/2137 2480/1764/2136 2479/1766/2138
f 2479/1766/2138 2502/1767/2139 2501/1765/2137
f 2502/1767/2139 2479/1766/2138 2431/1768/2140
f 2502/1767/2139 2431/1768/2140 2430/1769/2141
f 2430/1769/2141 2503/1770/2142 2502/1767/2139
f 2503/1770/2142 2430/1769/2141 2429/1771/2143
f 2429/1771/2143 2504/1772/2144 2503/1770/2142
f 2504/1772/2144 2429/1771/2143 2428/1773/2145
f 2428/1773/2145 2505/1774/2146 2504/1772/2144
f 2505/1774/2146 2428/1773/2145 2427/1775/2147
f 2427/1775/2147 2506/1776/2148 2505/1774/2146
f 2506/1776/2148 2427/1775/2147 2426/1777/2149
f 2426/1777/2149 2507/1778/2150 2506/1776/2148
f 2468/1728/2100 2451/1779/2151 3270/1780/2152
f 2452/1781/2153 2451/1779/2151 2468/1728/2100
f 2468/1728/2100 2453/1782/2154 2452/1781/2153
f 2454/1730/2102 2453/1782/2154 2468/1728/2100
f 2436/1783/2155 2437/1784/2156 2448/1785/2157
f 2448/1785/2157 2447/1786/2158 2436/1783/2155
f 2435/1787/2159 2436/1783/2155 2447/1786/2158
f 2447/1786/2158 2434/1788/2160 2435/1787/2159
f 2491/1789/2161 2492/1790/2162 2493/1791/2163
f 2491/1789/2161 2493/1791/2163 2432/1792/2164
f 2491/1789/2161 2432/1792/2164 2433/1793/2165
f 2493/1791/2163 2495/1794/2166 2494/1795/2167
f 2494/1795/2167 2432/1792/2164 2493/1791/2163
f 2508/1796/2168 2510/1797/2169 2509/1798/2170
f 2509/1798/2170 2511/1799/2171 2508/1796/2168
f 2511/1799/2171 2509/1798/2170 2512/1800/2172
f 2512/1800/2172 2513/1801/2173 2511/1799/2171
f 2514/1802/2174 2513/1801/2173 2512/1800/2172
f 2512/1800/2172 2515/1803/2175 2514/1802/2174
f 2516/1804/2176 3695/1797/2177 3696/1796/2178
f 3696/1796/2178 2517/1805/2179 2516/1804/2176
f 3697/1798/2180 3695/1797/2177 2516/1804/2176
f 2516/1804/2176 2518/1806/2181 3697/1798/2180
f 3698/1800/2182 3697/1798/2180 2518/1806/2181
f 2518/1806/2181 2519/1807/2183 3698/1800/2182
f 3699/1803/2184 3698/1800/2182 2519/1807/2183
f 2519/1807/2183 2520/1808/2185 3699/1803/2184
f 3700/1802/2186 3699/1803/2184 2520/1808/2185
f 2520/1808/2185 2521/1809/2187 3700/1802/2186
f 3701/1801/2188 3700/1802/2186 2521/1809/2187
f 2521/1809/2187 2522/1810/2189 3701/1801/2188
f 3702/1799/2190 3701/1801/2188 2522/1810/2189
f 2522/1810/2189 2523/1811/2191 3702/1799/2190
f 3696/1796/2178 3702/1799/2190 2523/1811/2191
f 2523/1811/2191 2517/1805/2179 3696/1796/2178
f 3703/1731/2192 3704/1751/2193 2585/1812/2194
f 2585/1812/2194 2586/1813/2195 3703/1731/2192
f 3705/1758/2196 3706/1778/2197 2603/1814/2198
f 2603/1814/2198 2604/1815/2199 3705/1758/2196
f 3707/1777/2200 2424/1816/2201 3706/1778/2197
f 2605/1817/2202 2603/1814/2198 3706/1778/2197
f 3706/1778/2197 2424/1816/2201 2605/1817/2202
f 2424/1816/2201 2391/1818/2203 2605/1817/2202
f 2391/1818/2203 2424/1816/2201 2425/1819/2204
f 2425/1819/2204 2413/1820/2205 2391/1818/2203
f 2425/1819/2204 2587/1821/2206 2413/1820/2205
f 3703/1731/2192 2439/1822/2207 3708/1732/2208
f 3703/1731/2192 2586/1813/2195 2588/1823/2209
f 2588/1823/2209 2439/1822/2207 3703/1731/2192
f 2439/1822/2207 2588/1823/2209 2587/1821/2206
f 2587/1821/2206 2425/1819/2204 2439/1822/2207
f 2484/1824/2210 3709/1759/2211 3705/1758/2196
f 2485/1825/2212 2484/1824/2210 3705/1758/2196
f 2486/1826/2213 2485/1825/2212 3705/1758/2196
f 2490/1827/2214 2486/1826/2213 3705/1758/2196
f 2602/1828/2215 2490/1827/2214 3705/1758/2196
f 3705/1758/2196 2604/1815/2199 2602/1828/2215
f 2467/1829/2216 2524/1830/2217 3710/1751/2218
f 3710/1751/2218 2466/1831/2219 2467/1829/2216
f 2589/1832/2220 2590/1833/2221 3711/1830/2222
f 3711/1830/2222 3712/1829/2223 2589/1832/2220
f 2599/1834/2224 2584/1835/2225 2589/1832/2220
f 2589/1832/2220 3712/1829/2223 2599/1834/2224
f 3713/1751/2226 2465/1836/2227 3714/1831/2228
f 3713/1751/2226 2464/1837/2229 2465/1836/2227
f 3713/1751/2226 2463/1838/2230 2464/1837/2229
f 3713/1751/2226 2462/1839/2231 2463/1838/2230
f 3713/1751/2226 3715/1750/2232 2462/1839/2231
f 2526/1840/2233 2525/1841/2234 2411/1723/2095
f 2411/1723/2095 2412/1722/2094 2526/1840/2233
f 2528/1842/2235 2527/1843/2236 3716/1841/2237
f 3716/1841/2237 3717/1840/2238 2528/1842/2235
f 2530/1844/2239 2529/1845/2240 2527/1843/2236
f 2527/1843/2236 2528/1842/2235 2530/1844/2239
f 2532/1846/2241 2531/1847/2242 2529/1845/2240
f 2529/1845/2240 2530/1844/2239 2532/1846/2241
f 2534/1848/2243 2533/1849/2244 3271/1850/2245
f 3272/1850/2246 3273/1851/2246 2534/1848/2247
f 2404/1717/2089 2403/1716/2088 2533/1849/2244
f 2533/1849/2244 2534/1848/2243 2404/1717/2089
f 2392/1852/2248 2415/1853/2249 2414/1854/2250
f 2414/1854/2250 2393/1855/2251 2392/1852/2248
f 3274/1856/2252 3275/1857/2252 2416/1858/2253
f 2416/1858/2253 2394/1859/2254 3276/1856/2252
f 2394/1859/2254 2416/1858/2253 2418/1860/2255
f 2418/1860/2255 2395/1861/2256 2394/1859/2254
f 2395/1861/2256 2418/1860/2255 2420/1862/2257
f 2420/1862/2257 2396/1863/2258 2395/1861/2256
f 2397/1864/2259 2417/1865/2260 3277/1866/2261
f 3278/1866/2262 3279/1867/2262 2397/1864/2263
f 2398/1868/2264 2419/1869/2265 2417/1865/2260
f 2417/1865/2260 2397/1864/2259 2398/1868/2264
f 2399/1870/2266 2421/1871/2267 2419/1869/2265
f 2419/1869/2265 2398/1868/2264 2399/1870/2266
f 2400/1872/2268 2423/1873/2269 2421/1871/2267
f 2421/1871/2267 2399/1870/2266 2400/1872/2268
f 2396/1863/2258 2420/1862/2257 2422/1874/2270
f 2422/1874/2270 2401/1875/2271 2396/1863/2258
f 2536/1754/2126 2488/1876/2272 2489/1877/2273
f 2489/1877/2273 2537/1755/2127 2536/1754/2126
f 2538/1756/2128 2496/1878/2274 2487/1879/2275
f 2487/1879/2275 2539/1757/2129 2538/1756/2128
f 2539/1757/2129 2487/1879/2275 2488/1876/2272
f 2488/1876/2272 2536/1754/2126 2539/1757/2129
f 2540/1752/2124 2497/1880/2276 2535/1881/2277
f 2535/1881/2277 2541/1753/2125 2540/1752/2124
f 2537/1755/2127 2489/1877/2273 2497/1880/2276
f 2497/1880/2276 2540/1752/2124 2537/1755/2127
f 2541/1753/2125 2535/1881/2277 2496/1878/2274
f 2496/1878/2274 2538/1756/2128 2541/1753/2125
f 2458/1882/2278 2457/1883/2279 2583/1884/2278
f 2583/1884/2278 2390/1885/2280 2458/1882/2278
f 2543/1707/2281 2550/1886/2282 2549/1887/2283
f 2549/1887/2283 2542/1888/2284 2543/1707/2281
f 2544/1889/2285 2542/1888/2284 2549/1887/2283
f 2544/1889/2285 2549/1887/2283 2548/1890/2286
f 2548/1890/2286 3280/1891/2287 2544/1889/2285
f 2545/1706/2288 2551/1892/2289 2550/1886/2282
f 2550/1886/2282 2543/1707/2281 2545/1706/2288
f 2546/1893/2290 2552/1894/2291 3281/1895/2292
f 3282/1895/2293 3283/1896/2293 2546/1893/2294
f 2547/1897/2295 2553/1898/2296 2552/1894/2291
f 2552/1894/2291 2546/1893/2290 2547/1897/2295
f 2402/1899/2297 2592/1900/2298 2553/1898/2296
f 2553/1898/2296 2547/1897/2295 2402/1899/2297
f 2593/1901/2299 2591/1902/2300 2600/1903/2301
f 2593/1901/2299 2600/1903/2301 3284/1904/2302
f 2593/1901/2299 3285/1904/2303 2554/1905/2304
f 2555/1906/2305 2563/1907/2306 2564/1908/2307
f 2564/1908/2307 2556/1909/2308 2555/1906/2305
f 3286/1910/2309 3287/1911/2309 2565/1912/2310
f 2565/1912/2311 2557/1913/2312 3288/1910/2313
f 2557/1913/2312 2565/1912/2311 2566/1914/2314
f 2566/1914/2314 2558/1915/2315 2557/1913/2312
f 2558/1915/2315 2566/1914/2314 2567/1916/2316
f 2567/1916/2316 2559/1917/2317 2558/1915/2315
f 2559/1917/2317 2567/1916/2316 2568/1918/2318
f 2568/1918/2318 2560/1919/2319 2559/1917/2317
f 2560/1919/2319 2568/1918/2318 2569/1920/2320
f 2569/1920/2320 2561/1921/2321 2560/1919/2319
f 2561/1921/2321 2569/1920/2320 2570/1922/2322
f 2570/1922/2322 2562/1923/2323 2561/1921/2321
f 2562/1923/2323 2570/1922/2322 2563/1907/2306
f 2563/1907/2306 2555/1906/2305 2562/1923/2323
f 2554/1905/2304 2571/1924/2324 2594/1925/2325
f 2594/1925/2325 2593/1901/2299 2554/1905/2304
f 3704/1751/2193 3711/1830/2222 2590/1833/2221
f 2590/1833/2221 2585/1812/2194 3704/1751/2193
f 2571/1924/2324 2572/1926/2326 2595/1927/2327
f 2595/1927/2327 2594/1925/2325 2571/1924/2324
f 2581/1928/2328 2580/1929/2328 2579/1930/2328
f 2579/1930/2328 2582/1931/2328 2581/1928/2328
f 2597/1932/2329 3718/1927/2330 3719/1926/2331
f 3719/1926/2331 2573/1933/2332 2597/1932/2329
f 3289/1934/2333 2575/1935/2334 2576/1936/2335
f 3290/1934/2336 2576/1936/2335 2596/1937/2337
f 3291/1934/2338 2596/1937/2337 3292/1938/2338
f 2574/1939/2339 3720/1937/2340 3721/1936/2341
f 2574/1939/2339 3721/1936/2341 2577/1940/2342
f 2574/1939/2339 2577/1940/2342 3293/1941/2343
f 3722/1872/2344 3294/1942/2345 2578/1943/2346
f 2578/1943/2346 3723/1873/2347 3722/1872/2344
f 3295/1944/2348 3296/1945/2348 3724/1935/2349
f 3724/1935/2350 3297/1934/2351 3298/1944/2351
f 2575/1935/2334 3725/1930/2352 3726/1929/2353
f 3726/1929/2353 2576/1936/2335 2575/1935/2334
f 3721/1936/2354 3727/1929/2355 3299/1946/2355
f 3300/1946/2356 2577/1940/2342 3721/1936/2341
f 3301/1942/2357 3302/1947/2357 3303/1948/2357
f 3304/1948/2358 2578/1943/2359 3305/1942/2358
f 3306/1945/2360 3307/1949/2360 3728/1930/2361
f 3728/1930/2361 3729/1935/2362 3308/1945/2362
f 3309/1950/2363 3310/1951/2363 3311/1952/2363
f 3730/1903/2364 2601/1953/2365 3312/1954/2366
f 3313/1954/2367 3314/1904/2367 3730/1903/2368
f 3731/1902/2369 2598/1955/2370 2601/1953/2365
f 2601/1953/2365 3730/1903/2364 3731/1902/2369
f 2587/1821/2206 2616/1956/2371 2624/1957/2372
f 2624/1957/2372 2413/1820/2205 2587/1821/2206
f 2628/1958/2373 2604/1815/2199 2603/1814/2198
f 2603/1814/2198 2629/1959/2374 2628/1958/2373
f 2629/1959/2374 2603/1814/2198 2605/1817/2202
f 2605/1817/2202 2630/1960/2375 2629/1959/2374
f 2630/1960/2375 2605/1817/2202 2391/1818/2203
f 2391/1818/2203 2625/1961/2376 2630/1960/2375
f 2602/1828/2215 2604/1815/2199 2628/1958/2373
f 2628/1958/2373 2626/1962/2377 2602/1828/2215
f 2389/1963/2251 2611/1964/2328 2606/1965/2251
f 2607/1966/2378 2389/1963/2251 2606/1965/2251
f 2608/1967/2379 2609/1968/2380 2590/1833/2221
f 2590/1833/2221 2589/1832/2220 2608/1967/2379
f 2585/1812/2194 2613/1969/2381 2614/1970/2382
f 2614/1970/2382 2586/1813/2195 2585/1812/2194
f 2586/1813/2195 2614/1970/2382 2615/1971/2383
f 2615/1971/2383 2588/1823/2209 2586/1813/2195
f 2588/1823/2209 2615/1971/2383 2616/1956/2371
f 2616/1956/2371 2587/1821/2206 2588/1823/2209
f 2584/1835/2225 2612/1972/2384 2608/1967/2379
f 2608/1967/2379 2589/1832/2220 2584/1835/2225
f 2402/1899/2297 2617/1973/2385 2618/1974/2385
f 2618/1974/2385 2592/1900/2298 2402/1899/2297
f 2593/1901/2299 2619/1975/2386 2620/1976/2251
f 2620/1976/2251 2591/1902/2300 2593/1901/2299
f 2594/1925/2325 2621/1977/2387 2619/1975/2386
f 2619/1975/2386 2593/1901/2299 2594/1925/2325
f 2609/1968/2380 2613/1969/2381 2585/1812/2194
f 2585/1812/2194 2590/1833/2221 2609/1968/2380
f 2595/1927/2327 2622/1978/2388 2621/1977/2387
f 2621/1977/2387 2594/1925/2325 2595/1927/2327
f 2597/1932/2329 2610/1979/2389 3732/1978/2390
f 3732/1978/2390 3718/1927/2330 2597/1932/2329
f 3731/1902/2369 3733/1976/2391 2623/1980/2391
f 2623/1980/2391 2598/1955/2370 3731/1902/2369
f 2413/1820/2205 2624/1957/2372 2625/1961/2376
f 2625/1961/2376 2391/1818/2203 2413/1820/2205
f 3734/1874/2392 2632/1981/2393 2631/1982/2394
f 2631/1982/2394 3736/1875/2395 3734/1874/2392
f 2632/1981/2393 2633/1983/2396 2634/1984/2397
f 2632/1981/2393 2634/1984/2397 2635/1985/2398
f 2632/1981/2393 2635/1985/2398 2636/1986/2399
f 2636/1986/2399 2627/1987/2400 2631/1982/2394
f 2632/1981/2393 2636/1986/2399 2631/1982/2394
f 2637/1725/2097 2640/1988/2401 3315/1989/2402
f 3316/1989/2403 2449/1726/2098 2637/1725/2097
f 2456/1990/2404 2639/1991/2405 2638/1724/2096
f 2638/1724/2096 2450/1727/2099 2456/1990/2404
f 3317/1989/2406 2640/1988/2401 2639/1991/2405
f 2639/1991/2405 2456/1990/2404 3318/1989/2407
f 2639/1991/2405 2640/1988/2401 2637/1725/2097
f 2637/1725/2097 2638/1724/2096 2639/1991/2405
f 3319/1992/2408 3320/1993/2408 2641/1994/2409
f 3321/1995/2410 3322/1992/2410 2641/1994/2410
f 3323/1996/2411 3324/1995/2411 2641/1994/2411
f 3325/1997/2412 3326/1996/2412 2641/1994/2412
f 3327/1998/2413 3328/1997/2413 2641/1994/2414
f 3329/1999/2415 3330/1998/2415 2641/1994/2409
f 3331/2000/2416 3332/1999/2416 2641/1994/2417
f 3333/2001/2418 3334/2000/2418 2641/1994/2419
f 3335/2002/2420 3336/2001/2420 2641/1994/2420
f 3337/1993/2421 3338/2002/2421 2641/1994/2421
f 2646/2003/2422 2648/2004/2423 2649/2005/2424
f 2649/2005/2424 2647/2006/2425 2646/2003/2422
f 2648/2004/2423 2650/2007/2426 2651/2008/2427
f 2651/2008/2427 2649/2005/2424 2648/2004/2423
f 2650/2007/2426 2652/2009/2428 2653/2010/2429
f 2653/2010/2429 2651/2008/2427 2650/2007/2426
f 2652/2009/2428 2654/2011/2430 2655/2012/2431
f 2655/2012/2431 2653/2010/2429 2652/2009/2428
f 2692/2013/2432 2867/2014/2433 2868/2015/2434
f 2868/2015/2434 2693/2016/2435 2692/2013/2432
f 2697/2017/2436 2698/2018/2437 2711/2019/2438
f 2683/2020/2439 2681/2021/2440 2712/2022/2441
f 2712/2022/2441 2713/2023/2442 2683/2020/2439
f 2684/2024/2443 2683/2020/2439 2713/2023/2442
f 2713/2023/2442 2714/2025/2444 2684/2024/2443
f 2685/2026/2445 2684/2024/2443 2714/2025/2444
f 2714/2025/2444 2715/2027/2446 2685/2026/2445
f 2686/2028/2447 2685/2026/2445 2715/2027/2446
f 2715/2027/2446 2716/2029/2448 2686/2028/2447
f 2687/2030/2449 2686/2028/2447 2716/2029/2448
f 2716/2029/2448 2717/2031/2450 2687/2030/2449
f 2688/2032/2451 2687/2030/2449 2717/2031/2450
f 2717/2031/2450 2721/2033/2452 2688/2032/2451
f 2718/2034/2453 2689/2035/2454 2688/2032/2451
f 2688/2032/2451 2721/2033/2452 2718/2034/2453
f 2702/2036/2455 2689/2035/2454 2718/2034/2453
f 2703/2037/2456 2702/2036/2455 2718/2034/2453
f 2718/2034/2453 2719/2038/2457 2703/2037/2456
f 2704/2039/2458 2703/2037/2456 2719/2038/2457
f 2719/2038/2457 2720/2040/2459 2704/2039/2458
f 2791/2041/2460 2796/2042/2461 2795/2043/2462
f 2795/2043/2462 2792/2044/2463 2791/2041/2460
f 2794/2045/2464 2793/2046/2465 2796/2042/2461
f 2796/2042/2461 2791/2041/2460 2794/2045/2464
f 2725/2047/2466 2726/2048/2467 2741/2049/2468
f 2741/2049/2468 2742/2050/2469 2725/2047/2466
f 2724/2051/2470 2725/2047/2466 2742/2050/2469
f 2742/2050/2469 2743/2052/2471 2724/2051/2470
f 2723/2053/2472 2724/2051/2470 2743/2052/2471
f 2743/2052/2471 2744/2054/2473 2723/2053/2472
f 2722/2055/2474 2723/2053/2472 2744/2054/2473
f 2744/2054/2473 2745/2056/2475 2722/2055/2474
f 2674/2057/2476 2722/2055/2474 2745/2056/2475
f 2673/2058/2477 2674/2057/2476 2745/2056/2475
f 2745/2056/2475 2746/2059/2478 2673/2058/2477
f 2672/2060/2479 2673/2058/2477 2746/2059/2478
f 2746/2059/2478 2747/2061/2480 2672/2060/2479
f 2671/2062/2481 2672/2060/2479 2747/2061/2480
f 2747/2061/2480 2748/2063/2482 2671/2062/2481
f 2670/2064/2483 2671/2062/2481 2748/2063/2482
f 2748/2063/2482 2749/2065/2484 2670/2064/2483
f 2669/2066/2485 2670/2064/2483 2749/2065/2484
f 2749/2065/2484 2750/2067/2486 2669/2066/2485
f 2694/2068/2487 2695/2069/2488 2711/2019/2438
f 3339/2070/2489 2694/2068/2487 2711/2019/2438
f 2695/2069/2488 2696/2071/2490 2711/2019/2438
f 2711/2019/2438 2696/2071/2490 2697/2017/2436
f 2691/2072/2491 2680/2073/2492 2679/2074/2493
f 2679/2074/2493 2690/2075/2494 2691/2072/2491
f 2690/2075/2494 2679/2074/2493 2678/2076/2495
f 2678/2076/2495 2677/2077/2496 2690/2075/2494
f 2734/2078/2497 2676/2079/2498 2675/2080/2499
f 2734/2078/2497 2675/2080/2499 2736/2081/2500
f 2734/2078/2497 2736/2081/2500 2735/2082/2501
f 2737/2083/2502 2738/2084/2503 2736/2081/2500
f 2736/2081/2500 2675/2080/2499 2737/2083/2502
f 2752/2085/2504 2753/2086/2505 2751/2087/2506
f 2751/2087/2506 2754/2088/2507 2752/2085/2504
f 2755/2089/2508 2752/2085/2504 2754/2088/2507
f 2754/2088/2507 2756/2090/2509 2755/2089/2508
f 2755/2089/2508 2756/2090/2509 2757/2091/2510
f 2757/2091/2510 2758/2092/2511 2755/2089/2508
f 3757/2087/2512 3758/2086/2513 2759/2093/2514
f 2759/2093/2514 2760/2094/2515 3757/2087/2512
f 2759/2093/2514 3758/2086/2513 3759/2085/2516
f 3759/2085/2516 2761/2095/2517 2759/2093/2514
f 2761/2095/2517 3759/2085/2516 3760/2089/2518
f 3760/2089/2518 2762/2096/2519 2761/2095/2517
f 2762/2096/2519 3760/2089/2518 3761/2092/2520
f 3761/2092/2520 2763/2097/2521 2762/2096/2519
f 2763/2097/2521 3761/2092/2520 3762/2091/2522
f 3762/2091/2522 2764/2098/2523 2763/2097/2521
f 2764/2098/2523 3762/2091/2522 3763/2090/2524
f 3763/2090/2524 2765/2099/2525 2764/2098/2523
f 2765/2099/2525 3763/2090/2524 3764/2088/2526
f 3764/2088/2526 2766/2100/2527 2765/2099/2525
f 2766/2100/2527 3764/2088/2526 3757/2087/2512
f 3757/2087/2512 2760/2094/2515 2766/2100/2527
f 2839/2101/2528 3765/2040/2529 3766/2022/2530
f 3766/2022/2530 2840/2102/2531 2839/2101/2528
f 2857/2103/2532 3767/2067/2533 3768/2049/2534
f 3768/2049/2534 2858/2104/2535 2857/2103/2532
f 3767/2067/2533 2667/2105/2536 3769/2066/2537
f 3767/2067/2533 2857/2103/2532 2859/2106/2538
f 2859/2106/2538 2667/2105/2536 3767/2067/2533
f 2859/2106/2538 2644/2107/2539 2667/2105/2536
f 2668/2108/2540 2667/2105/2536 2644/2107/2539
f 2644/2107/2539 2656/2109/2541 2668/2108/2540
f 2656/2109/2541 2841/2110/2542 2668/2108/2540
f 3770/2021/2543 2682/2111/2544 3766/2022/2530
f 2842/2112/2545 2840/2102/2531 3766/2022/2530
f 3766/2022/2530 2682/2111/2544 2842/2112/2545
f 2841/2110/2542 2842/2112/2545 2682/2111/2544
f 2682/2111/2544 2668/2108/2540 2841/2110/2542
f 3768/2049/2534 3771/2048/2546 2727/2113/2547
f 3768/2049/2534 2727/2113/2547 2728/2114/2548
f 3768/2049/2534 2728/2114/2548 2729/2115/2549
f 3768/2049/2534 2729/2115/2549 2733/2116/2550
f 3768/2049/2534 2733/2116/2550 2856/2117/2551
f 2856/2117/2551 2858/2104/2535 3768/2049/2534
f 3772/2040/2552 2767/2118/2553 2710/2119/2554
f 2710/2119/2554 2709/2120/2555 3772/2040/2552
f 3773/2118/2556 2844/2121/2557 2843/2122/2558
f 2843/2122/2558 3774/2119/2559 3773/2118/2556
f 2843/2122/2558 2838/2123/2560 2853/2124/2561
f 2853/2124/2561 3774/2119/2559 2843/2122/2558
f 3775/2120/2562 2708/2125/2563 3776/2040/2564
f 2708/2125/2563 2707/2126/2565 3776/2040/2564
f 2707/2126/2565 2706/2127/2566 3776/2040/2564
f 2706/2127/2566 2705/2128/2567 3776/2040/2564
f 2705/2128/2567 3777/2039/2568 3776/2040/2564
f 2768/2129/2569 2770/2130/2570 2769/2131/2571
f 2769/2131/2571 2771/2132/2572 2768/2129/2569
f 2770/2130/2570 2772/2133/2573 2769/2131/2571
f 2772/2133/2573 2773/2134/2574 2771/2132/2572
f 2771/2132/2572 2769/2131/2571 2772/2133/2573
f 2770/2130/2570 2768/2129/2569 2773/2134/2574
f 2773/2134/2574 2772/2133/2573 2770/2130/2570
f 2778/2135/2575 2775/2136/2576 2774/2137/2577
f 2779/2138/2578 2777/2139/2579 2776/2140/2580
f 2775/2136/2576 2778/2135/2575 2779/2138/2578
f 2779/2138/2578 2776/2140/2580 2775/2136/2576
f 2774/2137/2577 2777/2139/2579 2779/2138/2578
f 2779/2138/2578 2778/2135/2575 2774/2137/2577
f 2654/2011/2430 2780/2141/2581 2781/2142/2582
f 2781/2142/2582 2655/2012/2431 2654/2011/2430
f 3778/2141/2583 2782/2143/2584 2783/2144/2585
f 2783/2144/2585 3779/2142/2586 3778/2141/2583
f 2782/2143/2584 2784/2145/2587 2785/2146/2588
f 2785/2146/2588 2783/2144/2585 2782/2143/2584
f 2784/2145/2587 2786/2147/2589 2787/2148/2590
f 2787/2148/2590 2785/2146/2588 2784/2145/2587
f 3340/2149/2591 2788/2150/2592 2789/2151/2593
f 2789/2151/2594 3341/2152/2595 3342/2149/2595
f 2788/2150/2592 2646/2003/2422 2647/2006/2425
f 2647/2006/2425 2789/2151/2593 2788/2150/2592
f 2657/2153/2596 2658/2154/2597 2392/1852/2248
f 2392/1852/2248 2393/1855/2251 2657/2153/2596
f 2659/2155/2598 3343/2156/2599 3344/1856/2599
f 3345/1856/2599 2394/1859/2254 2659/2155/2600
f 2661/2157/2601 2659/2155/2600 2394/1859/2254
f 2394/1859/2254 2395/1861/2256 2661/2157/2601
f 2663/2158/2602 2661/2157/2601 2395/1861/2256
f 2395/1861/2256 2396/1863/2258 2663/2158/2602
f 3346/2159/2603 2660/2160/2604 3347/2161/2603
f 3348/2161/2605 3349/2162/2605 3350/2159/2605
f 2660/2160/2606 2662/2163/2607 3351/2164/2608
f 3352/2164/2609 3353/2161/2609 2660/2160/2606
f 2662/2163/2607 2664/2165/2610 3354/2166/2611
f 3355/2166/2612 3356/2164/2612 2662/2163/2607
f 2664/2165/2610 2666/2167/2613 3357/2168/2613
f 3358/2168/2614 3359/2166/2614 2664/2165/2610
f 2665/2169/2615 2663/2158/2602 2396/1863/2258
f 2396/1863/2258 2401/1875/2271 2665/2169/2615
f 2732/2170/2616 2731/2171/2617 2791/2041/2460
f 2791/2041/2460 2792/2044/2463 2732/2170/2616
f 2730/2172/2618 2739/2173/2619 2793/2046/2465
f 2793/2046/2465 2794/2045/2464 2730/2172/2618
f 2731/2171/2617 2730/2172/2618 2794/2045/2464
f 2794/2045/2464 2791/2041/2460 2731/2171/2617
f 2790/2174/2620 2740/2175/2621 2795/2043/2462
f 2795/2043/2462 2796/2042/2461 2790/2174/2620
f 2740/2175/2621 2732/2170/2616 2792/2044/2463
f 2792/2044/2463 2795/2043/2462 2740/2175/2621
f 2739/2173/2619 2790/2174/2620 2796/2042/2461
f 2796/2042/2461 2793/2046/2465 2739/2173/2619
f 2837/2176/2622 2700/2177/2623 2701/2178/2622
f 2701/2178/2622 2643/2179/2624 2837/2176/2622
f 2804/2180/2625 2805/2181/2626 2798/1711/2627
f 2798/1711/2627 2797/2182/2628 2804/2180/2625
f 2804/2180/2625 2797/2182/2628 2799/2183/2629
f 2803/2184/2630 2804/2180/2625 2799/2183/2629
f 2799/2183/2629 3360/2185/2631 2803/2184/2630
f 2805/2181/2626 2806/2186/2632 2800/1712/2633
f 2800/1712/2633 2798/1711/2627 2805/2181/2626
f 3361/2187/2634 2807/2188/2635 2801/2189/2636
f 2801/2189/2637 3362/2190/2638 3363/2187/2638
f 2807/2188/2635 2808/2191/2639 2802/2192/2640
f 2802/2192/2640 2801/2189/2636 2807/2188/2635
f 2808/2191/2639 2846/2193/2641 2645/2194/2642
f 2645/2194/2642 2802/2192/2640 2808/2191/2639
f 2847/2195/2643 2809/2196/2644 3364/2197/2645
f 2847/2195/2643 3365/2197/2646 2854/2198/2647
f 2847/2195/2643 2854/2198/2647 2845/2199/2648
f 2819/2200/2649 2818/2201/2650 2810/2202/2651
f 2810/2202/2651 2811/2203/2652 2819/2200/2649
f 2820/2204/2653 3366/2205/2654 3367/2206/2654
f 3368/2206/2655 2812/2207/2656 2820/2204/2653
f 2821/2208/2657 2820/2204/2653 2812/2207/2656
f 2812/2207/2656 2813/2209/2658 2821/2208/2657
f 2822/2210/2659 2821/2208/2657 2813/2209/2658
f 2813/2209/2658 2814/2211/2660 2822/2210/2659
f 2823/2212/2661 2822/2210/2659 2814/2211/2660
f 2814/2211/2660 2815/2213/2662 2823/2212/2661
f 2824/2214/2663 2823/2212/2661 2815/2213/2662
f 2815/2213/2662 2816/2215/2664 2824/2214/2663
f 2825/2216/2665 2824/2214/2663 2816/2215/2664
f 2816/2215/2664 2817/2217/2666 2825/2216/2665
f 2818/2201/2650 2825/2216/2665 2817/2217/2666
f 2817/2217/2666 2810/2202/2651 2818/2201/2650
f 2848/2218/2667 2826/2219/2668 2809/2196/2644
f 2809/2196/2644 2847/2195/2643 2848/2218/2667
f 2844/2121/2557 3773/2118/2556 3765/2040/2529
f 3765/2040/2529 2839/2101/2528 2844/2121/2557
f 2849/2220/2669 2827/2221/2670 2826/2219/2668
f 2826/2219/2668 2848/2218/2667 2849/2220/2669
f 2833/2222/2328 2834/2223/2328 2835/1947/2328
f 2835/1947/2328 2836/1948/2328 2833/2222/2328
f 3780/2221/2671 3781/2220/2672 2851/2224/2673
f 2851/2224/2673 2828/2225/2674 3780/2221/2671
f 3369/2226/2675 3370/2227/2675 2850/2228/2676
f 3371/2226/2677 2850/2228/2676 2830/2229/2678
f 3372/2226/2679 2830/2229/2678 2829/2230/2680
f 2574/1939/2681 3373/1941/2682 2831/2231/2683
f 2574/1939/2681 2831/2231/2683 3782/2229/2684
f 2574/1939/2681 3782/2229/2684 3783/2228/2685
f 3374/2168/2686 3784/2167/2686 2873/2232/2687
f 3375/2168/2688 2873/2232/2689 2832/2233/2690
f 3376/2168/2691 2832/2233/2692 3377/2234/2691
f 3785/2230/2693 3378/2235/2694 3379/2236/2694
f 3785/2230/2695 3380/2236/2696 3381/2237/2696
f 3785/2230/2693 3382/2237/2697 3383/2226/2697
f 3786/2223/2698 3787/2222/2699 2829/2230/2680
f 2829/2230/2680 2830/2229/2678 3786/2223/2698
f 3384/2238/2700 3788/2223/2700 3782/2229/2701
f 3782/2229/2684 2831/2231/2683 3385/2238/2702
f 3386/1931/2703 3387/1928/2703 3388/2234/2703
f 3389/2234/2704 2832/2233/2705 3390/1931/2704
f 3789/2222/2706 3391/2239/2707 3392/2235/2707
f 3393/2235/2708 3790/2230/2708 3789/2222/2706
f 3394/2240/2709 3395/2241/2709 3396/2242/2709
f 3397/2243/2710 2855/2244/2711 3791/2198/2712
f 3791/2198/2713 3398/2197/2714 3399/2243/2714
f 2855/2244/2711 2852/2245/2715 3792/2199/2716
f 3792/2199/2716 3791/2198/2712 2855/2244/2711
f 2624/1957/2372 2616/1956/2371 2841/2110/2542
f 2841/2110/2542 2656/2109/2541 2624/1957/2372
f 2857/2103/2532 2858/2104/2535 2628/1958/2373
f 2628/1958/2373 2629/1959/2374 2857/2103/2532
f 2859/2106/2538 2857/2103/2532 2629/1959/2374
f 2629/1959/2374 2630/1960/2375 2859/2106/2538
f 2644/2107/2539 2859/2106/2538 2630/1960/2375
f 2630/1960/2375 2625/1961/2376 2644/2107/2539
f 2628/1958/2373 2858/2104/2535 2856/2117/2551
f 2856/2117/2551 2626/1962/2377 2628/1958/2373
f 2860/2246/2251 3009/2247/2328 2642/2248/2251
f 2860/2246/2251 2642/2248/2251 2861/2249/2717
f 2844/2121/2557 2609/1968/2380 2608/1967/2379
f 2608/1967/2379 2843/2122/2558 2844/2121/2557
f 2614/1970/2382 2613/1969/2381 2839/2101/2528
f 2839/2101/2528 2840/2102/2531 2614/1970/2382
f 2615/1971/2383 2614/1970/2382 2840/2102/2531
f 2840/2102/2531 2842/2112/2545 2615/1971/2383
f 2616/1956/2371 2615/1971/2383 2842/2112/2545
f 2842/2112/2545 2841/2110/2542 2616/1956/2371
f 2608/1967/2379 2612/1972/2384 2838/2123/2560
f 2838/2123/2560 2843/2122/2558 2608/1967/2379
f 2618/1974/2385 2617/1973/2385 2645/2194/2642
f 2645/2194/2642 2846/2193/2641 2618/1974/2385
f 2620/1976/2251 2619/1975/2386 2847/2195/2643
f 2847/2195/2643 2845/2199/2648 2620/1976/2251
f 2619/1975/2386 2621/1977/2387 2848/2218/2667
f 2848/2218/2667 2847/2195/2643 2619/1975/2386
f 2839/2101/2528 2613/1969/2381 2609/1968/2380
f 2609/1968/2380 2844/2121/2557 2839/2101/2528
f 2621/1977/2387 2622/1978/2388 2849/2220/2669
f 2849/2220/2669 2848/2218/2667 2621/1977/2387
f 3732/1978/2390 2610/1979/2389 2851/2224/2673
f 2851/2224/2673 3781/2220/2672 3732/1978/2390
f 2623/1980/2391 3733/1976/2391 3792/2199/2716
f 3792/2199/2716 2852/2245/2715 2623/1980/2391
f 2625/1961/2376 2624/1957/2372 2656/2109/2541
f 2656/2109/2541 2644/2107/2539 2625/1961/2376
f 2631/1982/2394 2862/2250/2718 3794/2169/2719
f 3794/2169/2719 3736/1875/2395 2631/1982/2394
f 2864/2251/2720 2863/2252/2721 2862/2250/2718
f 2631/1982/2394 2627/1987/2400 2866/2253/2722
f 2631/1982/2394 2866/2253/2722 2865/2254/2723
f 2862/2250/2718 2631/1982/2394 2865/2254/2723
f 2864/2251/2720 2862/2250/2718 2865/2254/2723
f 3400/2255/2724 2870/2256/2725 2867/2014/2433
f 2867/2014/2433 2692/2013/2432 3401/2255/2726
f 2868/2015/2434 2869/2257/2727 2699/2258/2728
f 2699/2258/2728 2693/2016/2435 2868/2015/2434
f 2869/2257/2727 2870/2256/2725 3402/2255/2729
f 3403/2255/2730 2699/2258/2728 2869/2257/2727
f 2867/2014/2433 2870/2256/2725 2869/2257/2727
f 2869/2257/2727 2868/2015/2434 2867/2014/2433
f 2871/2259/2731 3404/2260/2731 3405/2261/2731
f 2871/2259/2732 3406/2261/2732 3407/2262/2732
f 2871/2259/2733 3408/2262/2733 3409/2263/2733
f 2871/2259/2734 3410/2263/2734 3411/2264/2734
f 2871/2259/2735 3412/2264/2735 3413/2265/2735
f 2871/2259/2736 3414/2265/2736 3415/2266/2736
f 2871/2259/2737 3416/2266/2737 3417/2267/2737
f 2871/2259/2738 3418/2267/2738 3419/2268/2738
f 2871/2259/2739 3420/2268/2739 3421/2269/2739
f 2871/2259/2740 3422/2269/2740 3423/2260/2740
f 2872/1932/2741 3424/1979/2742 2610/1979/2389
f 2610/1979/2389 2597/1932/2329 2872/1932/2741
f 3425/1979/2743 3426/2224/2743 2851/2224/2673
f 2851/2224/2673 2610/1979/2389 3427/1979/2744
f 2883/2270/2745 2884/2271/2746 2882/2272/2747
f 2883/2270/2745 2886/2273/2748 2885/2274/2749
f 2885/2274/2749 2884/2271/2746 2883/2270/2745
f 2886/2273/2748 2888/2275/2750 2887/2276/2751
f 2887/2276/2751 2885/2274/2749 2886/2273/2748
f 2889/2277/2752 2880/2278/2753 2886/2273/2748
f 2889/2277/2752 2886/2273/2748 2883/2270/2745
f 2889/2277/2752 2883/2270/2745 2891/2279/2754
f 2890/2280/2755 2888/2275/2750 2886/2273/2748
f 2886/2273/2748 2880/2278/2753 2890/2280/2755
f 2894/2281/2756 2895/2282/2757 2881/2283/2758
f 2891/2279/2754 2883/2270/2745 2892/2284/2759
f 2881/2283/2758 2891/2279/2754 2892/2284/2759
f 2881/2283/2758 2892/2284/2759 2893/2285/2760
f 2894/2281/2756 2881/2283/2758 2893/2285/2760
f 2896/2286/2761 2879/2287/2762 3818/2283/2763
f 3818/2283/2763 3819/2282/2764 2896/2286/2761
f 2897/2288/2765 2875/2289/2766 2874/2290/2767
f 2874/2290/2767 2898/2291/2768 2897/2288/2765
f 3820/2280/2769 3821/2278/2770 2879/2287/2762
f 2879/2287/2762 2896/2286/2761 3820/2280/2769
f 2899/2292/2771 2896/2286/2761 3819/2282/2764
f 3819/2282/2764 2900/2293/2772 2899/2292/2771
f 2901/2294/2773 2899/2292/2771 2900/2293/2772
f 2900/2293/2772 2902/2295/2774 2901/2294/2773
f 2898/2291/2768 3820/2280/2769 2896/2286/2761
f 2896/2286/2761 2897/2288/2765 2898/2291/2768
f 2903/2296/2775 2877/2297/2776 2878/2298/2777
f 2878/2298/2777 2904/2299/2778 2903/2296/2775
f 2905/2300/2779 2903/2296/2775 2904/2299/2778
f 2904/2299/2778 2906/2301/2780 2905/2300/2779
f 2907/2302/2781 2876/2303/2782 2875/2289/2766
f 2875/2289/2766 2897/2288/2765 2907/2302/2781
f 2904/2299/2778 2878/2298/2777 2876/2303/2782
f 2876/2303/2782 2907/2302/2781 2904/2299/2778
f 2907/2302/2781 2897/2288/2765 2896/2286/2761
f 2896/2286/2761 2904/2299/2778 2907/2302/2781
f 2899/2292/2771 2901/2294/2773 2906/2301/2780
f 2899/2292/2771 2906/2301/2780 2904/2299/2778
f 2899/2292/2771 2904/2299/2778 2896/2286/2761
f 2903/2296/2775 2909/2304/2783 2908/2305/2784
f 2903/2296/2775 2908/2305/2784 2911/2306/2785
f 2903/2296/2775 2911/2306/2785 2877/2297/2776
f 2905/2300/2779 2910/2307/2786 2915/2308/2787
f 2905/2300/2779 2915/2308/2787 2916/2309/2788
f 2916/2309/2788 2909/2304/2783 2903/2296/2775
f 2905/2300/2779 2916/2309/2788 2903/2296/2775
f 2908/2305/2784 2913/2310/2789 2914/2311/2790
f 2908/2305/2784 2914/2311/2790 2912/2312/2791
f 2908/2305/2784 2912/2312/2791 2911/2306/2785
f 2917/2313/2792 2914/2311/2790 2913/2310/2789
f 2913/2310/2789 2918/2314/2793 2917/2313/2792
f 2928/2315/2794 2927/2316/2795 2929/2317/2796
f 2930/2318/2797 2931/2319/2798 2928/2315/2794
f 2928/2315/2794 2929/2317/2796 2930/2318/2797
f 2932/2320/2799 2933/2321/2800 2931/2319/2798
f 2931/2319/2798 2930/2318/2797 2932/2320/2799
f 2934/2322/2801 2936/2323/2802 2928/2315/2794
f 2934/2322/2801 2928/2315/2794 2931/2319/2798
f 2934/2322/2801 2931/2319/2798 2925/2324/2803
f 2931/2319/2798 2933/2321/2800 2935/2325/2804
f 2935/2325/2804 2925/2324/2803 2931/2319/2798
f 2937/2326/2805 2928/2315/2794 2936/2323/2802
f 2937/2326/2805 2936/2323/2802 2926/2327/2806
f 2926/2327/2806 2940/2328/2807 2939/2329/2808
f 2926/2327/2806 2939/2329/2808 2938/2330/2809
f 2937/2326/2805 2926/2327/2806 2938/2330/2809
f 3822/2327/2810 2924/2331/2811 2941/2332/2812
f 2941/2332/2812 3823/2328/2813 3822/2327/2810
f 2919/2333/2814 2920/2334/2766 2942/2335/2815
f 2942/2335/2815 2943/2336/2816 2919/2333/2814
f 2924/2331/2811 3824/2324/2770 3825/2325/2817
f 3825/2325/2817 2941/2332/2812 2924/2331/2811
f 3823/2328/2813 2941/2332/2812 2944/2337/2818
f 2944/2337/2818 2945/2338/2819 3823/2328/2813
f 2945/2338/2819 2944/2337/2818 2901/2294/2773
f 2901/2294/2773 2902/2295/2774 2945/2338/2819
f 2941/2332/2812 3825/2325/2817 2943/2336/2816
f 2943/2336/2816 2942/2335/2815 2941/2332/2812
f 2923/2339/2820 2922/2340/2821 2946/2341/2822
f 2946/2341/2822 2947/2342/2823 2923/2339/2820
f 2947/2342/2823 2946/2341/2822 2948/2300/2824
f 2948/2300/2824 2906/2301/2780 2947/2342/2823
f 2920/2334/2766 2921/2343/2825 2949/2344/2826
f 2949/2344/2826 2942/2335/2815 2920/2334/2766
f 2921/2343/2825 2923/2339/2820 2947/2342/2823
f 2947/2342/2823 2949/2344/2826 2921/2343/2825
f 2941/2332/2812 2942/2335/2815 2949/2344/2826
f 2949/2344/2826 2947/2342/2823 2941/2332/2812
f 2944/2337/2818 2941/2332/2812 2947/2342/2823
f 2944/2337/2818 2947/2342/2823 2906/2301/2780
f 2944/2337/2818 2906/2301/2780 2901/2294/2773
f 2946/2341/2822 2922/2340/2821 2952/2345/2827
f 2946/2341/2822 2952/2345/2827 2950/2346/2828
f 2946/2341/2822 2950/2346/2828 2951/2347/2829
f 2956/2348/2830 2960/2307/2831 2948/2300/2824
f 2946/2341/2822 2951/2347/2829 2957/2349/2832
f 2948/2300/2824 2946/2341/2822 2957/2349/2832
f 2956/2348/2830 2948/2300/2824 2957/2349/2832
f 2950/2346/2828 2952/2345/2827 2953/2350/2833
f 2950/2346/2828 2953/2350/2833 2955/2351/2834
f 2950/2346/2828 2955/2351/2834 2954/2352/2835
f 2954/2352/2835 2955/2351/2834 2958/2353/2836
f 2958/2353/2836 2959/2354/2837 2954/2352/2835
f 2961/2355/2838 2962/2356/2839 2963/2357/2838
f 2963/2357/2838 2964/2358/2840 2961/2355/2838
f 2967/2359/2841 2966/2360/2842 2965/2361/2841
f 2965/2361/2841 2968/2362/2843 2967/2359/2841
f 2977/2363/2844 2969/2364/2845 2970/2365/2846
f 2970/2365/2846 2976/2366/2847 2977/2363/2844
f 2976/2366/2847 2970/2365/2846 2971/2367/2848
f 2971/2367/2848 2975/2368/2849 2976/2366/2847
f 2975/2368/2849 2971/2367/2848 2972/2369/2850
f 2972/2369/2850 2978/2370/2851 2975/2368/2849
f 2978/2370/2851 2972/2369/2850 2973/2371/2852
f 2973/2371/2852 2974/2372/2853 2978/2370/2851
f 2987/2373/2854 2988/2374/2855 2979/2375/2856
f 2979/2375/2856 2980/2376/2857 2987/2373/2854
f 2987/2373/2854 2980/2376/2857 2981/2377/2858
f 2981/2377/2858 2986/2378/2859 2987/2373/2854
f 2986/2378/2859 2981/2377/2858 2982/2379/2860
f 2982/2379/2860 2985/2380/2861 2986/2378/2859
f 2984/2381/888 2985/2380/2861 2982/2379/2860
f 2982/2379/2860 2983/2382/888 2984/2381/888
f 2990/2383/2862 2989/2384/2863 2997/2385/2864
f 2997/2385/2864 2996/2386/2865 2990/2383/2862
f 2991/2387/2866 2990/2383/2862 2996/2386/2865
f 2996/2386/2865 2995/2388/2867 2991/2387/2866
f 2992/2389/2868 2991/2387/2866 2995/2388/2867
f 2995/2388/2867 2998/2390/2869 2992/2389/2868
f 2993/2391/2870 2992/2389/2868 2998/2390/2869
f 2998/2390/2869 2994/2392/2871 2993/2391/2870
f 2999/2393/2872 3008/2394/2873 3007/2395/2874
f 3007/2395/2874 3000/2396/2875 2999/2393/2872
f 3001/2397/2876 3000/2396/2875 3007/2395/2874
f 3007/2395/2874 3006/2398/2877 3001/2397/2876
f 3002/2399/2878 3001/2397/2876 3006/2398/2877
f 3006/2398/2877 3005/2400/2879 3002/2399/2878
f 3002/2399/2878 3005/2400/2879 3004/2401/1344
f 3004/2401/1344 3003/2402/1344 3002/2399/2878
f 3010/2403/2880 3013/2404/2881 3012/2405/2882
f 3012/2405/2882 3011/2406/2883 3010/2403/2880
f 3014/2407/2884 3015/2408/2885 3013/2404/2881
f 3013/2404/2881 3010/2403/2880 3014/2407/2884
f 3016/2409/2886 3019/2410/2887 3018/2411/2888
f 3018/2411/2888 3017/2412/2889 3016/2409/2886
f 3020/2413/2890 3023/2414/2891 3022/2415/2892
f 3022/2415/2892 3021/2416/2893 3020/2413/2890
f 3024/2417/2894 3025/2418/2895 3019/2410/2887
f 3019/2410/2887 3016/2409/2886 3024/2417/2894
f 3026/2419/2896 3027/2420/2328 3025/2418/2895
f 3025/2418/2895 3024/2417/2894 3026/2419/2896
f 3028/2421/2897 3029/2422/2898 3015/2408/2885
f 3015/2408/2885 3014/2407/2884 3028/2421/2897
f 3017/2412/2889 3018/2411/2888 3029/2422/2898
f 3029/2422/2898 3028/2421/2897 3017/2412/2889
f 3011/2406/2883 3012/2405/2882 3023/2414/2891
f 3023/2414/2891 3020/2413/2890 3011/2406/2883
f 3030/2423/2899 3031/2424/2328 3027/2420/2328
f 3027/2420/2328 3026/2419/2896 3030/2423/2899
f 3021/2416/2893 3022/2415/2892 3033/2425/2900
f 3033/2425/2900 3032/2426/2901 3021/2416/2893
f 3011/2406/2883 3035/2427/2902 3034/2428/2903
f 3011/2406/2883 3034/2428/2903 3036/2429/2904
f 3010/2403/2880 3011/2406/2883 3036/2429/2904
f 3010/2403/2880 3036/2429/2904 3037/2430/2905
f 3010/2403/2880 3037/2430/2905 3040/2431/2906
f 3010/2403/2880 3040/2431/2906 3039/2432/2907
f 3010/2403/2880 3039/2432/2907 3038/2433/2908
f 3014/2407/2884 3010/2403/2880 3038/2433/2908
f 3041/2434/2909 3016/2409/2886 3017/2412/2889
f 3017/2412/2889 3042/2435/2910 3041/2434/2909
f 3043/2436/2911 3020/2413/2890 3021/2416/2893
f 3021/2416/2893 3044/2437/2912 3043/2436/2911
f 3045/2438/2913 3024/2417/2894 3016/2409/2886
f 3016/2409/2886 3041/2434/2909 3050/2439/2914
f 3016/2409/2886 3050/2439/2914 3049/2440/2915
f 3016/2409/2886 3049/2440/2915 3046/2441/2916
f 3045/2438/2913 3016/2409/2886 3046/2441/2916
f 3046/2441/2916 3048/2442/2917 3047/2443/2918
f 3045/2438/2913 3046/2441/2916 3047/2443/2918
f 3051/2444/2919 3026/2419/2896 3024/2417/2894
f 3024/2417/2894 3045/2438/2913 3051/2444/2919
f 3052/2445/2920 3028/2421/2897 3014/2407/2884
f 3014/2407/2884 3038/2433/2908 3052/2445/2920
f 3042/2435/2910 3017/2412/2889 3028/2421/2897
f 3028/2421/2897 3052/2445/2920 3042/2435/2910
f 3035/2427/2902 3011/2406/2883 3020/2413/2890
f 3020/2413/2890 3043/2436/2911 3035/2427/2902
f 3030/2423/2899 3026/2419/2896 3051/2444/2919
f 3051/2444/2919 3053/2446/2921 3030/2423/2899
f 3044/2437/2912 3021/2416/2893 3032/2426/2901
f 3032/2426/2901 3054/2447/2922 3044/2437/2912
f 3055/2448/2923 3051/2444/2919 3045/2438/2913
f 3045/2438/2913 3047/2443/2918 3055/2448/2923
f 3053/2446/2921 3051/2444/2919 3055/2448/2923
f 3055/2448/2923 3056/2449/2924 3053/2446/2921
f 3058/2450/2925 3057/2451/2926 3067/2452/2927
f 3067/2452/2927 3068/2453/2928 3058/2450/2925
f 3057/2451/2926 3059/2454/2929 3069/2455/2930
f 3069/2455/2930 3067/2452/2927 3057/2451/2926
f 3061/2456/2931 3062/2457/2932 3072/2458/2933
f 3072/2458/2933 3071/2459/2934 3061/2456/2931
f 3066/2460/2935 3063/2461/2936 3073/2462/2937
f 3073/2462/2937 3076/2463/2938 3066/2460/2935
f 3062/2457/2932 3064/2464/2939 3074/2465/2940
f 3074/2465/2940 3072/2458/2933 3062/2457/2932
f 3064/2464/2939 3065/2466/2328 3075/2467/2941
f 3075/2467/2941 3074/2465/2940 3064/2464/2939
f 3059/2454/2929 3060/2468/2942 3070/2469/2943
f 3070/2469/2943 3069/2455/2930 3059/2454/2929
f 3060/2468/2942 3061/2456/2931 3071/2459/2934
f 3071/2459/2934 3070/2469/2943 3060/2468/2942
f 3063/2461/2936 3058/2450/2925 3068/2453/2928
f 3068/2453/2928 3073/2462/2937 3063/2461/2936
f 3065/2466/2328 3031/2424/2328 3030/2423/2899
f 3030/2423/2899 3075/2467/2941 3065/2466/2328
f 3033/2425/2944 3066/2460/2935 3076/2463/2938
f 3076/2463/2938 3428/2470/2944 3033/2425/2944
f 3087/2471/2945 3078/2472/2946 3068/2453/2928
f 3077/2473/2947 3087/2471/2945 3068/2453/2928
f 3077/2473/2947 3068/2453/2928 3067/2452/2927
f 3089/2474/2948 3077/2473/2947 3067/2452/2927
f 3090/2475/2949 3089/2474/2948 3067/2452/2927
f 3088/2476/2950 3090/2475/2949 3067/2452/2927
f 3079/2477/2951 3088/2476/2950 3067/2452/2927
f 3079/2477/2951 3067/2452/2927 3069/2455/2930
f 3071/2459/2934 3072/2458/2933 3082/2478/2952
f 3082/2478/2952 3081/2479/2953 3071/2459/2934
f 3076/2463/2938 3073/2462/2937 3083/2480/2954
f 3083/2480/2954 3086/2481/2955 3076/2463/2938
f 3084/2482/2956 3092/2483/2957 3091/2484/2958
f 3094/2485/2959 3082/2478/2952 3072/2458/2933
f 3093/2486/2960 3094/2485/2959 3072/2458/2933
f 3091/2484/2958 3093/2486/2960 3072/2458/2933
f 3072/2458/2933 3074/2465/2940 3095/2487/2961
f 3091/2484/2958 3072/2458/2933 3095/2487/2961
f 3084/2482/2956 3091/2484/2958 3095/2487/2961
f 3074/2465/2940 3075/2467/2941 3096/2488/2962
f 3096/2488/2962 3095/2487/2961 3074/2465/2940
f 3069/2455/2930 3070/2469/2943 3080/2489/2963
f 3080/2489/2963 3079/2477/2951 3069/2455/2930
f 3070/2469/2943 3071/2459/2934 3081/2479/2953
f 3081/2479/2953 3080/2489/2963 3070/2469/2943
f 3073/2462/2937 3068/2453/2928 3078/2472/2946
f 3078/2472/2946 3083/2480/2954 3073/2462/2937
f 3096/2488/2962 3075/2467/2941 3030/2423/2899
f 3030/2423/2899 3053/2446/2921 3096/2488/2962
f 3429/2470/2964 3076/2463/2938 3086/2481/2955
f 3086/2481/2965 3054/2447/2966 3430/2470/2967
f 3095/2487/2961 3096/2488/2962 3085/2490/2968
f 3085/2490/2968 3084/2482/2956 3095/2487/2961
f 3085/2490/2968 3096/2488/2962 3053/2446/2921
f 3053/2446/2921 3056/2449/2924 3085/2490/2968
f 3104/2491/2969 3114/1966/2969 3431/2492/2969
f 3432/2492/2969 3433/2493/2969 3104/2491/2969
f 3434/2494/2970 3108/2495/2971 3098/2496/2972
f 3098/2496/2972 3435/2497/2973 3436/2494/2973
f 3437/2498/2974 3112/2499/2975 3097/2500/2976
f 3097/2500/2977 3438/2501/2978 3439/2498/2978
f 3440/2502/2979 3100/2503/2980 3099/2504/2981
f 3099/2504/2981 3441/2505/2982 3442/2502/2982
f 3443/2506/2983 3101/2507/2984 3100/2503/2985
f 3100/2503/2985 3444/2502/2986 3445/2506/2986
f 3446/2508/2987 3102/2509/2988 3101/2507/2984
f 3101/2507/2984 3447/2506/2989 3448/2508/2989
f 3449/2510/2990 3113/2511/2991 3102/2509/2992
f 3102/2509/2988 3450/2508/2993 3451/2510/2993
f 3452/2512/2994 3103/2500/2994 3826/2491/2995
f 3097/2500/2977 3826/2491/2995 3453/2493/2996
f 3454/2493/2997 3455/2501/2997 3097/2500/2977
f 3456/2513/2998 3457/2514/2998 3105/2515/2999
f 3105/2515/3000 3458/2516/3001 3459/2513/3001
f 3106/2517/3002 3460/2518/3003 3461/2519/3003
f 3462/2519/3004 3109/2520/3005 3106/2517/3006
f 3107/2521/3007 3463/2522/3008 3464/2518/3008
f 3465/2518/3009 3106/2517/3002 3107/2521/3010
f 3108/2495/3011 3466/2494/3012 3467/2522/3012
f 3468/2522/3013 3107/2521/3007 3108/2495/2971
f 3109/2520/3014 3469/2519/3015 3470/2523/3015
f 3471/2523/3016 3110/2524/3017 3109/2520/3005
f 3110/2524/3018 3472/2523/3019 3473/2525/3019
f 3474/2525/3020 3111/2526/3021 3110/2524/3022
f 3111/2526/3021 3475/2525/3023 3476/2505/3023
f 3477/2505/3024 3099/2504/3025 3111/2526/3026
f 3112/2499/2975 3478/2498/3027 3479/2516/3027
f 3480/2516/3028 3105/2515/3000 3112/2499/2975
f 3114/1966/2969 3481/1965/2969 3482/2492/2969
f 3483/2510/3029 3484/2527/3029 3115/2528/3029
f 3115/2528/3029 3113/2511/3030 3485/2510/3029
f 3486/2529/2969 3133/2249/2969 3123/2530/2969
f 3123/2530/2969 3487/2531/2969 3488/2529/2969
f 3117/2532/3031 3127/2533/3032 3489/2534/3033
f 3490/2534/3034 3491/2535/3034 3117/2532/3031
f 3116/2536/3035 3131/2537/3036 3492/2538/3037
f 3493/2538/3038 3494/2539/3038 3116/2536/3035
f 3118/2540/3039 3119/2541/3040 3495/2542/3041
f 3496/2542/3042 3497/2543/3042 3118/2540/3039
f 3119/2541/3043 3120/2544/3044 3498/2545/3045
f 3499/2545/3046 3500/2542/3046 3119/2541/3047
f 3120/2544/3044 3121/2546/3048 3501/2547/3049
f 3502/2547/3050 3503/2545/3050 3120/2544/3044
f 3121/2546/3051 3132/2548/3052 3504/2549/3053
f 3505/2549/3054 3506/2547/3054 3121/2546/3048
f 3122/2536/3055 3507/2550/3055 3827/2530/3056
f 3508/2531/3057 3827/2530/3056 3116/2536/3058
f 3116/2536/3058 3509/2539/3059 3510/2531/3059
f 3124/2551/3060 3511/2552/3061 3512/2553/3061
f 3513/2553/3062 3514/2554/3062 3124/2551/3063
f 3515/2555/3064 3516/2556/3064 3125/2557/3065
f 3125/2557/3066 3128/2558/3067 3517/2555/3068
f 3518/2556/3069 3519/2559/3069 3126/2560/3070
f 3126/2560/3070 3125/2557/3065 3520/2556/3071
f 3521/2559/3072 3522/2534/3072 3127/2533/3032
f 3127/2533/3032 3126/2560/3070 3523/2559/3073
f 3524/2561/3074 3525/2555/3074 3128/2558/3075
f 3128/2558/3067 3129/2562/3076 3526/2561/3077
f 3527/2563/3078 3528/2561/3078 3129/2562/3079
f 3129/2562/3080 3130/2564/3081 3529/2563/3082
f 3530/2543/3083 3531/2563/3083 3130/2564/3084
f 3130/2564/3085 3118/2540/3086 3532/2543/3087
f 3533/2554/3088 3534/2538/3088 3131/2537/3036
f 3131/2537/3036 3124/2551/3089 3535/2554/3090
f 3536/2246/2969 3133/2249/2969 3537/2529/2969
f 3538/2565/3091 3539/2566/3091 3540/2549/3091
f 3541/2549/3091 3132/2548/3092 3542/2565/3091
f 3138/2567/3093 3137/2568/3093 3136/2569/3093
f 3201/2570/3094 3141/2571/3095 3134/2572/3096
f 3134/2572/3096 3135/2573/3097 3201/2570/3094
f 3141/2571/3095 3165/2574/3098 3828/2569/3099
f 3828/2569/3099 3134/2572/3096 3141/2571/3095
f 3165/2574/3098 3142/2575/3100 3829/2567/3101
f 3829/2567/3101 3828/2569/3099 3165/2574/3098
f 3142/2575/3100 3139/2576/3102 3829/2567/3101
f 3142/2575/3100 3143/2577/3103 3140/2578/3104
f 3140/2578/3104 3139/2576/3102 3142/2575/3100
f 3140/2578/3104 3143/2577/3103 3201/2570/3094
f 3201/2570/3094 3135/2573/3097 3140/2578/3104
f 3144/2579/3105 3146/2580/3106 3160/2581/3107
f 3160/2581/3107 3157/2582/3105 3144/2579/3105
f 3145/2583/3108 3830/2579/3109 3831/2582/3108
f 3831/2582/3108 3158/2584/3110 3145/2583/3108
f 3147/2585/3111 3543/2586/3112 3544/2587/3112
f 3545/2587/3113 3161/2588/3114 3147/2585/3111
f 3146/2580/3106 3148/2589/3115 3162/2590/3116
f 3162/2590/3116 3160/2581/3107 3146/2580/3106
f 3149/2591/3117 3147/2585/3111 3161/2588/3114
f 3161/2588/3114 3163/2592/3118 3149/2591/3117
f 3148/2589/3115 3150/2593/3119 3159/2594/3120
f 3159/2594/3120 3162/2590/3116 3148/2589/3115
f 3151/2595/3121 3149/2591/3117 3163/2592/3118
f 3163/2592/3118 3164/2596/3122 3151/2595/3121
f 3150/2593/3119 3166/2597/3123 3546/2598/3124
f 3547/2598/3125 3159/2594/3120 3150/2593/3119
f 3200/2599/3126 3151/2595/3121 3164/2596/3122
f 3164/2596/3122 3548/2600/3127 3200/2599/3126
f 3152/2601/3128 3200/2599/3129 3549/2600/3130
f 3550/2600/3131 3551/2602/3131 3152/2601/3128
f 3166/2597/3123 3153/2603/3132 3552/2604/3133
f 3553/2604/3134 3554/2598/3134 3166/2597/3123
f 3154/2605/3135 3152/2601/3136 3555/2602/3137
f 3556/2602/3138 3557/2606/3138 3154/2605/3135
f 3153/2603/3139 3155/2607/3140 3558/2608/3141
f 3559/2608/3142 3560/2604/3142 3153/2603/3139
f 3156/2609/3143 3154/2605/3144 3561/2606/3145
f 3562/2606/3146 3563/2610/3146 3156/2609/3147
f 3155/2607/3140 3564/2611/3148 3565/2612/3148
f 3566/2612/3149 3567/2608/3149 3155/2607/3140
f 3568/2613/3150 3569/2614/3150 3570/2615/3150
f 3571/2615/3151 3572/2616/3151 3573/2613/3151
f 3574/2616/3152 3575/2615/3152 3576/2617/3152
f 3577/2617/3153 3578/2618/3153 3579/2616/3153
f 3580/2618/3154 3581/2617/3154 3582/2619/3154
f 3583/2619/3155 3584/2620/3155 3585/2618/3155
f 3586/2620/3156 3587/2619/3156 3832/2578/3157
f 3832/2578/3158 3834/2573/3159 3588/2620/3159
f 3167/2621/3160 3170/2622/3161 3168/2623/3162
f 3168/2623/3162 3169/2624/3163 3167/2621/3160
f 3168/2623/3162 3170/2622/3161 3171/2625/3164
f 3171/2625/3164 3172/2626/3165 3168/2623/3162
f 3168/2623/3162 3172/2626/3165 3173/2627/3166
f 3173/2627/3166 3174/2628/3167 3169/2624/3163
f 3169/2624/3163 3168/2623/3162 3173/2627/3166
f 3174/2628/3167 3175/2629/3168 3169/2624/3163
f 3175/2629/3168 3176/2630/3169 3167/2621/3160
f 3167/2621/3160 3169/2624/3163 3175/2629/3168
f 3177/2631/3170 3171/2625/3164 3170/2622/3161
f 3176/2630/3169 3178/2632/3171 3167/2621/3160
f 3172/2626/3165 3171/2625/3164 3179/2633/3172
f 3179/2633/3172 3180/2634/3173 3172/2626/3165
f 3171/2625/3164 3177/2631/3170 3181/2635/3174
f 3181/2635/3174 3179/2633/3172 3171/2625/3164
f 3180/2634/3173 3182/2636/3175 3173/2627/3166
f 3173/2627/3166 3172/2626/3165 3180/2634/3173
f 3177/2631/3170 3178/2632/3171 3183/2637/3176
f 3183/2637/3176 3181/2635/3174 3177/2631/3170
f 3182/2636/3175 3184/2638/3177 3174/2628/3167
f 3174/2628/3167 3173/2627/3166 3182/2636/3175
f 3176/2630/3169 3185/2639/3178 3183/2637/3176
f 3183/2637/3176 3178/2632/3171 3176/2630/3169
f 3177/2631/3170 3170/2622/3161 3167/2621/3160
f 3167/2621/3160 3178/2632/3171 3177/2631/3170
f 3175/2629/3168 3186/2640/3179 3185/2639/3178
f 3185/2639/3178 3176/2630/3169 3175/2629/3168
f 3187/2641/3180 3188/2642/3181 3174/2628/3167
f 3174/2628/3167 3184/2638/3177 3187/2641/3180
f 3188/2642/3181 3189/2643/3182 3175/2629/3168
f 3175/2629/3168 3174/2628/3167 3188/2642/3181
f 3189/2643/3182 3190/2644/3183 3186/2640/3179
f 3186/2640/3179 3175/2629/3168 3189/2643/3182
f 3589/2645/3184 3192/2646/3185 3191/2647/3186
f 3191/2647/3186 3590/2648/3187 3591/2645/3187
f 3592/2649/3188 3192/2646/3189 3593/2645/3188
f 3594/2649/3190 3595/2650/3190 3193/2651/3191
f 3193/2651/3192 3192/2646/3185 3596/2649/3193
f 3597/2652/3194 3193/2651/3195 3598/2650/3194
f 3599/2653/3196 3194/2654/3197 3193/2651/3198
f 3193/2651/3191 3600/2652/3199 3601/2653/3199
f 3194/2654/3200 3196/2655/3201 3195/2656/3202
f 3195/2656/3202 3191/2647/3203 3194/2654/3200
f 3602/2653/3204 3196/2655/3201 3194/2654/3200
f 3603/2648/3205 3195/2656/3202 3604/2657/3205
f 3195/2656/3202 3196/2655/3201 3605/2658/3206
f 3606/2658/3207 3607/2657/3207 3195/2656/3208
f 3197/2659/3209 3191/2647/3203 3195/2656/3202
f 3197/2659/3209 3608/2648/3210 3191/2647/3203
f 3609/2648/3211 3197/2659/3209 3195/2656/3202
f 3196/2655/3212 3610/2653/3213 3611/2660/3213
f 3612/2661/3214 3613/2658/3214 3196/2655/3201
f 3196/2655/3212 3614/2660/3215 3615/2661/3215
f 3198/2662/3216 3199/2663/3217 3190/2644/3183
f 3190/2644/3183 3189/2643/3182 3198/2662/3216
f 3188/2642/3181 3198/2662/3216 3189/2643/3182
f 3616/2661/3218 3617/2660/3218 3618/2664/3218
f 3835/2646/3219 3836/2651/3220 3837/2654/3221
f 3837/2654/3221 3838/2647/3222 3835/2646/3219
f 3218/2665/3223 3219/2666/3223 3217/2667/3223
f 3215/2668/3224 3222/2669/3225 3269/2670/3226
f 3269/2670/3226 3216/2671/3227 3215/2668/3224
f 3839/2667/3228 3235/2672/3229 3222/2669/3225
f 3222/2669/3225 3215/2668/3224 3839/2667/3228
f 3840/2666/3230 3223/2673/3231 3235/2672/3229
f 3235/2672/3229 3839/2667/3228 3840/2666/3230
f 3220/2674/3232 3223/2673/3231 3840/2666/3230
f 3221/2675/3233 3224/2676/3234 3223/2673/3231
f 3223/2673/3231 3220/2674/3232 3221/2675/3233
f 3269/2670/3226 3224/2676/3234 3221/2675/3233
f 3221/2675/3233 3216/2671/3227 3269/2670/3226
f 3230/2677/3235 3226/2678/3236 3225/2679/3237
f 3225/2679/3237 3227/2680/3237 3230/2677/3235
f 3841/2680/3238 3842/2679/3239 3202/2681/3238
f 3202/2681/3238 3228/2682/3240 3841/2680/3238
f 3619/2683/3241 3620/2684/3241 3203/2685/3242
f 3203/2685/3242 3231/2686/3243 3621/2683/3244
f 3232/2687/3245 3204/2688/3246 3226/2678/3236
f 3226/2678/3236 3230/2677/3235 3232/2687/3245
f 3231/2686/3243 3203/2685/3242 3205/2689/3247
f 3205/2689/3247 3233/2690/3248 3231/2686/3243
f 3229/2691/3249 3206/2692/3250 3204/2688/3246
f 3204/2688/3246 3232/2687/3245 3229/2691/3249
f 3233/2690/3248 3205/2689/3247 3207/2693/3251
f 3207/2693/3251 3234/2694/3252 3233/2690/3248
f 3622/2695/3253 3214/2696/3254 3206/2692/3250
f 3206/2692/3250 3229/2691/3249 3623/2695/3255
f 3234/2694/3252 3207/2693/3251 3208/2697/3256
f 3208/2697/3256 3624/2698/3257 3234/2694/3252
f 3625/2698/3258 3208/2697/3259 3209/2699/3260
f 3209/2699/3260 3626/2700/3261 3627/2698/3261
f 3628/2701/3262 3210/2702/3263 3214/2696/3254
f 3214/2696/3254 3629/2695/3264 3630/2701/3264
f 3631/2700/3265 3209/2699/3266 3211/2703/3267
f 3211/2703/3268 3632/2704/3269 3633/2700/3269
f 3634/2705/3270 3212/2706/3271 3210/2702/3272
f 3210/2702/3263 3635/2701/3273 3636/2705/3273
f 3637/2704/3274 3211/2703/3275 3213/2707/3276
f 3213/2707/3277 3638/2708/3278 3639/2704/3278
f 3640/2709/3279 3641/2710/3279 3212/2706/3271
f 3212/2706/3271 3642/2705/3280 3643/2709/3280
f 3644/2711/3281 3645/2712/3281 3646/2713/3281
f 3647/2713/3282 3648/2714/3282 3649/2711/3282
f 3650/2715/3283 3651/2711/3283 3652/2714/3283
f 3653/2714/3284 3654/2716/3284 3655/2715/3284
f 3656/2717/3285 3657/2715/3285 3658/2716/3285
f 3659/2716/3286 3660/2718/3286 3661/2717/3286
f 3843/2675/3287 3662/2717/3288 3663/2718/3288
f 3664/2718/3289 3844/2671/3289 3843/2675/3289
f 3237/2719/3290 3239/2720/3291 3236/2721/3292
f 3236/2721/3292 3238/2722/3293 3237/2719/3290
f 3240/2723/3294 3239/2720/3291 3237/2719/3290
f 3237/2719/3290 3241/2724/3295 3240/2723/3294
f 3241/2724/3295 3237/2719/3290 3242/2725/3296
f 3238/2722/3293 3243/2726/3297 3242/2725/3296
f 3242/2725/3296 3237/2719/3290 3238/2722/3293
f 3244/2727/3298 3243/2726/3297 3238/2722/3293
f 3236/2721/3292 3245/2728/3299 3244/2727/3298
f 3244/2727/3298 3238/2722/3293 3236/2721/3292
f 3240/2723/3294 3246/2729/3300 3239/2720/3291
f 3247/2730/3301 3245/2728/3299 3236/2721/3292
f 3248/2731/3302 3240/2723/3294 3241/2724/3295
f 3241/2724/3295 3249/2732/3303 3248/2731/3302
f 3250/2733/3304 3246/2729/3300 3240/2723/3294
f 3240/2723/3294 3248/2731/3302 3250/2733/3304
f 3242/2725/3296 3251/2734/3305 3249/2732/3303
f 3249/2732/3303 3241/2724/3295 3242/2725/3296
f 3252/2735/3306 3247/2730/3301 3246/2729/3300
f 3246/2729/3300 3250/2733/3304 3252/2735/3306
f 3243/2726/3297 3253/2736/3307 3251/2734/3305
f 3251/2734/3305 3242/2725/3296 3243/2726/3297
f 3252/2735/3306 3254/2737/3308 3245/2728/3299
f 3245/2728/3299 3247/2730/3301 3252/2735/3306
f 3236/2721/3292 3239/2720/3291 3246/2729/3300
f 3246/2729/3300 3247/2730/3301 3236/2721/3292
f 3254/2737/3308 3255/2738/3309 3244/2727/3298
f 3244/2727/3298 3245/2728/3299 3254/2737/3308
f 3243/2726/3297 3257/2739/3310 3256/2740/3311
f 3256/2740/3311 3253/2736/3307 3243/2726/3297
f 3244/2727/3298 3258/2741/3312 3257/2739/3310
f 3257/2739/3310 3243/2726/3297 3244/2727/3298
f 3255/2738/3309 3259/2742/3313 3258/2741/3312
f 3258/2741/3312 3244/2727/3298 3255/2738/3309
f 3260/2743/3314 3261/2744/3315 3665/2745/3316
f 3666/2745/3317 3667/2746/3317 3260/2743/3318
f 3261/2744/3319 3668/2747/3320 3669/2745/3320
f 3262/2748/3321 3670/2749/3322 3671/2747/3322
f 3672/2747/3323 3261/2744/3315 3262/2748/3321
f 3262/2748/3321 3673/2750/3324 3674/2749/3324
f 3262/2748/3321 3263/2751/3325 3675/2752/3326
f 3676/2752/3327 3677/2750/3327 3262/2748/3321
f 3264/2753/3328 3265/2754/3329 3263/2751/3330
f 3263/2751/3330 3260/2743/3314 3264/2753/3328
f 3265/2754/3329 3678/2752/3331 3263/2751/3330
f 3264/2753/3332 3679/2746/3333 3680/2755/3333
f 3681/2756/3334 3265/2754/3329 3264/2753/3328
f 3264/2753/3335 3682/2755/3336 3683/2756/3336
f 3260/2743/3314 3266/2757/3337 3264/2753/3328
f 3684/2746/3338 3266/2757/3337 3260/2743/3314
f 3266/2757/3337 3685/2746/3339 3264/2753/3328
f 3686/2752/3340 3265/2754/3341 3687/2758/3340
f 3265/2754/3329 3688/2756/3342 3689/2759/3342
f 3690/2759/3343 3691/2758/3343 3265/2754/3344
f 3259/2742/3313 3268/2760/3345 3267/2761/3346
f 3267/2761/3346 3258/2741/3312 3259/2742/3313
f 3267/2761/3346 3257/2739/3310 3258/2741/3312
f 3692/2758/3347 3693/2759/3347 3694/2762/3347
f 3846/2751/3348 3847/2748/3349 3848/2744/3350
f 3848/2744/3350 3849/2743/3351 3846/2751/3348
